UID,test,composite_ID,TSVR_hours,z_theta_accuracy,z_theta_confidence,Calibration,Classification
A010,T1,A010_T1,1.0,2.8830530689398013,1.1420481607901405,-1.741004908149661,Underconfident
A010,T2,A010_T2,21.9,0.5052076791127328,0.3442053613034002,-0.1610023178093325,Underconfident
A010,T3,A010_T3,80.88,-0.0737834670742148,-0.1238366901414184,-0.0500532230672036,Calibrated
A010,T4,A010_T4,145.31,0.7727444288214043,-0.1242988264521204,-0.8970432552735247,Underconfident
A011,T1,A011_T1,1.0,1.0482891983446905,1.7715091586109284,0.7232199602662381,Overconfident
A011,T2,A011_T2,24.57,0.4176078205403924,0.0755792336972599,-0.3420285868431325,Underconfident
A011,T3,A011_T3,72.55,-0.6662658366531093,0.1640822116564549,0.8303480483095642,Overconfident
A011,T4,A011_T4,148.85,-0.521569730597497,-1.582287304356432,-1.060717573758935,Underconfident
A012,T1,A012_T1,1.0,1.594072102094145,1.2492239993754837,-0.3448481027186614,Underconfident
A012,T2,A012_T2,25.6,-0.4029554014860417,-0.2364666346798482,0.1664887668061935,Overconfident
A012,T3,A012_T3,166.33,0.9038484955309776,0.4491638985988264,-0.4546845969321513,Underconfident
A012,T4,A012_T4,166.87,-0.6172554058077001,-0.4127386175628068,0.2045167882448933,Overconfident
A013,T1,A013_T1,1.0,0.266702894513269,0.257429952917311,-0.009272941595958,Calibrated
A013,T2,A013_T2,24.77,-0.6177281295600757,-0.3927668529679335,0.2249612765921421,Overconfident
A013,T3,A013_T3,79.66,0.1623305005956566,0.1236848502220527,-0.0386456503736038,Calibrated
A013,T4,A013_T4,147.13,-0.5369127916885822,-0.9039686284527222,-0.36705583676414,Underconfident
A014,T1,A014_T1,1.0,1.0178701001989596,1.1580567809504674,0.1401866807515077,Overconfident
A014,T2,A014_T2,25.66,1.8315451042066309,0.9374382171226828,-0.8941068870839479,Underconfident
A014,T3,A014_T3,70.56,0.3864242817416044,0.3640246919282288,-0.0223995898133756,Calibrated
A014,T4,A014_T4,148.87,-0.6480304900979368,-0.7393533568441725,-0.0913228667462356,Calibrated
A015,T1,A015_T1,1.0,1.8903724899059136,1.870298931389004,-0.0200735585169096,Calibrated
A015,T2,A015_T2,23.69,2.0623836601818533,0.6972638090665465,-1.3651198511153066,Underconfident
A015,T3,A015_T3,70.59,1.8428554106082893,1.129827490088772,-0.7130279205195176,Underconfident
A015,T4,A015_T4,146.54,0.7862634912726506,0.25484227640306,-0.5314212148695906,Underconfident
A016,T1,A016_T1,1.0,1.462292609805827,0.744764593505037,-0.7175280163007901,Underconfident
A016,T2,A016_T2,32.85,0.2459236638719787,-0.6663816655998047,-0.9123053294717834,Underconfident
A016,T3,A016_T3,80.64,-0.0735273530252834,-0.3307463512194715,-0.2572189981941881,Underconfident
A016,T4,A016_T4,150.8,-1.1809670662895544,-1.4672477696672377,-0.2862807033776833,Underconfident
A017,T1,A017_T1,1.0,-0.1343181826615878,1.0715804808597726,1.2058986635213604,Overconfident
A017,T2,A017_T2,20.61,1.302041323434086,2.1290997528160767,0.8270584293819907,Overconfident
A017,T3,A017_T3,61.28,0.1911471367252667,2.031875446839928,1.840728310114661,Overconfident
A017,T4,A017_T4,140.49,0.0358505779071373,1.4459477662825186,1.4100971883753814,Overconfident
A018,T1,A018_T1,1.0,0.3578203792455004,1.168997307007801,0.8111769277623007,Overconfident
A018,T2,A018_T2,34.03,-0.1163811737879426,0.6803370691582649,0.7967182429462075,Overconfident
A018,T3,A018_T3,83.64,-0.7205481145647604,0.3426134787816272,1.0631615933463876,Overconfident
A018,T4,A018_T4,150.87,0.0100093005623652,-0.0712433620238586,-0.0812526625862239,Calibrated
A019,T1,A019_T1,1.0,-0.4751806204909757,-3.177920765823314,-2.702740145332338,Underconfident
A019,T2,A019_T2,28.69,-1.3136940188000008,-3.0150553621713487,-1.701361343371348,Underconfident
A019,T3,A019_T3,83.68,-1.268839234929762,-3.721058730243168,-2.4522194953134058,Underconfident
A019,T4,A019_T4,154.76,-1.7574229883717305,-0.8097172475145109,0.9477057408572194,Overconfident
A020,T1,A020_T1,1.0,-0.0455402753118284,0.9971995040222412,1.0427397793340696,Overconfident
A020,T2,A020_T2,26.85,-0.4442365526870606,0.6664683536165698,1.1107049063036305,Overconfident
A020,T3,A020_T3,78.25,-0.978726469997549,-0.982588009852802,-0.003861539855253,Calibrated
A020,T4,A020_T4,145.78,-2.4263735493817697,-1.4542888004141412,0.9720847489676284,Overconfident
A021,T1,A021_T1,1.0,1.440740432132249,0.7357751528709677,-0.7049652792612813,Underconfident
A021,T2,A021_T2,30.21,0.6805974603373044,0.4995571349672447,-0.1810403253700597,Underconfident
A021,T3,A021_T3,74.19,0.3930811008215013,0.0650336480958514,-0.3280474527256499,Underconfident
A021,T4,A021_T4,140.39,0.8093923681799229,1.2391760794592823,0.4297837112793594,Overconfident
A022,T1,A022_T1,1.0,0.1015957685706258,-0.4187350784924697,-0.5203308470630956,Underconfident
A022,T2,A022_T2,24.15,0.4853615442474484,-2.2436138718542358,-2.728975416101684,Underconfident
A022,T3,A022_T3,74.46,-0.1255436882900399,-0.4688815291209171,-0.3433378408308771,Underconfident
A022,T4,A022_T4,141.71,-0.0005845956143972,-0.9592147240089192,-0.958630128394522,Underconfident
A023,T1,A023_T1,1.0,0.9269864826326936,0.329993449583624,-0.5969930330490696,Underconfident
A023,T2,A023_T2,25.63,-0.5175887133379102,0.5517852229653802,1.0693739363032906,Overconfident
A023,T3,A023_T3,72.2,0.1315943994630388,0.1419791472133372,0.0103847477502984,Calibrated
A023,T4,A023_T4,145.07,-0.0016013159838502,0.5467206216589685,0.5483219376428188,Overconfident
A024,T1,A024_T1,1.0,0.3467226475786075,0.2943094899158473,-0.0524131576627602,Calibrated
A024,T2,A024_T2,29.57,0.1027186847817873,-0.0240180921555049,-0.1267367769372923,Underconfident
A024,T3,A024_T3,91.47,0.1554620178004383,0.0104598580539716,-0.1450021597464666,Underconfident
A024,T4,A024_T4,145.65,-0.8223248763731659,-0.1059146882560323,0.7164101881171335,Overconfident
A025,T1,A025_T1,1.0,1.0519005323883577,1.033028935198001,-0.0188715971903561,Calibrated
A025,T2,A025_T2,23.33,1.7720035216359715,0.0997063621942168,-1.6722971594417546,Underconfident
A025,T3,A025_T3,72.94,-0.1674553285060481,-1.507874314072081,-1.340418985566033,Underconfident
A025,T4,A025_T4,137.74,-1.2129578318755363,-1.0232973636070772,0.189660468268459,Overconfident
A026,T1,A026_T1,1.0,1.1130604032896705,0.6266487608777335,-0.486411642411937,Underconfident
A026,T2,A026_T2,26.48,0.0596504863133225,0.2163018336708214,0.1566513473574989,Overconfident
A026,T3,A026_T3,75.46,0.8152113883549932,0.2495940603994987,-0.5656173279554945,Underconfident
A026,T4,A026_T4,147.65,-0.2900753571480824,0.6270804797877361,0.9171558369358186,Overconfident
A027,T1,A027_T1,1.0,1.0284185401071535,0.9760111590549084,-0.0524073810522454,Calibrated
A027,T2,A027_T2,28.26,0.3469864830469922,0.5924290925665148,0.2454426095195225,Overconfident
A027,T3,A027_T3,74.58,-0.7514633475439367,-0.7819565696724113,-0.0304932221284746,Calibrated
A027,T4,A027_T4,145.92,-0.8953637416744017,-1.0689560795116546,-0.1735923378372529,Underconfident
A028,T1,A028_T1,1.0,1.6577348823930786,1.741092521237951,0.0833576388448724,Calibrated
A028,T2,A028_T2,22.82,-0.2124410661247883,0.7643104682279127,0.9767515343527012,Overconfident
A028,T3,A028_T3,72.26,-0.1109790721276567,0.324340763109622,0.4353198352372788,Overconfident
A028,T4,A028_T4,138.91,-0.815653565728154,-0.4482225163190634,0.3674310494090905,Overconfident
A029,T1,A029_T1,1.0,1.796097973221766,1.828801847915476,0.0327038746937098,Calibrated
A029,T2,A029_T2,28.43,0.3537996373008401,0.7285700455372408,0.3747704082364007,Overconfident
A029,T3,A029_T3,93.26,1.3518095741517069,0.8951426017047107,-0.4566669724469961,Underconfident
A029,T4,A029_T4,143.14,0.8073366845834855,-0.1068159916919651,-0.9141526762754506,Underconfident
A030,T1,A030_T1,1.0,0.3470643963959833,0.1568332477510731,-0.1902311486449101,Underconfident
A030,T2,A030_T2,32.95,1.2692036275623348,0.7232014321415577,-0.5460021954207771,Underconfident
A030,T3,A030_T3,71.93,-0.1428643183568339,0.0624118532043899,0.2052761715612238,Overconfident
A030,T4,A030_T4,150.46,0.3451153338542833,-0.2089106671010105,-0.5540260009552939,Underconfident
A031,T1,A031_T1,1.0,2.383024051099418,2.072710749451091,-0.310313301648327,Underconfident
A031,T2,A031_T2,32.41,0.0131981302708643,0.7789664277356936,0.7657682974648292,Overconfident
A031,T3,A031_T3,71.56,-0.0515868014066274,-0.2125700076262137,-0.1609832062195862,Underconfident
A031,T4,A031_T4,143.85,-0.6150547641871168,-1.585319791985093,-0.9702650277979762,Underconfident
A032,T1,A032_T1,1.0,0.8480359485975465,0.6701732624150641,-0.1778626861824823,Underconfident
A032,T2,A032_T2,57.18,-0.1362803808324854,0.3575120372997009,0.4937924181321863,Overconfident
A032,T3,A032_T3,80.16,0.6905854114222335,-0.0390960786410503,-0.7296814900632839,Underconfident
A032,T4,A032_T4,144.51,1.638624660560344,-0.4138393805015767,-2.0524640410619206,Underconfident
A033,T1,A033_T1,1.0,0.4528806713869024,0.7349716246082337,0.2820909532213313,Overconfident
A033,T2,A033_T2,29.16,0.5337746005753456,-0.0755315447204789,-0.6093061452958246,Underconfident
A033,T3,A033_T3,72.6,1.016447320878364,0.9424663175482554,-0.0739810033301086,Calibrated
A033,T4,A033_T4,168.33,-0.4395340398072934,-0.0428443813891358,0.3966896584181575,Overconfident
A034,T1,A034_T1,1.0,2.1501389852816977,1.627278437699291,-0.5228605475824066,Underconfident
A034,T2,A034_T2,26.08,0.6896176439410955,1.7115548565338832,1.0219372125927877,Overconfident
A034,T3,A034_T3,74.28,-0.1133398518987086,1.0211395250254662,1.134479376924175,Overconfident
A034,T4,A034_T4,145.38,-0.1709805076527278,-0.2958355949381422,-0.1248550872854144,Underconfident
A035,T1,A035_T1,1.0,-0.0751814423014505,0.4839945287386935,0.559175971040144,Overconfident
A035,T2,A035_T2,44.76,0.7800844912980682,0.4985273613841756,-0.2815571299138926,Underconfident
A035,T3,A035_T3,79.98,-0.53215469602946,-0.4242406511501612,0.1079140448792987,Overconfident
A035,T4,A035_T4,152.47,-1.0548746022893687,-0.8479093358326562,0.2069652664567125,Overconfident
A036,T1,A036_T1,1.0,1.4006049408487524,-1.4632722269613798,-2.8638771678101325,Underconfident
A036,T2,A036_T2,21.63,-0.1680186245403916,-0.912638859862722,-0.7446202353223305,Underconfident
A036,T3,A036_T3,71.47,-0.4275240492858718,-1.8750255252424533,-1.4475014759565816,Underconfident
A036,T4,A036_T4,143.85,-1.0765663566164214,-2.1451396767170285,-1.0685733201006071,Underconfident
A037,T1,A037_T1,1.0,1.2435801463649347,1.2622703348053423,0.0186901884404075,Calibrated
A037,T2,A037_T2,23.7,1.319950270790195,1.0381761376739167,-0.2817741331162782,Underconfident
A037,T3,A037_T3,72.08,0.3045347566059729,-0.1174798928862081,-0.422014649492181,Underconfident
A037,T4,A037_T4,143.66,-0.1824129436261767,-0.3770822533011402,-0.1946693096749635,Underconfident
A038,T1,A038_T1,1.0,1.2709227000673329,0.8929357325423334,-0.3779869675249995,Underconfident
A038,T2,A038_T2,71.85,-0.1850526224661933,0.4265916891207392,0.6116443115869326,Overconfident
A038,T3,A038_T3,72.86,1.0176032562477586,0.5303878422184883,-0.4872154140292702,Underconfident
A038,T4,A038_T4,152.89,-0.0250506037263266,0.909473268508282,0.9345238722346086,Overconfident
A039,T1,A039_T1,1.0,2.2971283709234847,1.79046648554415,-0.5066618853793345,Underconfident
A039,T2,A039_T2,28.65,1.3734253113214028,1.7406203321498013,0.3671950208283985,Overconfident
A039,T3,A039_T3,98.84,0.5948059118025113,1.13392312948241,0.5391172176798986,Overconfident
A039,T4,A039_T4,246.24,0.7594293923526958,0.2580659194685115,-0.5013634728841843,Underconfident
A040,T1,A040_T1,1.0,-0.5435394729740699,0.0798908713325184,0.6234303443065884,Overconfident
A040,T2,A040_T2,26.26,0.143583521283235,0.4322084529914816,0.2886249317082466,Overconfident
A040,T3,A040_T3,71.28,-1.7892607874370556,-0.2277765567833082,1.5614842306537473,Overconfident
A040,T4,A040_T4,143.53,-1.7141541198621224,0.3825000591953116,2.0966541790574342,Overconfident
A041,T1,A041_T1,1.0,1.2607230958603317,1.4896638021441104,0.2289407062837787,Overconfident
A041,T2,A041_T2,31.78,-1.2498242464087106,0.760624665720656,2.0104489121293665,Overconfident
A041,T3,A041_T3,75.74,0.297735076965302,0.7986851611927338,0.5009500842274317,Overconfident
A041,T4,A041_T4,141.84,0.130167774792928,0.1174756756674228,-0.0126920991255052,Calibrated
A042,T1,A042_T1,1.0,-0.939411849606413,-0.3805803469059819,0.5588315027004311,Overconfident
A042,T2,A042_T2,28.93,-1.0579366022013394,-1.1778825262488843,-0.1199459240475449,Underconfident
A042,T3,A042_T3,72.17,-0.188113955003455,-0.4964275040631754,-0.3083135490597204,Underconfident
A042,T4,A042_T4,146.02,-1.3420256641944843,-0.3221374172329344,1.01988824696155,Overconfident
A043,T1,A043_T1,1.0,1.089811081137255,2.158078005668073,1.0682669245308178,Overconfident
A043,T2,A043_T2,25.62,0.5938296379421426,1.8486726683760129,1.2548430304338702,Overconfident
A043,T3,A043_T3,64.94,0.5962784052423202,1.0604697792762452,0.4641913740339249,Overconfident
A043,T4,A043_T4,149.33,-0.3954062706401479,0.1711083767758772,0.5665146474160252,Overconfident
A044,T1,A044_T1,1.0,-0.1006403785566512,-1.010918753733104,-0.9102783751764528,Underconfident
A044,T2,A044_T2,47.66,-0.4020322633644277,-0.7692469537117398,-0.3672146903473121,Underconfident
A044,T3,A044_T3,91.63,-1.3922429627521775,-1.283548181368935,0.1086947813832428,Overconfident
A044,T4,A044_T4,155.27,-1.9103321995494305,-2.1576170564016377,-0.2472848568522072,Underconfident
A045,T1,A045_T1,1.0,-0.961819749962723,-0.5540264954362101,0.4077932545265129,Overconfident
A045,T2,A045_T2,24.66,-1.081042640063007,-0.0565551114960194,1.0244875285669877,Overconfident
A045,T3,A045_T3,72.23,-1.1974849081406334,-0.9674988973066206,0.2299860108340127,Overconfident
A045,T4,A045_T4,151.52,-1.3282016856538623,-0.0895967358526991,1.238604949801163,Overconfident
A046,T1,A046_T1,1.0,-0.8209402327502409,-0.0650271093516516,0.7559131233985893,Overconfident
A046,T2,A046_T2,24.32,-1.3873262119974958,-0.8497065300263741,0.5376196819711218,Overconfident
A046,T3,A046_T3,73.05,-1.7271527783456555,-1.9250213229958024,-0.1978685446501467,Underconfident
A046,T4,A046_T4,147.94,-1.2296037461112923,-2.1620725694987595,-0.932468823387467,Underconfident
A047,T1,A047_T1,1.0,-0.7974739608510768,0.1267842098700459,0.9242581707211228,Overconfident
A047,T2,A047_T2,23.46,-0.5516529485859933,-0.3914359818145953,0.160216966771398,Overconfident
A047,T3,A047_T3,76.85,-1.3232231762554534,-1.7371703956073712,-0.4139472193519178,Underconfident
A047,T4,A047_T4,144.22,-1.701687666226082,-2.4418215193865005,-0.7401338531604185,Underconfident
A048,T1,A048_T1,1.0,1.1337538921706978,0.7754323421342828,-0.3583215500364149,Underconfident
A048,T2,A048_T2,23.91,-0.0703076153931472,0.3804777068431086,0.4507853222362559,Overconfident
A048,T3,A048_T3,81.15,0.1447536304202639,0.1832588445790534,0.0385052141587894,Calibrated
A048,T4,A048_T4,146.3,0.095300878448122,0.0358652113133984,-0.0594356671347235,Calibrated
A049,T1,A049_T1,1.0,2.2191979668010275,1.498609654527322,-0.7205883122737056,Underconfident
A049,T2,A049_T2,27.12,-0.5702145460347382,0.2835768893451197,0.8537914353798579,Overconfident
A049,T3,A049_T3,111.38,0.3940147368532242,0.901118915443492,0.5071041785902677,Overconfident
A049,T4,A049_T4,168.86,0.0296733639543957,0.1834416496875912,0.1537682857331954,Overconfident
A050,T1,A050_T1,1.0,-0.4289929516141503,0.6954187797514243,1.1244117313655746,Overconfident
A050,T2,A050_T2,24.73,-0.762615560292252,0.4013248449072347,1.1639404051994866,Overconfident
A050,T3,A050_T3,93.39,-0.9876791428232136,-0.5991545838335296,0.3885245589896838,Overconfident
A050,T4,A050_T4,148.69,-1.2121901390949277,-0.4441963164972121,0.7679938225977156,Overconfident
A051,T1,A051_T1,1.0,1.6068883448238205,1.151168592861594,-0.4557197519622262,Underconfident
A051,T2,A051_T2,17.16,-0.3325452086387447,1.2465559191465323,1.5791011277852771,Overconfident
A051,T3,A051_T3,65.63,-0.6972526058451661,-0.1896017473992485,0.5076508584459176,Overconfident
A051,T4,A051_T4,146.99,-0.7692662882537709,-0.1279099386271655,0.6413563496266054,Overconfident
A052,T1,A052_T1,1.0,0.6127065434578783,0.5291626802067441,-0.0835438632511342,Calibrated
A052,T2,A052_T2,31.76,0.4006917148866397,-0.147543942853208,-0.5482356577398478,Underconfident
A052,T3,A052_T3,80.98,0.116358450953461,-0.862375666556457,-0.978734117509918,Underconfident
A052,T4,A052_T4,153.27,-0.8871381894843241,-0.3035986244808949,0.5835395650034292,Overconfident
A053,T1,A053_T1,1.0,1.4785583323223055,1.060461752783437,-0.4180965795388685,Underconfident
A053,T2,A053_T2,32.71,1.0272958039812312,-1.1451638120927858,-2.172459616074017,Underconfident
A053,T3,A053_T3,78.28,-0.4399891257994964,-1.8625095166155112,-1.422520390816015,Underconfident
A053,T4,A053_T4,148.9,-0.150076499127309,-1.5811339875512067,-1.4310574884238978,Underconfident
A054,T1,A054_T1,1.0,0.5498365407540212,1.5616577532220426,1.0118212124680213,Overconfident
A054,T2,A054_T2,16.9,1.1861153703299228,0.9329386161428744,-0.2531767541870483,Underconfident
A054,T3,A054_T3,72.83,1.2551742459167592,0.8410474867123161,-0.4141267592044431,Underconfident
A054,T4,A054_T4,136.83,1.3030692923512968,1.2261707184656208,-0.076898573885676,Calibrated
A055,T1,A055_T1,1.0,0.2957569359541282,0.9726414893349964,0.6768845533808683,Overconfident
A055,T2,A055_T2,23.24,0.9095058203479244,-0.7026136473644404,-1.6121194677123647,Underconfident
A055,T3,A055_T3,74.48,-0.1334671697375182,-0.4797763481183404,-0.3463091783808221,Underconfident
A055,T4,A055_T4,149.21,-0.6634023436407634,-1.4525770987778257,-0.7891747551370623,Underconfident
A056,T1,A056_T1,1.0,0.5530252888945004,-0.3197762636122568,-0.8728015525067573,Underconfident
A056,T2,A056_T2,33.61,0.5758406585871718,-0.7035761325683199,-1.2794167911554917,Underconfident
A056,T3,A056_T3,71.46,-0.4428776506600633,-0.1748579822237453,0.2680196684363179,Overconfident
A056,T4,A056_T4,147.84,-1.0170426766371687,-0.3769286859070387,0.6401139907301301,Overconfident
A057,T1,A057_T1,1.0,0.5174758271208859,0.3740475839907749,-0.143428243130111,Underconfident
A057,T2,A057_T2,24.78,-0.826210225997846,0.1856378322802931,1.011848058278139,Overconfident
A057,T3,A057_T3,73.83,-0.7283158900772994,0.0652939886622936,0.793609878739593,Overconfident
A057,T4,A057_T4,145.06,-1.15885016249297,0.151213777541257,1.310063940034227,Overconfident
A058,T1,A058_T1,1.0,1.0755864659061043,1.0857417817257615,0.0101553158196574,Calibrated
A058,T2,A058_T2,22.96,-0.8992812312176188,0.6039403554640435,1.5032215866816625,Overconfident
A058,T3,A058_T3,66.28,-0.1355417834705494,-0.9408928084804218,-0.8053510250098723,Underconfident
A058,T4,A058_T4,143.48,-1.1367986190448935,-0.7990758760147783,0.3377227430301153,Overconfident
A059,T1,A059_T1,1.0,1.0497068929055964,0.3017556233448499,-0.7479512695607464,Underconfident
A059,T2,A059_T2,30.4,1.309593039032822,0.3725219026863415,-0.9370711363464804,Underconfident
A059,T3,A059_T3,79.78,1.4083539027504404,-0.8091567808841336,-2.2175106836345737,Underconfident
A059,T4,A059_T4,151.93,0.400576534486425,0.1291189477708763,-0.2714575867155487,Underconfident
A060,T1,A060_T1,1.0,-0.0609515982424192,0.3041429151121359,0.3650945133545552,Overconfident
A060,T2,A060_T2,24.87,1.381233913216948,0.7615064233743902,-0.6197274898425578,Underconfident
A060,T3,A060_T3,94.68,-0.5457457290168103,0.5394648340781447,1.0852105630949551,Overconfident
A060,T4,A060_T4,143.91,0.1976966355959687,0.6373013047003085,0.4396046691043397,Overconfident
A061,T1,A061_T1,1.0,2.672582789090471,2.5999813784889225,-0.0726014106015484,Calibrated
A061,T2,A061_T2,35.16,0.9957008975303198,1.711172763092672,0.7154718655623521,Overconfident
A061,T3,A061_T3,82.55,0.2873271776962737,0.9535260613114478,0.6661988836151741,Overconfident
A061,T4,A061_T4,146.56,-0.3168386401961127,0.8899601474275283,1.206798787623641,Overconfident
A062,T1,A062_T1,1.0,1.6204818142585216,1.0150285420038927,-0.6054532722546289,Underconfident
A062,T2,A062_T2,44.69,0.1430425028522808,0.478961038766077,0.3359185359137962,Overconfident
A062,T3,A062_T3,92.72,-0.6415789046310041,-1.3387269654148386,-0.6971480607838345,Underconfident
A062,T4,A062_T4,149.18,-0.7659604211484455,-0.1294805405340005,0.636479880614445,Overconfident
A063,T1,A063_T1,1.0,0.906661670608897,-1.3627976540200035,-2.2694593246289005,Underconfident
A063,T2,A063_T2,21.98,0.7546882352992889,-3.0796936108682127,-3.834381846167501,Underconfident
A063,T3,A063_T3,69.99,0.1786761491785032,-1.1834203436644275,-1.3620964928429309,Underconfident
A063,T4,A063_T4,141.09,-0.6235082831032701,-1.031907916770838,-0.4083996336675679,Underconfident
A064,T1,A064_T1,1.0,0.8749286811526699,1.1207740456921662,0.2458453645394963,Overconfident
A064,T2,A064_T2,37.65,0.5886611174300894,0.3192024892395393,-0.2694586281905501,Underconfident
A064,T3,A064_T3,82.99,0.1802804332335124,0.2473932284550552,0.0671127952215428,Calibrated
A064,T4,A064_T4,156.21,-0.3595285346623346,-0.3356274766153526,0.023901058046982,Calibrated
A065,T1,A065_T1,1.0,-2.377899899667573,-0.3662147752676916,2.011685124399882,Overconfident
A065,T2,A065_T2,32.31,-1.0448077950562562,-1.435792476367565,-0.3909846813113087,Underconfident
A065,T3,A065_T3,106.41,-2.358857156833217,0.7917183504841059,3.150575507317323,Overconfident
A065,T4,A065_T4,187.43,-2.5229224367019976,-0.0210972120997524,2.501825224602245,Overconfident
A066,T1,A066_T1,1.0,0.4867959337693348,-0.1030132383269624,-0.5898091720962972,Underconfident
A066,T2,A066_T2,23.35,-0.4863142420866764,0.2505157654684481,0.7368300075551246,Overconfident
A066,T3,A066_T3,73.79,-0.9911288980345,-0.2144885013250782,0.7766403967094219,Overconfident
A066,T4,A066_T4,164.93,-1.3657405596559624,-1.6606635778619483,-0.2949230182059861,Underconfident
A067,T1,A067_T1,1.0,0.6954752553235585,0.3323367922548425,-0.3631384630687159,Underconfident
A067,T2,A067_T2,29.91,-1.396629627309237,-1.0740167022683167,0.3226129250409202,Overconfident
A067,T3,A067_T3,73.19,-1.569277240006302,-0.7466146727586593,0.8226625672476426,Overconfident
A067,T4,A067_T4,144.19,-1.252075100031227,0.0303578344296578,1.282432934460885,Overconfident
A068,T1,A068_T1,1.0,1.3746231959582351,1.8488848731167096,0.4742616771584744,Overconfident
A068,T2,A068_T2,30.49,0.1663598230722928,1.2171973817055943,1.0508375586333016,Overconfident
A068,T3,A068_T3,82.98,0.4375786803235585,0.7547058327733104,0.3171271524497518,Overconfident
A068,T4,A068_T4,155.59,-0.4203872288912937,0.3450584363891746,0.7654456652804683,Overconfident
A069,T1,A069_T1,1.0,-0.8400112595603694,-0.2478580322006281,0.5921532273597412,Overconfident
A069,T2,A069_T2,24.96,-1.6026934332252178,-0.5365407692881556,1.0661526639370622,Overconfident
A069,T3,A069_T3,79.75,-0.7618682807031463,-0.2689055781428225,0.4929627025603237,Overconfident
A069,T4,A069_T4,140.22,-1.8190723097661476,-0.9335780597175584,0.8854942500485891,Overconfident
A070,T1,A070_T1,1.0,0.6256291953773039,0.3105696839545065,-0.3150595114227973,Underconfident
A070,T2,A070_T2,24.25,0.0381489242444777,0.3702266958408685,0.3320777715963908,Overconfident
A070,T3,A070_T3,81.92,-0.4671047297277567,-0.8302500338862381,-0.3631453041584814,Underconfident
A070,T4,A070_T4,149.2,-1.1156370144749588,-0.8487278530502596,0.2669091614246992,Overconfident
A071,T1,A071_T1,1.0,1.1588739821588454,1.307408947854615,0.1485349656957695,Overconfident
A071,T2,A071_T2,30.92,0.4178066770172461,-0.8918130024135336,-1.3096196794307795,Underconfident
A071,T3,A071_T3,79.96,-0.9196108949496188,-1.7602829939182636,-0.8406720989686447,Underconfident
A071,T4,A071_T4,153.27,0.1483442016951993,-0.0778388260018189,-0.2261830276970183,Underconfident
A072,T1,A072_T1,1.0,1.012761717563483,1.270682423103703,0.2579207055402199,Overconfident
A072,T2,A072_T2,33.76,0.3899725647651228,1.3410071134934596,0.9510345487283368,Overconfident
A072,T3,A072_T3,83.54,-0.9454397898452224,-0.3851604209938004,0.5602793688514218,Overconfident
A072,T4,A072_T4,154.89,-0.1535120170114652,-0.0341665861083916,0.1193454309030735,Overconfident
A073,T1,A073_T1,1.0,0.920475024120418,-0.2647914801288358,-1.1852665042492538,Underconfident
A073,T2,A073_T2,66.66,-0.5222500396641933,-0.6224359004111151,-0.1001858607469218,Underconfident
A073,T3,A073_T3,66.9,-0.0265285569268522,-0.5099557297658628,-0.4834271728390105,Underconfident
A073,T4,A073_T4,140.12,1.027320973541694,-0.7209804141020301,-1.748301387643724,Underconfident
A074,T1,A074_T1,1.0,1.200219116585956,1.223488889108931,0.0232697725229749,Calibrated
A074,T2,A074_T2,29.33,-0.179961803438144,0.3537626011275591,0.5337244045657031,Overconfident
A074,T3,A074_T3,73.02,-0.9097155500505334,-0.4634807172295888,0.4462348328209446,Overconfident
A074,T4,A074_T4,147.21,-1.2171817841225343,-0.60583877872334,0.6113430053991945,Overconfident
A075,T1,A075_T1,1.0,0.5042729307898278,0.2619895559788032,-0.2422833748110246,Underconfident
A075,T2,A075_T2,28.68,0.5200239696932436,0.4563019257332921,-0.0637220439599514,Calibrated
A075,T3,A075_T3,71.37,-1.6439688640715862,-0.0734553894222477,1.5705134746493383,Overconfident
A075,T4,A075_T4,244.53,-0.6400582754661351,-0.5496604997084469,0.0903977757576882,Calibrated
A076,T1,A076_T1,1.0,-0.4243079811553115,-0.5931206967788998,-0.1688127156235882,Underconfident
A076,T2,A076_T2,27.3,-0.8200148064867665,-0.6855281124327359,0.1344866940540305,Overconfident
A076,T3,A076_T3,74.88,-1.2826440396890548,-0.8273082201820956,0.4553358195069592,Overconfident
A076,T4,A076_T4,149.28,-2.6722253880024702,-0.8795865951985734,1.792638792803897,Overconfident
A077,T1,A077_T1,1.0,1.3255399047437764,0.9882609286840942,-0.3372789760596821,Underconfident
A077,T2,A077_T2,53.88,-0.1730518162919608,0.2375250372106668,0.4105768535026276,Overconfident
A077,T3,A077_T3,78.36,0.2634617839412383,-0.709011594852232,-0.9724733787934704,Underconfident
A077,T4,A077_T4,149.75,0.6183134338146555,0.6150853836047101,-0.0032280502099454,Calibrated
A078,T1,A078_T1,1.0,0.0518294352311377,-0.7309312065159222,-0.78276064174706,Underconfident
A078,T2,A078_T2,26.17,0.0710501022816261,-0.6583975027105224,-0.7294476049921486,Underconfident
A078,T3,A078_T3,72.3,-1.1228564198414923,-0.8654715334078682,0.2573848864336243,Overconfident
A078,T4,A078_T4,140.08,-1.1397100676970602,-1.111991034380999,0.0277190333160608,Calibrated
A079,T1,A079_T1,1.0,0.5198213526128695,0.2585659213951411,-0.2612554312177284,Underconfident
A079,T2,A079_T2,26.11,-0.4319555444741931,0.9427805998473446,1.3747361443215378,Overconfident
A079,T3,A079_T3,74.0,-1.0081725887834596,0.2502713391010031,1.2584439278844628,Overconfident
A079,T4,A079_T4,194.42,-0.972604631196475,-0.2250645968515989,0.7475400343448761,Overconfident
A080,T1,A080_T1,1.0,0.3714776094480574,1.238084106339726,0.8666064968916687,Overconfident
A080,T2,A080_T2,29.03,0.3566516154511393,0.54588808699283,0.1892364715416906,Overconfident
A080,T3,A080_T3,72.87,0.3301729624199737,-0.1945489583569535,-0.5247219207769273,Underconfident
A080,T4,A080_T4,145.77,-0.8575952060263299,-1.479255356645988,-0.6216601506196582,Underconfident
A081,T1,A081_T1,1.0,0.5964632892232774,0.8736423800730206,0.2771790908497432,Overconfident
A081,T2,A081_T2,31.39,-0.2633408347720455,0.3185220184457945,0.58186285321784,Overconfident
A081,T3,A081_T3,80.13,0.983629286077412,0.2461682283610332,-0.7374610577163788,Underconfident
A081,T4,A081_T4,154.53,0.188907617879558,0.2375861033230975,0.0486784854435394,Calibrated
A082,T1,A082_T1,1.0,0.4967501877280722,0.9493887628009584,0.4526385750728861,Overconfident
A082,T2,A082_T2,27.97,1.235070695092198,0.4450508414844835,-0.7900198536077144,Underconfident
A082,T3,A082_T3,75.71,0.419097167839922,0.1559314816930765,-0.2631656861468455,Underconfident
A082,T4,A082_T4,170.25,-0.0968842771673264,-0.83719746073039,-0.7403131835630635,Underconfident
A083,T1,A083_T1,1.0,2.0205124649918744,1.4746912796104652,-0.5458211853814092,Underconfident
A083,T2,A083_T2,25.15,0.9499146174647272,0.3470002462400581,-0.6029143712246692,Underconfident
A083,T3,A083_T3,74.3,0.224946275908292,0.4523192123854445,0.2273729364771524,Overconfident
A083,T4,A083_T4,144.91,-0.0423241277318979,0.1883484506080171,0.230672578339915,Overconfident
A084,T1,A084_T1,1.0,0.3919157798331799,-1.9275328981805468,-2.319448678013727,Underconfident
A084,T2,A084_T2,27.25,-0.4373284829190103,-1.5900366865483009,-1.1527082036292906,Underconfident
A084,T3,A084_T3,91.97,0.0059855480162388,-1.2629589551054152,-1.2689445031216542,Underconfident
A084,T4,A084_T4,162.51,-0.0330257834086221,-1.492892529844717,-1.4598667464360948,Underconfident
A085,T1,A085_T1,1.0,0.3110086620492923,0.4220500820575315,0.1110414200082391,Overconfident
A085,T2,A085_T2,24.51,1.8081070103507455,1.4696941771762824,-0.3384128331744633,Underconfident
A085,T3,A085_T3,71.4,-0.164893457082529,1.0879351191927709,1.2528285762753,Overconfident
A085,T4,A085_T4,170.65,-0.5424621395148743,-0.3129489797180916,0.2295131597967827,Overconfident
A086,T1,A086_T1,1.0,0.9526222519993433,1.2807513460616045,0.3281290940622613,Overconfident
A086,T2,A086_T2,23.47,-0.3859877067079402,1.0336395269289989,1.419627233636939,Overconfident
A086,T3,A086_T3,145.29,-1.1961517477095636,-0.2079720069334203,0.9881797407761432,Overconfident
A086,T4,A086_T4,169.55,-1.220132004067333,-0.3556612094356812,0.8644707946316517,Overconfident
A087,T1,A087_T1,1.0,1.2273690850151175,1.240287714016553,0.0129186290014353,Calibrated
A087,T2,A087_T2,31.07,1.1719695688739582,0.7566609892707366,-0.4153085796032216,Underconfident
A087,T3,A087_T3,72.8,-0.2536375772634771,0.2213054151270086,0.4749429923904857,Overconfident
A087,T4,A087_T4,144.2,0.2886274037151049,0.9167275988296044,0.6281001951144995,Overconfident
A088,T1,A088_T1,1.0,2.1226649693548296,0.8743320801769396,-1.24833288917789,Underconfident
A088,T2,A088_T2,24.25,2.7473743074971537,1.0699349804407974,-1.6774393270563563,Underconfident
A088,T3,A088_T3,74.91,0.4533943804210247,-0.1522177210400631,-0.6056121014610878,Underconfident
A088,T4,A088_T4,149.93,1.251892245402226,0.8320129172959163,-0.4198793281063098,Underconfident
A089,T1,A089_T1,1.0,1.6920349763380054,1.2325477924458903,-0.4594871838921148,Underconfident
A089,T2,A089_T2,32.14,1.0183185124440703,0.5502290548669377,-0.4680894575771326,Underconfident
A089,T3,A089_T3,79.34,0.5493619314032608,-0.127398972557622,-0.6767609039608828,Underconfident
A089,T4,A089_T4,146.96,0.3798421874426432,-0.1561874809701226,-0.5360296684127659,Underconfident
A090,T1,A090_T1,1.0,0.2070517247780535,-2.4304796455576585,-2.637531370335712,Underconfident
A090,T2,A090_T2,23.54,-0.5482841152065139,-1.047204284001633,-0.4989201687951188,Underconfident
A090,T3,A090_T3,95.42,-1.656790827155912,-1.0531283908405065,0.6036624363154055,Overconfident
A090,T4,A090_T4,144.07,-1.2184826351430775,-0.2738517019386771,0.9446309332044004,Overconfident
A091,T1,A091_T1,1.0,0.6756325526710644,0.8015253136983412,0.1258927610272768,Overconfident
A091,T2,A091_T2,22.2,-0.2745212891231356,-0.1122113215118365,0.1623099676112991,Overconfident
A091,T3,A091_T3,73.64,-1.1512882773748552,-0.4322272428052787,0.7190610345695765,Overconfident
A091,T4,A091_T4,142.61,-0.8569384563461946,0.3110490066748811,1.1679874630210758,Overconfident
A092,T1,A092_T1,1.0,-0.3085955667716054,0.6257651296046407,0.934360696376246,Overconfident
A092,T2,A092_T2,22.83,-0.8401999888908417,0.1041467244187467,0.9443467133095884,Overconfident
A092,T3,A092_T3,71.31,-0.4883519595322113,-0.6319727617333606,-0.1436208022011493,Underconfident
A092,T4,A092_T4,146.16,-1.471965532800168,-1.0042579212575191,0.4677076115426488,Overconfident
A093,T1,A093_T1,1.0,0.5883870912558272,1.3148472398396347,0.7264601485838075,Overconfident
A093,T2,A093_T2,22.09,0.1950264693843144,-0.4820855261501423,-0.6771119955344567,Underconfident
A093,T3,A093_T3,70.22,0.7042494848638725,-1.4673483899661297,-2.171597874830002,Underconfident
A093,T4,A093_T4,140.95,0.538964974960814,-1.7477931234379296,-2.286758098398744,Underconfident
A094,T1,A094_T1,1.0,-0.7575012242506391,-0.2186287374856733,0.5388724867649658,Overconfident
A094,T2,A094_T2,22.98,-0.1932448059208091,-0.5038574457199424,-0.3106126397991332,Underconfident
A094,T3,A094_T3,76.21,-1.792688656995179,-1.0564805503153007,0.7362081066798782,Overconfident
A094,T4,A094_T4,149.99,-1.255306464813853,-1.1422645596185188,0.1130419051953341,Overconfident
A095,T1,A095_T1,1.0,1.625785218614586,1.277201429533168,-0.348583789081418,Underconfident
A095,T2,A095_T2,29.71,-0.2987596394081406,-0.223096047445424,0.0756635919627166,Calibrated
A095,T3,A095_T3,78.76,-0.6006681252071127,0.218833024031074,0.8195011492381866,Overconfident
A095,T4,A095_T4,148.79,-0.809584693173845,-1.008765479336826,-0.1991807861629811,Underconfident
A096,T1,A096_T1,1.0,-0.4934276408069352,0.8730628765447151,1.3664905173516504,Overconfident
A096,T2,A096_T2,24.49,-1.3411348778563943,-1.4530940789341995,-0.1119592010778052,Underconfident
A096,T3,A096_T3,71.19,-2.2613936483638555,-0.8480584389238413,1.4133352094400142,Overconfident
A096,T4,A096_T4,143.66,-1.5486401072118323,-0.4760397497084711,1.0726003575033611,Overconfident
A097,T1,A097_T1,1.0,0.2508044717316057,-0.3581116028524791,-0.6089160745840848,Underconfident
A097,T2,A097_T2,24.37,-0.5882906548656369,-0.810721923850615,-0.2224312689849781,Underconfident
A097,T3,A097_T3,70.83,0.8298920429707887,-2.082183521844392,-2.9120755648151806,Underconfident
A097,T4,A097_T4,144.85,0.0848805384670536,-0.3622603281279462,-0.4471408665949998,Underconfident
A098,T1,A098_T1,1.0,0.6299481690709979,0.7309896745867914,0.1010415055157935,Overconfident
A098,T2,A098_T2,25.77,0.3624801695506272,0.2291489409088748,-0.1333312286417524,Underconfident
A098,T3,A098_T3,78.84,1.2233536079153855,1.02555282385926,-0.1978007840561257,Underconfident
A098,T4,A098_T4,146.29,-0.7400534645983602,-0.0441404171010645,0.6959130474972957,Overconfident
A099,T1,A099_T1,1.0,1.182010486205652,0.8504307806404603,-0.3315797055651917,Underconfident
A099,T2,A099_T2,28.75,1.315826530682076,1.1546102234435407,-0.1612163072385353,Underconfident
A099,T3,A099_T3,78.57,-0.2336790586158071,0.7570251190972077,0.9907041777130148,Overconfident
A099,T4,A099_T4,143.51,0.8937194423646672,1.7259227736660372,0.83220333130137,Overconfident
A100,T1,A100_T1,1.0,-0.0805493383595757,0.1552499237374817,0.2357992620970575,Overconfident
A100,T2,A100_T2,31.14,0.8313933606420871,-0.2861056351664377,-1.1174989958085249,Underconfident
A100,T3,A100_T3,75.34,0.2753783420033667,-0.0338504533210469,-0.3092287953244137,Underconfident
A100,T4,A100_T4,146.8,0.0587569012387533,-1.953255378864756,-2.012012280103509,Underconfident
A101,T1,A101_T1,1.0,-1.103595138272985,-0.9668033450335938,0.1367917932393911,Overconfident
A101,T2,A101_T2,29.12,-0.7484568244788272,-0.973566185674262,-0.2251093611954346,Underconfident
A101,T3,A101_T3,75.21,-1.6080538292628013,-0.2683119183793625,1.3397419108834387,Overconfident
A101,T4,A101_T4,150.22,-1.2396612948444703,-0.0976216094836017,1.1420396853608688,Overconfident
A102,T1,A102_T1,1.0,-0.0533932639814874,0.3956185867982369,0.4490118507797244,Overconfident
A102,T2,A102_T2,29.13,1.127034170376143,0.0768077265878636,-1.0502264437882791,Underconfident
A102,T3,A102_T3,75.27,-0.5131361058036286,0.0082085077801533,0.5213446135837819,Overconfident
A102,T4,A102_T4,150.41,-0.5386541841699667,-0.6436250549670594,-0.1049708707970926,Underconfident
A103,T1,A103_T1,1.0,1.859114777175156,-0.9897452358029184,-2.848860012978075,Underconfident
A103,T2,A103_T2,27.26,-1.0810148857497024,-0.3329026326591645,0.7481122530905379,Overconfident
A103,T3,A103_T3,80.24,-1.8314600555594955,0.2938501062064254,2.1253101617659205,Overconfident
A103,T4,A103_T4,149.72,-1.0321139573228546,0.613394499961269,1.6455084572841236,Overconfident
A104,T1,A104_T1,1.0,1.8445896314598624,1.2949763176022435,-0.5496133138576185,Underconfident
A104,T2,A104_T2,22.6,0.0413691311575602,0.9321905562655984,0.8908214251080381,Overconfident
A104,T3,A104_T3,72.62,0.230094171363855,0.6891808532355251,0.4590866818716701,Overconfident
A104,T4,A104_T4,145.78,-1.8897350033050213,-0.2395261394370391,1.6502088638679822,Overconfident
A105,T1,A105_T1,1.0,0.6413970987336896,2.0306274544293315,1.3892303556956418,Overconfident
A105,T2,A105_T2,22.77,0.495852738236139,1.2177101149914218,0.7218573767552827,Overconfident
A105,T3,A105_T3,69.46,-0.2583412448074239,-0.0493700356976583,0.2089712091097655,Overconfident
A105,T4,A105_T4,146.2,0.3075368728793515,-0.7973904513116911,-1.104927324191043,Underconfident
A106,T1,A106_T1,1.0,1.2616882468088797,1.0806663319319525,-0.1810219148769269,Underconfident
A106,T2,A106_T2,22.64,0.1254114842234955,0.0387310856057569,-0.0866803986177386,Calibrated
A106,T3,A106_T3,66.08,0.3621312279169408,0.3464849315231144,-0.0156462963938264,Calibrated
A106,T4,A106_T4,147.13,1.06407160385944,0.695829472488624,-0.3682421313708159,Underconfident
A107,T1,A107_T1,1.0,-0.7652655675503877,0.132325612606584,0.8975911801569717,Overconfident
A107,T2,A107_T2,26.22,-1.7190559341352163,-2.5529581430338646,-0.8339022088986483,Underconfident
A107,T3,A107_T3,71.45,-1.1097277821883986,-0.793553116947414,0.3161746652409846,Overconfident
A107,T4,A107_T4,145.95,-1.33046397998568,-1.0601951741771365,0.2702688058085438,Overconfident
A108,T1,A108_T1,1.0,-0.5270413345667877,-0.1600319859763894,0.3670093485903982,Overconfident
A108,T2,A108_T2,27.61,-1.1818416449561344,-0.720159398725282,0.4616822462308524,Overconfident
A108,T3,A108_T3,68.96,-0.3861067324576701,-0.6219253044392228,-0.2358185719815527,Underconfident
A108,T4,A108_T4,152.12,-1.2071659727918072,-1.9600096609972424,-0.7528436882054352,Underconfident
A109,T1,A109_T1,1.0,-0.2749554428546172,-0.6988151732535285,-0.4238597303989112,Underconfident
A109,T2,A109_T2,24.65,-1.1712207472223664,-1.7612339135705462,-0.5900131663481798,Underconfident
A109,T3,A109_T3,71.17,-0.2522962494371564,-0.6233611676699561,-0.3710649182327997,Underconfident
A109,T4,A109_T4,149.87,-1.3796898563364297,-2.1238713212637497,-0.74418146492732,Underconfident
