UID,TEST,LocationType,theta_accuracy,TSVR_hours,theta_confidence,Z_accuracy,Z_confidence,calibration
A010,T1,Source,1.623562,1.0,0.17448673,1.912719393958561,1.0269741570135087,-0.8857452369450523
A010,T2,Source,0.09898508,21.9,-0.3037461,0.14126953608967047,0.3226870353900863,0.18141749930041584
A010,T3,Source,-0.5057274,80.88,-0.60833794,-0.5613633207343357,-0.12588131208949171,0.435482008644844
A010,T4,Source,0.5918101,145.31,-0.30186415,0.7138971288209268,0.3254585580990965,-0.3884385707218303
A011,T1,Source,0.12731029,1.0,0.1596272,0.17418141385088334,1.0050907250199819,0.8309093111690985
A011,T2,Source,-0.20856883,24.57,-0.07109696,-0.2160862148792748,0.6653063264135919,0.8813925412928667
A011,T3,Source,-0.8450841,72.55,-0.55758905,-0.9556716498817136,-0.05114409744932651,0.9045275524323871
A011,T4,Source,-0.13091515,148.85,-0.6507896,-0.12585816630105265,-0.1883993065766878,-0.06254114027563515
A012,T1,Source,1.0843484,1.0,0.31753725,1.2861915733216247,1.2376427532651166,-0.04854882005650807
A012,T2,Source,-0.13956255,25.6,-0.48179096,-0.13590582955764677,0.06048274052968288,0.19638857008732966
A012,T3,Source,1.1480632,166.33,0.19141072,1.3602236355439392,1.051897891763136,-0.30832574378080313
A012,T4,Source,-0.95036143,166.87,-0.66581273,-1.0779964134399316,-0.21052367011206968,0.867472743327862
A013,T1,Source,-0.15501398,1.0,-0.29861355,-0.1538592913464892,0.3302456734411133,0.48410496478760245
A013,T2,Source,-0.8239752,24.77,-0.6228663,-0.9311446106656348,-0.14727703443316453,0.7838675762324703
A013,T3,Source,0.5210637,79.66,-0.24238825,0.6316948479253616,0.41304792417620695,-0.21864692374915462
A013,T4,Source,-1.5770361,147.13,-1.3331907,-1.8061477717207153,-1.1933623211644928,0.6127854505562225
A014,T1,Source,0.47304404,1.0,-0.031813502,0.5758994211640064,0.7231585519963369,0.14725913083233055
A014,T2,Source,1.1207099,25.66,0.18207222,1.328441048019759,1.0381452071444737,-0.29029584087528537
A014,T3,Source,0.04152508,70.56,-0.1878528,0.07450510623515944,0.4933615553147009,0.41885644907954145
A014,T4,Source,-1.1226914,148.87,-0.5197751,-1.2782315717047241,0.004544003266619738,1.2827755749713439
A015,T1,Source,1.200968,1.0,0.44874752,1.4216952472488982,1.430874370980973,0.009179123732074856
A015,T2,Source,1.5226954,23.69,0.42993748,1.7955195846936283,1.4031730755069223,-0.392346509186706
A015,T3,Source,1.1774372,70.59,0.30549893,1.3943541326296756,1.2199140796774384,-0.1744400529522372
A015,T4,Source,-0.10652651,146.54,0.046463996,-0.09752030266501154,0.8384367811264934,0.935957083791505
A016,T1,Source,1.356192,1.0,0.16626775,1.6020544860191144,1.014870174593731,-0.5871843114253834
A016,T2,Source,1.3373035,32.85,-0.32279885,1.5801073935494496,0.2946283041304389,-1.2854790894190107
A016,T3,Source,-0.013329637,80.64,-0.54458106,0.010767829776134854,-0.03198740376268371,-0.04275523353881856
A016,T4,Source,-1.0709041,150.8,-0.9673253,-1.2180584154533403,-0.6545572176595702,0.5635011977937701
A017,T1,Source,-0.2286647,1.0,0.21982366,-0.2394361853453446,1.0937412502156685,1.333177435561013
A017,T2,Source,0.8418083,20.61,0.46172476,1.0043772417282364,1.4499857795520161,0.44560853782377974
A017,T3,Source,0.1830041,61.28,0.8226489,0.2388936566471845,1.9815139552421066,1.7426202985949222
A017,T4,Source,1.0870038,140.49,0.6389233,1.2892769591036586,1.7109437102161926,0.42166675111253404
A018,T1,Source,0.9366276,1.0,0.004606247,1.114550518855,0.7767934314617587,-0.3377570873932413
A018,T2,Source,0.34145153,34.03,-0.039483607,0.4229982916256485,0.7118628904814229,0.2888645988557744
A018,T3,Source,-0.39613545,83.64,-0.38797164,-0.4340252758614837,0.19864920399783662,0.6326744798593203
A018,T4,Source,0.23495352,150.87,-1.1772233,0.2992551847984642,-0.963671207710218,-1.2629263925086822
A019,T1,Source,-0.8907665,1.0,-1.758747,-1.0087513468950398,-1.8200734183840495,-0.8113220714890097
A019,T2,Source,-0.8944451,28.69,-1.7724334,-1.0130256182431567,-1.8402291974454463,-0.8272035792022896
A019,T3,Source,-0.5290039,83.68,-1.7526711,-0.5884089568552636,-1.8111255213476374,-1.2227165644923739
A019,T4,Source,-1.2386124,154.76,-1.7895333,-1.4129235221600807,-1.8654119925100356,-0.452488470349955
A020,T1,Source,0.35700476,1.0,-0.16867858,0.44107003776811415,0.5215991738261155,0.08052913605800138
A020,T2,Source,0.35810092,26.85,0.11688295,0.4423436976607233,0.9421418371352837,0.49979813947456037
A020,T3,Source,-0.56137884,78.25,-0.9363257,-0.6260263326066386,-0.6089045194634269,0.017121813143211706
A020,T4,Source,-1.6343551,145.78,-1.5627393,-1.8727483696119567,-1.531415488210106,0.3413328814018506
A021,T1,Source,1.2139407,1.0,0.111996144,1.4367686012198972,0.9349451030012592,-0.501823498218638
A021,T2,Source,-0.017297959,30.21,-0.0767858,0.0061569220871492475,0.6569284474859235,0.6507715253987743
A021,T3,Source,0.36036015,74.19,-0.07866058,0.44496876210312164,0.6541674839404531,0.20919872183733146
A021,T4,Source,1.0062183,140.39,0.34730133,1.1954099586161613,1.281475917606781,0.08606595899061964
A022,T1,Source,0.1581856,1.0,-0.6056523,0.21005632628964568,-0.12192620581768542,-0.3319825321073311
A022,T2,Source,0.90218073,24.15,-1.1806171,1.0745257079287476,-0.9686692117856922,-2.04319491971444
A022,T3,Source,0.64592147,74.46,-0.50528514,0.7767706889792367,0.025883174441544185,-0.7508875145376925
A022,T4,Source,0.74378496,141.71,-1.6193532,0.8904810981929966,-1.6147900249914395,-2.505271123184436
A023,T1,Source,0.8170031,1.0,-0.008607179,0.9755553650239706,0.7573341949130591,-0.21822117011091147
A023,T2,Source,0.5076978,25.63,-0.12537467,0.6161646235433147,0.5853722655415876,-0.030792358001727083
A023,T3,Source,0.6582759,72.2,-0.39015383,0.79112565722023,0.1954355218381752,-0.5956901353820547
A023,T4,Source,-0.32591987,145.07,-0.29832917,-0.3524397700208326,0.3306644760809222,0.6831042461017548
A024,T1,Source,0.31113845,1.0,-0.20211285,0.38777665042595866,0.47236096953579043,0.08458431910983177
A024,T2,Source,0.54446435,29.57,0.16492903,0.6588847375089844,1.0128986594732412,0.35401392196425685
A024,T3,Source,-0.2945651,91.47,-0.4272341,-0.31600775919122376,0.14082790189012737,0.4568356610813511
A024,T4,Source,-1.4681152,145.65,-1.0978867,-1.679589439180858,-0.8468332531653808,0.8327561860154771
A025,T1,Source,1.0412298,1.0,0.45483387,1.236090829410648,1.4398376575932548,0.2037468281826067
A025,T2,Source,1.480383,23.33,0.08867258,1.7463555877953338,0.9005968008247657,-0.8457587869705682
A025,T3,Source,0.13729797,72.94,-0.25969863,0.18578638706301878,0.3875551580179161,0.20176877095489734
A025,T4,Source,-0.3094319,137.74,-1.2874054,-0.3332819225354814,-1.1259349194328614,-0.79265299689738
A026,T1,Source,0.8561924,1.0,-0.25306702,1.0210905420322787,0.3973214417726912,-0.6237691002595875
A026,T2,Source,-0.1953155,26.48,-0.28826064,-0.20068678882421584,0.3454922661610785,0.5461790549852943
A026,T3,Source,0.7336966,75.46,-0.34990782,0.8787591419875136,0.2547052849360526,-0.624053857051461
A026,T4,Source,-0.42854974,147.65,-0.17483813,-0.47168837351182785,0.512528086548407,0.9842164600602348
A027,T1,Source,0.59530455,1.0,0.12711489,0.7179574309772981,0.9572102789468245,0.2392528479695264
A027,T2,Source,0.7602098,28.26,-0.27823544,0.9095655931120981,0.36025624472712364,-0.5493093483849745
A027,T3,Source,-0.47716057,74.58,-0.8404651,-0.5281706977322344,-0.4677318901165578,0.06043880761567655
A027,T4,Source,-0.4226555,145.92,-1.3038985,-0.4648396861984681,-1.1502240882162915,-0.6853844020178235
A028,T1,Source,1.1920228,1.0,0.13968277,1.4113015615904474,0.9757188284960233,-0.4355827330944241
A028,T2,Source,-0.37323314,22.82,-0.14180255,-0.4074144218847822,0.561179145383829,0.9685935672686112
A028,T3,Source,0.4525285,72.26,-0.52440846,0.5520618240310893,-0.0022794843175451625,-0.5543413083486345
A028,T4,Source,-1.4747403,138.91,-1.3177925,-1.6872873337897878,-1.1706855970337344,0.5166017367560534
A029,T1,Source,1.4011933,1.0,0.76609373,1.6543427933148298,1.898225909349851,0.24388311603502122
A029,T2,Source,0.22787775,28.43,0.4118755,0.2910336437293439,1.376573438035317,1.085539794305973
A029,T3,Source,1.1538624,93.26,0.08174226,1.3669618931424823,0.8903906108299691,-0.4765712823125132
A029,T4,Source,-0.056302976,143.14,-0.24477404,-0.0391641311928805,0.4095344030072442,0.4486985342001247
A030,T1,Source,0.77168596,1.0,-0.19728833,0.9229000741305308,0.4794659759068809,-0.4434340982236499
A030,T2,Source,1.0246594,32.95,0.21377146,1.2168372041328688,1.0848282558537188,-0.13200894827915
A030,T3,Source,0.54660773,71.93,-0.47402352,0.6613751924978732,0.07192174600319386,-0.5894534464946793
A030,T4,Source,1.3088306,150.46,0.2392587,1.5470239105211776,1.1223629748685662,-0.4246609356526114
A031,T1,Source,1.2707294,1.0,0.35223007,1.5027530282592094,1.2887344073843026,-0.21401862087490686
A031,T2,Source,-0.06876846,32.41,0.066912115,-0.05364813627677416,0.8685504537347148,0.922198590011489
A031,T3,Source,-0.23774107,71.56,-0.6555821,-0.24998228120678886,-0.19545715752008755,0.054525123686701316
A031,T4,Source,-1.0014096,143.85,-0.9255208,-1.1373107532444242,-0.5929922870881864,0.5443184661562378
A032,T1,Source,0.95065767,1.0,0.3556729,1.130852461499777,1.293804617287999,0.16295215578822186
A032,T2,Source,-0.558087,57.18,-0.22092295,-0.6222014488479843,0.4446595857005386,1.066861034548523
A032,T3,Source,0.03167592,80.16,-0.07842231,0.06306108340282642,0.6545183809971633,0.5914572975943369
A032,T4,Source,1.2263699,144.51,-0.18293339,1.451210446878576,0.5006063049254407,-0.9506041419531354
A033,T1,Source,0.01302593,1.0,-0.08154905,0.041391122575427666,0.6499136726280937,0.6085225500526661
A033,T2,Source,0.11565804,29.16,-0.30839193,0.1606423287869741,0.315845183402945,0.1552028546159709
A033,T3,Source,1.0797325,72.6,0.06875718,1.2808282260928492,0.8712676563953062,-0.40956056969754295
A033,T4,Source,-0.57237154,168.33,-0.2847555,-0.6387990675189548,0.35065423917218924,0.989453306691144
A034,T1,Source,1.4213097,1.0,0.4980229,1.677716618179523,1.5034415670622212,-0.17427505111730168
A034,T2,Source,1.3198788,26.08,0.47552276,1.5598611324828657,1.4703059104475884,-0.08955522203527733
A034,T3,Source,0.29753846,74.28,0.22463083,0.37197443012701936,1.1008207054727541,0.7288462753457348
A034,T4,Source,0.2194541,145.38,-0.19622636,0.28124596204566915,0.4810299249869774,0.19978396294130824
A035,T1,Source,-0.58022076,1.0,-0.3433745,-0.6479193024319834,0.26432681831644533,0.9122461207484287
A035,T2,Source,0.94498247,44.76,0.07683998,1.124258283074606,0.8831710883421633,-0.24108719473244267
A035,T3,Source,-0.67052317,79.98,-0.58164066,-0.7528442749021937,-0.08656458327692877,0.666279691625265
A035,T4,Source,-1.0736576,152.47,-1.0525974,-1.2212577864523726,-0.7801363040300826,0.44112148242229
A036,T1,Source,0.56033707,1.0,-1.515249,0.6773277082893584,-1.46147715567858,-2.1388048639679385
A036,T2,Source,0.11009441,21.63,-1.7673868,0.15417778675997354,-1.8327971368150944,-1.986974923575068
A036,T3,Source,-0.44275582,71.47,-1.5560216,-0.48819482724777585,-1.5215224208585196,-1.0333275936107438
A036,T4,Source,-1.2420775,143.85,-1.4760953,-1.4169497217056577,-1.4038160229748569,0.013133698730800836
A037,T1,Source,0.971286,1.0,0.2787043,1.1548211125840218,1.180453984815978,0.025632872231956316
A037,T2,Source,0.94823486,23.7,-0.2574504,1.1280373287414092,0.39086609640633124,-0.7371712323350779
A037,T3,Source,0.0045165215,72.08,-0.7351769,0.0315037956192559,-0.3126753597672901,-0.344179155386546
A037,T4,Source,-0.5205274,143.66,-0.8546302,-0.5785598672335831,-0.48859264429461785,0.08996722293896525
A038,T1,Source,0.71647024,1.0,-0.1395585,0.8587433378825962,0.564483927941896,-0.2942594099407002
A038,T2,Source,-0.52280927,71.85,-0.053043365,-0.5812112377444101,0.6918936154073336,1.2731048531517437
A038,T3,Source,1.3734354,72.86,-0.21951783,1.6220900893910821,0.4467288872169892,-1.175361202174093
A038,T4,Source,-0.27067098,152.89,0.08328974,-0.2882444925940211,0.8926695640230609,1.180914056617082
A039,T1,Source,1.3928413,1.0,0.73000395,1.6446383638309299,1.845076970837573,0.20043860700664307
A039,T2,Source,0.31963685,28.65,0.41058666,0.3976511862887428,1.3746753805267324,0.9770241942379896
A039,T3,Source,1.0655857,98.84,0.14971769,1.2643906514972036,0.990497121576658,-0.2738935299205456
A039,T4,Source,0.74151385,246.24,-0.43495274,0.8878422300362462,0.1294607635269008,-0.7583814665093453
A040,T1,Source,-0.46198902,1.0,-0.16564754,-0.5105424365808384,0.52606294607932,1.0366053826601584
A040,T2,Source,-0.335709,26.26,-0.172449,-0.36381404226625014,0.5160465264909015,0.8798605687571517
A040,T3,Source,-1.4675875,71.28,-0.5883464,-1.6789762893438545,-0.09644003729574857,1.5825362520481059
A040,T4,Source,-1.0677122,143.53,-0.6348135,-1.2143496548607087,-0.16487151681000048,1.049478138050708
A041,T1,Source,1.079175,1.0,0.57319,1.2801804507770835,1.6141391544691335,0.33395870369204994
A041,T2,Source,-1.0853513,31.78,-0.13804448,-1.234845033465768,0.5667136050384689,1.8015586385042368
A041,T3,Source,-0.1782166,75.74,-0.16103083,-0.18081908416637912,0.5328619134301605,0.7136809975965397
A041,T4,Source,0.9023358,141.84,0.17215323,1.07470588823048,1.0235376426313652,-0.051168245599114925
A042,T1,Source,-0.5589121,1.0,-1.0337087,-0.6231601563153174,-0.752319167021299,-0.12915901070598157
A042,T2,Source,-1.3708228,28.93,-1.7239662,-1.5665425958954937,-1.7688521972902154,-0.20230960139472165
A042,T3,Source,-0.8300745,72.17,-1.6143719,-0.9382315631023146,-1.6074541308016939,-0.6692225676993793
A042,T4,Source,-1.5882493,146.02,-1.1435481,-1.819176711937294,-0.9140781890165973,0.9050985229206966
A043,T1,Source,0.66669923,1.0,0.59257984,0.800912967086683,1.6426943136838168,0.8417813465971338
A043,T2,Source,0.21157885,25.62,0.5617119,0.27209548212552054,1.5972355094167732,1.3251400272912526
A043,T3,Source,-0.3631573,64.94,0.09755397,-0.39570701302809447,0.9136763056323194,1.3093833186604138
A043,T4,Source,-0.15410642,149.33,-0.34350193,-0.1528047712288637,0.2641391538520286,0.4169439250808923
A044,T1,Source,-0.77502024,1.0,-1.3338357,-0.8742624318812563,-1.194312204077063,-0.32004977219580677
A044,T2,Source,-0.4404797,47.66,-0.66508615,-0.48555013782764966,-0.209453645419643,0.27609649240800666
A044,T3,Source,-1.4569299,91.63,-1.8109468,-1.6665929167782882,-1.8969473688640244,-0.23035445208573613
A044,T4,Source,-1.2631737,155.27,-1.6222793,-1.4414620044257542,-1.6190992535037987,-0.17763724907804446
A045,T1,Source,-0.5580017,1.0,-0.38404018,-0.6221023363198502,0.20443901279698914,0.8265413491168394
A045,T2,Source,-0.8744425,24.66,-0.6423161,-0.9897840208778966,-0.1759204959415499,0.8138635249363467
A045,T3,Source,-0.7973534,72.23,-0.35081738,-0.900211974071468,0.253365788033793,1.153577762105261
A045,T4,Source,-0.57261163,151.52,-0.5377878,-0.6390780350087524,-0.02198306020509176,0.6170949748036606
A046,T1,Source,-0.6971506,1.0,-0.62573093,-0.7837834531556032,-0.15149573689492593,0.6322877162606773
A046,T2,Source,-1.4928403,24.32,-0.99523413,-1.7083182453868406,-0.6956581800267447,1.012660065360096
A046,T3,Source,-1.7452676,73.05,-1.7675588,-2.0016207995847806,-1.8330504389251132,0.16857036065966735
A046,T4,Source,-0.63528097,147.94,-0.8553399,-0.7118953471295059,-0.4896378100357824,0.22225753709372348
A047,T1,Source,-0.35001668,1.0,-1.007689,-0.3804385479700579,-0.7140003012535412,-0.3335617532834833
A047,T2,Source,-0.16671039,23.46,-0.56241226,-0.16744968718698,-0.05824717460085809,0.1092025125861219
A047,T3,Source,-1.3709793,76.85,-1.3289393,-1.566724437755435,-1.1871013409869717,0.3796230967684633
A047,T4,Source,-1.6715268,144.22,-1.6812772,-1.9159392390380432,-1.7059846753449268,0.20995456369311638
A048,T1,Source,1.1008136,1.0,-0.008808553,1.305322963687801,0.757037634104321,-0.54828532958348
A048,T2,Source,0.42243886,23.91,-0.018692851,0.5170998042063853,0.7424811600377287,0.22538135583134333
A048,T3,Source,-0.026019838,81.15,-0.49071383,-0.003977280465844705,0.04734214867838734,0.05131942914423204
A048,T4,Source,-0.17341782,146.3,-0.41868603,-0.17524324339545622,0.15341653077145184,0.32865977416690806
A049,T1,Source,1.1971763,1.0,0.5404597,1.41728956175152,1.565937677425261,0.14864811567374092
A049,T2,Source,-1.2098973,27.12,-0.4187739,-1.379558619972206,0.15328712579233938,1.5328457457645455
A049,T3,Source,0.85623467,111.38,0.034439206,1.0211396567633952,0.8207280329896788,-0.20041162377371646
A049,T4,Source,-0.14212708,168.86,-0.38463807,-0.1388856308680329,0.2035585081542037,0.3424441390222366
A050,T1,Source,0.004513393,1.0,-0.0103881955,0.031500160524950305,0.7547113156256858,0.7232111551007355
A050,T2,Source,-0.64157915,24.73,0.058078706,-0.7192133839694134,0.8555416099070495,1.574754993876463
A050,T3,Source,-0.91331995,93.39,-1.3177676,-1.0349568503844622,-1.1706489271352494,-0.1356920767507872
A050,T4,Source,-0.3250553,148.69,-1.1985415,-0.35143520122307226,-0.9950662370230159,-0.6436310357999436
A051,T1,Source,1.209352,1.0,0.16485643,1.4314368584549584,1.0127917424198265,-0.4186451160351319
A051,T2,Source,-0.22324474,17.16,0.16090524,-0.23313857763155665,1.006972877512356,1.2401114551439127
A051,T3,Source,-0.78436285,65.63,-0.5013564,-0.8851178796710761,0.031668977532910356,0.9167868572039864
A051,T4,Source,-0.21998222,146.99,-0.57058275,-0.22934776162583198,-0.07027974644322403,0.15906801518260794
A052,T1,Source,0.78120226,1.0,-0.14410955,0.9339573373366652,0.5577816571988683,-0.3761756801377969
A052,T2,Source,-0.19870977,31.76,-0.61099494,-0.20463068895164835,-0.12979424061460668,0.07483644833704167
A052,T3,Source,0.39233577,80.98,-0.54251736,0.4821221564390858,-0.028948220248464798,-0.5110703766875506
A052,T4,Source,-0.8431323,153.27,-0.51613855,-0.9534037972156844,0.009899502035158292,0.9633032992508427
A053,T1,Source,1.0110499,1.0,0.014833719,1.201023933890875,0.7918552933091858,-0.4091686405816892
A053,T2,Source,0.9028614,32.71,-1.8323704,1.0753165980169668,-1.9284976193535432,-3.0038142173705102
A053,T3,Source,-0.8095616,78.28,-2.127089,-0.9143970334614757,-2.3625257777359043,-1.4481287442744286
A053,T4,Source,-0.7212973,148.9,-1.9886991,-0.8118401997335343,-2.158720814507526,-1.3468806147739918
A054,T1,Source,-0.009010122,1.0,0.5543531,0.01578679873233061,1.5863983026306927,1.5706115038983621
A054,T2,Source,1.0112917,16.9,0.24080098,1.2013048882789503,1.12463427009089,-0.07667061818806031
A054,T3,Source,1.1221242,72.83,0.5224607,1.330084363946373,1.5394307897611499,0.2093464258147768
A054,T4,Source,1.0953832,136.83,0.43864214,1.299013225437158,1.4159923123964318,0.11697908695927373
A055,T1,Source,-0.104547046,1.0,-0.02007413,-0.0952203064001746,0.7404469688445625,0.8356672752447372
A055,T2,Source,0.97470355,23.24,-0.81075394,1.158792062414326,-0.42397666035432474,-1.5827687227686507
A055,T3,Source,-1.0984837,74.48,-1.3454837,-1.2501039474689248,-1.211466058597401,0.03863788887152375
A055,T4,Source,-1.8678097,149.21,-1.6561404,-2.144005996933797,-1.668966044652376,0.4750399522814208
A056,T1,Source,0.7685593,1.0,-0.09425974,0.9192671177739538,0.6311948086932451,-0.2880723090807087
A056,T2,Source,-0.08752507,33.61,-1.0433567,-0.07544198195469654,-0.7665276481693262,-0.6910856662146296
A056,T3,Source,0.2292436,71.46,-1.2179855,0.29262066420474914,-1.0237011569486216,-1.3163218211533707
A056,T4,Source,-1.4955524,147.84,-1.5301504,-1.7114695125328279,-1.4834222490636557,0.22804726346917215
A057,T1,Source,0.12942022,1.0,0.0127590895,0.17663300232082643,0.7888000140658307,0.6121670117450042
A057,T2,Source,-1.3945471,24.78,-0.72472906,-1.594108543740906,-0.29728896490020823,1.2968195788406978
A057,T3,Source,-0.56744486,73.83,-0.981297,-0.6330746160522714,-0.6751331542325275,-0.042058538180256066
A057,T4,Source,-1.7203946,145.06,-1.6090205,-1.9727201441066868,-1.5995731952694014,0.3731469488372854
A058,T1,Source,1.3013333,1.0,0.061943173,1.5383125815976095,0.8612327590070364,-0.6770798225905731
A058,T2,Source,-0.7516616,22.96,-0.76731753,-0.8471213549272574,-0.36000843765293716,0.4871129172743202
A058,T3,Source,0.24483971,66.28,-0.39766318,0.31074223385490984,0.18437660207149403,-0.1263656317834158
A058,T4,Source,-0.613019,143.48,-1.1715075,-0.686028522651813,-0.9552536251494906,-0.2692251024976776
A059,T1,Source,0.78058815,1.0,-0.25681245,0.93324378523054,0.39180559687776406,-0.5414381883527759
A059,T2,Source,0.78051406,30.4,-0.34766477,0.9331576979244501,0.25800859480743343,-0.6751491031170167
A059,T3,Source,1.2624742,79.78,-0.4188016,1.4931610734848453,0.15324633237113286,-1.3399147411137124
A059,T4,Source,0.8706269,151.93,-0.101484,1.0378624035487238,0.62055573717392,-0.41730666637480385
A060,T1,Source,-0.73423666,1.0,-0.644866,-0.8268748149977575,-0.17967569972257774,0.6471991152751797
A060,T2,Source,0.89305395,24.87,-0.09615028,1.0639210392356124,0.6284106356056007,-0.4355104036300117
A060,T3,Source,-0.4122879,94.68,-0.114304185,-0.4527932729899817,0.6016756214103708,1.0544688944003524
A060,T4,Source,0.5975928,143.91,0.22243512,0.7206162145939807,1.0975871125890957,0.37697089799511496
A061,T1,Source,1.7025199,1.0,0.70674014,2.004462853339165,1.810816667581324,-0.19364618575784087
A061,T2,Source,0.41044217,35.16,0.34549332,0.5031605043805706,1.2788132853513452,0.7756527809707746
A061,T3,Source,0.69539714,82.55,-0.16252935,0.8342578957181844,0.530655062977223,-0.30360283274096145
A061,T4,Source,-0.7289813,146.56,0.027568102,-0.8207684607673329,0.8106090496096897,1.6313775103770225
A062,T1,Source,0.62293416,1.0,0.24922419,0.7500610710530464,1.137039019312581,0.3869779482595346
A062,T2,Source,-0.07864903,44.69,-0.39694244,-0.06512865529326538,0.18543802627367367,0.25056668156693906
A062,T3,Source,-0.71697104,92.72,-0.5588065,-0.8068133935674644,-0.05293701985538635,0.753876373712078
A062,T4,Source,-0.91934156,149.18,-1.200749,-1.0419535325713092,-0.9983171928827042,0.04363633968860503
A063,T1,Source,1.103137,1.0,-0.98894,1.3080225891024195,-0.6863888985748134,-1.994411487677233
A063,T2,Source,1.1051809,21.98,-1.4651557,1.3103974554125417,-1.387705419702991,-2.6981028751155325
A063,T3,Source,0.2864874,69.99,-1.5791053,0.35913388504891297,-1.555517478515725,-1.914651363564638
A063,T4,Source,-0.9610751,141.09,-1.7509248,-1.090444935354296,-1.8085537685876045,-0.7181088332333085
A064,T1,Source,0.73301834,1.0,0.08150023,0.8779710521477446,0.8900341764713189,0.012063124323574259
A064,T2,Source,1.187793,37.65,-0.2014035,1.4063868350781155,0.4734056198366147,-0.9329812152415007
A064,T3,Source,-0.08421605,82.99,-0.4634593,-0.07159713625895735,0.08747953214681048,0.15907666840576784
A064,T4,Source,-1.2915661,156.21,-0.86327004,-1.474451952184216,-0.5013164216331307,0.9731355305510854
A065,T1,Source,-1.3585184,1.0,-0.28583542,-1.5522457589532408,0.34906385536607626,1.901309614319317
A065,T2,Source,-0.18607779,32.31,-1.6586721,-0.1899532273673534,-1.6726944455357156,-1.4827412181683621
A065,T3,Source,-1.534947,106.41,-1.6791027,-1.7572432335273722,-1.7027823181458823,0.054460915381489894
A065,T4,Source,-1.4947524,187.43,-1.5810145,-1.7105399694788146,-1.558329131936933,0.15221083754188158
A066,T1,Source,-0.03744735,1.0,-0.65797085,-0.017255235971162887,-0.19897503784164136,-0.18171980187047848
A066,T2,Source,-0.48925865,23.35,-0.46232635,-0.5422278055208571,0.08914801252789029,0.6313758180487474
A066,T3,Source,-0.78109145,73.79,-0.7121843,-0.881316745737452,-0.2788144638671932,0.6025022818702588
A066,T4,Source,-1.5672717,164.93,-1.2585001,-1.7948022339749552,-1.0833664689635336,0.7114357650114216
A067,T1,Source,0.33184186,1.0,-0.26883042,0.41183253912582257,0.37410689246414897,-0.037725646661673606
A067,T2,Source,-1.4980056,29.91,-1.6097723,-1.7143199563079599,-1.6006803611200533,0.11363959518790656
A067,T3,Source,-1.2921559,73.19,-1.6110896,-1.4751372578007873,-1.6026203312917255,-0.12748307349093824
A067,T4,Source,-1.626856,144.19,-1.3744572,-1.864034949216517,-1.2541349462987248,0.6099000029177921
A068,T1,Source,1.1554995,1.0,0.46348393,1.368864086809639,1.4525764857897003,0.08371239898006144
A068,T2,Source,-0.113646984,30.49,0.3130849,-0.10579378659999013,1.2310858366980126,1.3368796232980027
A068,T3,Source,1.1442444,82.98,0.21906394,1.3557864617756066,1.0926224206864623,-0.26316404108914426
A068,T4,Source,-0.48383042,155.59,-0.26454616,-0.5359205886557482,0.3804162651261772,0.9163368537819254
A069,T1,Source,-1.0576996,1.0,-1.0210688,-1.2027157263824408,-0.7337045545769634,0.46901117180547747
A069,T2,Source,-0.9050108,24.96,-1.6984748,-1.0253022095503932,-1.7313113518987535,-0.7060091423483603
A069,T3,Source,-0.53834414,79.75,-1.6173936,-0.5992616508737861,-1.6119041481612493,-1.0126424972874633
A069,T4,Source,-1.7287896,140.22,-1.4792693,-1.9824745365297398,-1.408490330516714,0.5739842060130258
A070,T1,Source,-0.16930422,1.0,0.087869346,-0.1704635330117194,0.8994138888070983,1.0698774218188176
A070,T2,Source,0.23320425,24.25,-0.45063603,0.29722265757584676,0.10636419114878654,-0.19085846642706022
A070,T3,Source,-0.75356513,81.92,-0.8471191,-0.849333121289265,-0.47753114732623597,0.371801973963029
A070,T4,Source,-1.1904025,149.2,-1.7073361,-1.356907050060481,-1.7443612704307825,-0.3874542203703015
A071,T1,Source,0.5082413,1.0,0.43833178,0.6167961318556351,1.4155352493565168,0.7987391175008817
A071,T2,Source,0.83159643,30.92,-0.42639652,0.992511775694502,0.1420613948047174,-0.8504503808897845
A071,T3,Source,-0.4841799,79.96,-0.97401035,-0.536326659538894,-0.6644022017908533,-0.12807554225195927
A071,T4,Source,0.43548703,153.27,-0.51238585,0.5322608489452425,0.015426053362293603,-0.5168347955829489
A072,T1,Source,1.1708913,1.0,0.40019226,1.386748262783093,1.3593676860361585,-0.027380576746934393
A072,T2,Source,1.1662811,33.76,0.20886338,1.381391538548577,1.077600191783133,-0.30379134676544406
A072,T3,Source,-0.9678977,83.54,-0.44359374,-1.0983723109046857,0.11673527787183191,1.2151075887765175
A072,T4,Source,-0.172895,154.89,-0.7566408,-0.17463576377108211,-0.3442849595302611,-0.169649195759179
A073,T1,Source,1.1209983,1.0,-0.54192835,1.3287761482907308,-0.0280807930634524,-1.356856941354183
A073,T2,Source,0.3522422,66.66,-0.66379476,0.4355362820589617,-0.20755183256000875,-0.6430881146189704
A073,T3,Source,1.3783715,66.9,-0.71545494,1.6278254862272266,-0.28363109185040053,-1.9114565780776271
A073,T4,Source,1.4486346,140.12,-0.67257667,1.709466206925286,-0.2204848344960237,-1.9299510414213097
A074,T1,Source,1.0531274,1.0,0.26932,1.249914993709935,1.1666338511470897,-0.08328114256284525
A074,T2,Source,0.28312021,29.33,-0.34384635,0.35522144995385885,0.2636319311035829,-0.09158951885027594
A074,T3,Source,-0.56265223,73.02,-0.51103044,-0.6275059211435762,0.01742214762357559,0.6449280687671518
A074,T4,Source,-0.6709876,147.21,-0.40131557,-0.7533839095029131,0.17899777594584687,0.93238168544876
A075,T1,Source,1.2248234,1.0,-0.25515464,1.4494135239622865,0.3942470315929394,-1.0551664923693471
A075,T2,Source,0.43895453,28.68,-0.23953032,0.5362898371199818,0.4172567596371711,-0.11903307748281067
A075,T3,Source,-1.422566,71.37,-1.3759944,-1.6266645110860252,-1.256398760272683,0.37026575081334223
A075,T4,Source,-0.6957722,244.53,-0.74685985,-0.782181850473538,-0.32988068468730936,0.4523011657862287
A076,T1,Source,0.15540236,1.0,-0.5924384,0.20682239952758041,-0.10246627121549647,-0.30928867074307687
A076,T2,Source,-1.0829679,27.3,-1.6846266,-1.2320756923220988,-1.7109172921315363,-0.4788415998094375
A076,T3,Source,-1.1610296,74.88,-1.0939492,-1.322777831096444,-0.8410345493386437,0.48174328175780023
A076,T4,Source,-1.1055614,149.28,-1.4926583,-1.2583277310606629,-1.4282081325576488,-0.1698804014969859
A077,T1,Source,0.5334684,1.0,0.22672701,0.6461082263280112,1.1039077218505393,0.4577994955225281
A077,T2,Source,-0.17786074,53.88,-0.44985828,-0.18040560017737758,0.10750957321894393,0.2879151733963215
A077,T3,Source,-0.0657532,78.36,-0.3103215,-0.05014461879046867,0.3130035313539401,0.36314815014440877
A077,T4,Source,-0.39172974,149.75,-0.20550269,-0.42890615445086205,0.4673687972995934,0.8962749517504555
A078,T1,Source,-0.5279406,1.0,-0.8952676,-0.5871734779435982,-0.5484388022345896,0.03873467570900857
A078,T2,Source,0.1811822,26.17,-0.8208281,0.23677673853455078,-0.43881274166052403,-0.6755894801950748
A078,T3,Source,-0.7775617,72.3,-1.2026373,-0.8772154274938223,-1.0010980671521712,-0.12388263965834889
A078,T4,Source,-1.4361522,140.08,-1.6080743,-1.642450708386571,-1.5981797391269612,0.044270969259609716
A079,T1,Source,0.019097133,1.0,-0.3214581,0.048445428298121665,0.29660280880490175,0.2481573805067801
A079,T2,Source,0.19691332,26.11,-0.059033513,0.2550551801943645,0.6830720041996332,0.4280168240052687
A079,T3,Source,-0.70234376,74.0,-0.71068835,-0.7898175354135784,-0.276611398219039,0.5132061371945393
A079,T4,Source,-0.62206274,194.42,-0.85501325,-0.6965367047759418,-0.4891567569297496,0.20737994784619218
A080,T1,Source,0.10537331,1.0,0.21134722,0.14869220461959531,1.0812581098816734,0.932565905262078
A080,T2,Source,0.5328905,29.03,-0.20075512,0.6454367476643684,0.4743604804301842,-0.17107626723418423
A080,T3,Source,0.045848988,72.87,-0.6536064,0.07952917954465055,-0.19254757043425044,-0.27207674997890097
A080,T4,Source,-0.66487795,145.77,-0.9984222,-0.7462849311029721,-0.7003532082702763,0.045931722832695865
A081,T1,Source,0.37206882,1.0,-0.014630079,0.45857340319091516,0.7484643502710135,0.2898909470800984
A081,T2,Source,-0.42201942,31.39,-0.104610205,-0.46410060651622204,0.6159518166922275,1.0800524232084496
A081,T3,Source,0.83210707,80.13,-0.20947611,0.9931051030258786,0.4615171945670898,-0.5315879084587889
A081,T4,Source,-0.09271791,154.53,-0.9656583,-0.08147569239545008,-0.652102248953749,-0.570626556558299
A082,T1,Source,0.071322605,1.0,0.0642319,0.10912770922333448,0.8646033367881809,0.7554756275648464
A082,T2,Source,1.181799,27.97,-0.109985024,1.3994222337459201,0.6080363923104325,-0.7913858414354876
A082,T3,Source,1.0123066,75.71,-0.48187196,1.2024841298358484,0.0603634529081043,-1.142120676927744
A082,T4,Source,-0.5707041,170.25,-0.9638303,-0.6368616209314747,-0.649410177691457,-0.012548556759982343
A083,T1,Source,1.2475034,1.0,0.115965486,1.475766069543566,0.9407907001174567,-0.5349753694261092
A083,T2,Source,0.6259196,25.15,-0.25223792,0.7535299398220136,0.39854244630418256,-0.354987493517831
A083,T3,Source,0.113821276,74.3,-0.23575792,0.15850813976439682,0.4228123228920237,0.2643041831276269
A083,T4,Source,0.19219941,144.91,-0.6712417,0.24957795232218422,-0.21851884195060692,-0.46809679427279116
A084,T1,Source,0.8040474,1.0,-1.398021,0.9605017638428691,-1.2888370408339536,-2.249338804676823
A084,T2,Source,0.14113443,27.25,-1.5269368,0.19024408049426902,-1.4786896231290272,-1.6689337036232963
A084,T3,Source,-0.11596396,91.97,-0.8032251,-0.10848594778388475,-0.4128890379241305,-0.30440309014024575
A084,T4,Source,-0.59100777,162.51,-1.2504457,-0.6604530402058245,-1.0715048613185636,-0.4110518211127391
A085,T1,Source,-0.11570579,1.0,0.009534121,-0.10818597262106645,0.78405064589261,0.8922366185136764
A085,T2,Source,1.1474876,24.51,0.43711734,1.3595548293165767,1.413746759737382,0.05419193042080539
A085,T3,Source,-0.103653476,71.4,0.16515636,-0.09418204166670617,1.0132334453376048,1.107415487004311
A085,T4,Source,-0.4273231,170.65,-0.41915497,-0.4702631051471092,0.1527259290768461,0.6229890342239552
A086,T1,Source,0.7650894,1.0,0.20403749,0.9152353409700527,1.0704931678312826,0.1552578268612299
A086,T2,Source,0.30255273,23.47,0.3149156,0.3778006549388289,1.2337818842143573,0.8559812292755284
A086,T3,Source,-1.0298048,145.29,-0.87440115,-1.1703039544035752,-0.5177090591322621,0.6525948952713131
A086,T4,Source,-0.8856172,169.55,-0.9964989,-1.0027682268350007,-0.6975207899667935,0.3052474368682072
A087,T1,Source,-0.14446898,1.0,0.33115876,-0.14160675196577532,1.2577029696874493,1.3993097216532246
A087,T2,Source,0.79339594,31.07,-0.1054703,0.9481255255202425,0.6146851662368987,-0.3334403592833438
A087,T3,Source,0.07429415,72.8,-0.18653458,0.11258043299138222,0.49530288035812464,0.38272244736674244
A087,T4,Source,0.63730603,144.2,0.20118752,0.7667601609676504,1.0662960549563403,0.29953589398868985
A088,T1,Source,1.3610681,1.0,0.077822685,1.6077201671262076,0.8846183049120816,-0.723101862214126
A088,T2,Source,1.6403587,24.25,-0.090958476,1.932235963727744,0.6360565362335292,-1.2961794274942147
A088,T3,Source,1.0740212,74.91,-0.15303862,1.2741921020373659,0.5446319346901187,-0.7295601673472472
A088,T4,Source,1.2408419,149.93,-0.092690825,1.468025880725678,0.6335053289254545,-0.8345205518002236
A089,T1,Source,0.95078164,1.0,0.24442697,1.1309965058152844,1.1299742172880227,-0.0010222885272617166
A089,T2,Source,1.0349191,32.14,0.30268687,1.2287582452219452,1.215772796354768,-0.01298544886717723
A089,T3,Source,0.30402267,79.34,-0.1558888,0.37950862058484947,0.5404345125509723,0.16092589196612284
A089,T4,Source,-0.14708613,146.96,-0.14095879,-0.14464769397053925,0.5624217395021394,0.7070694334726786
A090,T1,Source,-0.23930658,1.0,-1.7046252,-0.25180129238989946,-1.7403689640932833,-1.4885676717033838
A090,T2,Source,0.0107415775,23.54,-1.2133199,0.0387368675763113,-1.0168301899456949,-1.0555670575220062
A090,T3,Source,-0.9169951,95.42,-1.7288464,-1.0392271130781587,-1.7760392028559906,-0.7368120897778319
A090,T4,Source,-0.89684373,144.07,-1.8383566,-1.0158126555627167,-1.937313416394207,-0.9215007608314902
A091,T1,Source,0.61024165,1.0,-0.06817329,0.7353132779174272,0.6696119762973038,-0.06570130162012333
A091,T2,Source,-0.23226447,22.2,-0.6159316,-0.24361886184477677,-0.1370643940706827,0.10655446777409408
A091,T3,Source,-1.0321478,73.64,-1.297504,-1.173026353623017,-1.1408069932016704,0.03221936042134654
A091,T4,Source,-1.0876396,142.61,-0.45737362,-1.2375038751788914,0.09644183205901277,1.3339457072379042
A092,T1,Source,0.23328507,1.0,0.16628128,0.2973165646628784,1.014890100044595,0.7175735353817165
A092,T2,Source,-0.8227533,22.83,-0.09658414,-0.9297248498435111,0.6277716957599455,1.5574965456034566
A092,T3,Source,-0.70078677,71.31,-0.5907904,-0.788008423863993,-0.10003928355671238,0.6879691403072805
A092,T4,Source,-0.77845037,146.16,-1.3193048,-0.8782479987760848,-1.1729127411092075,-0.2946647423331227
A093,T1,Source,0.17902495,1.0,0.20957875,0.23427016759296282,1.078653707657808,0.8443835400648452
A093,T2,Source,1.032644,22.09,-1.2093322,1.2261147409692128,-1.010957557247313,-2.2370722982165256
A093,T3,Source,-0.19266124,70.22,-1.6360039,-0.1976027276410339,-1.6393112891966075,-1.4417085615555736
A093,T4,Source,0.2726866,140.95,-1.8417343,0.34309833782412824,-1.9422877102140337,-2.285386048038162
A094,T1,Source,-1.0644217,1.0,-1.2259504,-1.21052632808667,-1.0354309591351811,0.17509536895148892
A094,T2,Source,0.04552735,22.98,-1.0553681,0.07915545908364209,-0.7842166770314133,-0.8633721361150554
A094,T3,Source,-0.8497856,76.21,-1.6303165,-0.9611344582172685,-1.6309355309377669,-0.6698010727204984
A094,T4,Source,-1.2777404,149.99,-1.4738028,-1.458387472931875,-1.4004398887468457,0.05794758418502943
A095,T1,Source,1.0975536,1.0,0.16226995,1.3015350757426964,1.008982667759819,-0.2925524079828774
A095,T2,Source,0.2966555,29.71,-0.7363977,0.3709484934583048,-0.31447321567374864,-0.6854217091320534
A095,T3,Source,0.022464879,78.76,-0.20635152,0.052358509425598346,0.4661187366597841,0.41376022723418576
A095,T4,Source,-0.32706589,148.79,-0.9732964,-0.35377136368428325,-0.6633507771312726,-0.3095794134469893
A096,T1,Source,-0.277075,1.0,-0.10050857,-0.29568550797997456,0.6219922399481965,0.917677747928171
A096,T2,Source,0.10875838,24.49,-0.34578586,0.15262541500190668,0.26077564054891766,0.10815022554701098
A096,T3,Source,-1.7827787,71.19,-0.47693783,-2.045206027651532,0.06762988046686425,2.112835908118396
A096,T4,Source,-1.7271752,143.66,-0.44960964,-1.9805987186467406,0.10787574203658964,2.0884744606833303
A097,T1,Source,0.1794386,1.0,-1.0187418,0.23475079944832863,-0.7302776126582795,-0.9650284121066082
A097,T2,Source,-0.54056513,24.37,-1.8563917,-0.6018422831582025,-1.9638734680476884,-1.362031184889486
A097,T3,Source,0.7713108,70.83,-1.700936,0.9224641649153511,-1.734935928370719,-2.6574000932860704
A097,T4,Source,-1.0911156,144.85,-1.5027418,-1.2415427397485796,-1.4430579687574967,-0.20151522900891705
A098,T1,Source,0.7291178,1.0,0.4312213,0.873438902317868,1.4050637401283421,0.5316248378104741
A098,T2,Source,0.0246297,25.77,0.036384776,0.05487387733026372,0.8235932480256623,0.7687193706953985
A098,T3,Source,1.1876998,78.84,0.3321092,1.4062785433123228,1.259102670021439,-0.14717587329088389
A098,T4,Source,-0.93667495,146.29,-0.21873945,-1.0620936979175652,0.4478751970797589,1.5099688949973242
A099,T1,Source,0.5694854,1.0,-0.10711205,0.6879574165485112,0.612267382869903,-0.07569003367860816
A099,T2,Source,1.1351792,28.75,0.106170654,1.3452533446590538,0.9263659814379278,-0.41888736322112596
A099,T3,Source,0.34919107,78.57,-0.062931776,0.4319910861859719,0.677331084180401,0.24533999799442913
A099,T4,Source,1.2946471,143.51,0.43014896,1.530543693137929,1.4034845192873104,-0.1270591738506186
A100,T1,Source,-0.06639828,1.0,-0.8735585,-0.05089415583207237,-0.5164680996961732,-0.4655739438641009
A100,T2,Source,1.3288726,31.14,-0.82988405,1.5703112878818477,-0.45214931865601315,-2.022460606537861
A100,T3,Source,0.2789706,75.34,-1.1911968,0.35039989851340325,-0.9842497951192103,-1.3346496936326135
A100,T4,Source,0.11508391,146.8,-1.6574647,0.1599752305949732,-1.6709163236308513,-1.8308915542258246
A101,T1,Source,-0.39517584,1.0,-0.7027124,-0.43291027734890647,-0.26486532284459785,0.16804495450430862
A101,T2,Source,-0.64429396,29.12,-1.3277925,-0.722367799942496,-1.1854124638952885,-0.46304466395279253
A101,T3,Source,-1.402536,75.21,-1.7045931,-1.6033910768711652,-1.7403216908506578,-0.13693061397949258
A101,T4,Source,-1.0298448,150.22,-1.8163987,-1.170350431556276,-1.9049763094082746,-0.7346258778519985
A102,T1,Source,-0.4269469,1.0,-0.3985268,-0.46982598752595933,0.18310476039559648,0.6529307479215558
A102,T2,Source,1.3623424,29.13,-0.02649939,1.609200813018369,0.7309845739874756,-0.8782162390308934
A102,T3,Source,-0.3569574,75.27,-0.38575232,-0.3885031705523725,0.20191756701415506,0.5904207375665276
A102,T4,Source,-0.13239342,150.41,-0.4196909,-0.1275758108141231,0.15193667210113487,0.279512482915258
A103,T1,Source,1.1801236,1.0,-1.6121315,1.3974755382050523,-1.604154723550031,-3.0016302617550834
A103,T2,Source,-0.6768038,27.26,-1.4930031,-0.7601419198913538,-1.428715914927035,-0.6685739950356812
A103,T3,Source,-0.973742,80.24,-1.578493,-1.1051629714928985,-1.5546157524577924,-0.4494527809648938
A103,T4,Source,-0.9487724,149.72,-1.5767274,-1.076150073691033,-1.5520155768447161,-0.47586550315368314
A104,T1,Source,1.2842352,1.0,0.27913165,1.5184458064828266,1.1810833374713063,-0.3373624690115202
A104,T2,Source,0.9625718,22.6,0.30397457,1.1446958324824175,1.2176691750005302,0.07297334251811272
A104,T3,Source,-0.589731,72.62,-0.14866999,-0.6589695243494836,0.5510655579278577,1.2100350822773414
A104,T4,Source,-1.3339353,145.78,-1.2789935,-1.5236819466393456,-1.1135468262975907,0.4101351203417549
A105,T1,Source,0.53870964,1.0,0.61516607,0.6521981741235326,1.6759567538952609,1.0237585797717283
A105,T2,Source,0.46811488,22.77,0.41612887,0.5701720881138557,1.3828373194056098,0.8126652312917542
A105,T3,Source,-1.190793,69.46,-0.3236314,-1.3573607832637213,0.2934022188298802,1.6507630020936015
A105,T4,Source,-0.1631536,146.2,-0.2430712,-0.1633169503881247,0.4120421528038971,0.5753591031920218
A106,T1,Source,0.7179772,1.0,-0.03485644,0.8604943181334411,0.7186772577169406,-0.14181706041650055
A106,T2,Source,-0.1352828,22.64,-0.6778077,-0.13093306470087956,-0.22818850273190328,-0.09725543803102371
A106,T3,Source,-0.20217995,66.08,-0.17605197,-0.20866279109561853,0.5107404805412842,0.7194032716369028
A106,T4,Source,0.47873917,147.13,-0.37065715,0.5825167568305104,0.22414802289840757,-0.35836873393210283
A107,T1,Source,-0.89261144,1.0,-1.6091614,-1.010895035847629,-1.5997806968234811,-0.5888856609758522
A107,T2,Source,-1.3602527,26.22,-2.1841025,-1.5542608921014602,-2.4464888001170255,-0.8922279080155653
A107,T3,Source,-0.8110506,71.45,-1.3234899,-0.9161271454707581,-1.1790760821594364,-0.26294893668867825
A107,T4,Source,-1.0200406,145.95,-1.6889918,-1.1589586490435784,-1.7173458640539412,-0.5583872150103628
A108,T1,Source,-0.8011535,1.0,-0.7909203,-0.9046274197709133,-0.39476792278832545,0.5098594969825878
A108,T2,Source,-0.5113533,27.61,-0.80433625,-0.567900216068803,-0.41452541373545204,0.153374802333351
A108,T3,Source,0.030380113,68.96,-0.7921201,0.06155544790758652,-0.3965348522743747,-0.4580903001819612
A108,T4,Source,-1.5837336,152.12,-0.76942104,-1.8139297899760336,-0.3631062488241319,1.4508235411519017
A109,T1,Source,-0.121756904,1.0,-1.3589526,-0.11521693635574536,-1.2313015283045599,-1.1160845919488145
A109,T2,Source,-0.9755655,24.65,-1.8378288,-1.1072817486916404,-1.9365361323612542,-0.8292543836696138
A109,T3,Source,0.17754932,71.17,-0.98674816,0.23255559057197064,-0.6831610049886305,-0.9157165955606011
A109,T4,Source,-1.646698,149.87,-1.5363755,-1.8870899408136836,-1.4925898709536416,0.39450006986004205
A010,T1,Destination,2.010915,1.0,0.13693643,2.4234206747488622,1.0071826290108732,-1.416238045737989
A010,T2,Destination,1.0975147,21.9,-0.1731106,1.310380390000311,0.5404637082400326,-0.7699166817602784
A010,T3,Destination,-1.186541,80.88,-0.446819,-1.4728965661267595,0.12844592805386698,1.6013424941806265
A010,T4,Destination,-0.4293288,145.31,-0.80998075,-0.5501820862836092,-0.4182274589650307,0.1319546273185785
A011,T1,Destination,1.1835473,1.0,0.5820918,1.415216954649631,1.6772823679496536,0.26206541330002264
A011,T2,Destination,0.07751111,24.57,0.20171207,0.06743675810294326,1.1046904709438874,1.037253712840944
A011,T3,Destination,-0.5014456,72.55,-0.08963197,-0.6380613037604969,0.666125470267001,1.3041867740274977
A011,T4,Destination,-0.84890825,148.85,-0.9402442,-1.0614681352400643,-0.6143151841075238,0.4471529511325405
A012,T1,Destination,0.33868304,1.0,0.11614872,0.38569248818703544,0.9758905454308524,0.590198057243817
A012,T2,Destination,-1.1255839,25.6,-0.8692789,-1.3986162008351717,-0.5074899446327934,0.8911262562023783
A012,T3,Destination,0.09193352,166.33,-0.61992574,0.0850114439588165,-0.13213450992342463,-0.21714595388224112
A012,T4,Destination,-0.9537699,166.87,-0.3019384,-1.189249175792824,0.34653709078047606,1.5357862665733002
A013,T1,Destination,-0.035398606,1.0,-0.050787084,-0.07015139732849036,0.7245993194484828,0.7947507167769732
A013,T2,Destination,-0.3057711,24.77,-0.3442688,-0.39961863935801034,0.2828164397431222,0.6824350791011325
A013,T3,Destination,0.9779469,79.66,-0.10295295,1.1646789071359436,0.646073178815572,-0.5186057283203716
A013,T4,Destination,-0.066024296,147.13,-1.3484422,-0.10747088005498047,-1.2287823829089946,-1.1213115028540142
A014,T1,Destination,0.7553257,1.0,0.284858,0.8933998591226419,1.2298514141597854,0.3364515550371435
A014,T2,Destination,-0.4665811,25.66,-0.02648484,-0.5955765432369718,0.7611818891702106,1.3567584324071824
A014,T3,Destination,0.12054519,70.56,-0.5064211,0.11987670656485198,0.03872590142540458,-0.0811508051394474
A014,T4,Destination,-0.5400671,148.87,-0.8566756,-0.6851242238815173,-0.48851798875193514,0.19660623512958214
A015,T1,Destination,1.0023323,1.0,0.5536311,1.194394172786401,1.6344400056526092,0.44004583286620824
A015,T2,Destination,1.4194467,23.69,0.047094353,1.7026763909428009,0.8719418649975854,-0.8307345259452155
A015,T3,Destination,0.24626894,70.59,-0.40970647,0.27307963248862904,0.1843120331046893,-0.08876759938393974
A015,T4,Destination,-0.43521827,146.54,-0.6451764,-0.557358805369226,-0.17014474593165674,0.38721405943756926
A016,T1,Destination,1.7207321,1.0,-0.053390674,2.069813107896563,0.7206800923720945,-1.3491330155244685
A016,T2,Destination,1.479976,32.85,0.14018714,1.7764354528870883,1.0120759765231488,-0.7643594763639394
A016,T3,Destination,-0.6975632,80.64,-0.67556345,-0.8770439155991425,-0.2158868747351791,0.6611570408639634
A016,T4,Destination,-0.8562173,150.8,-0.4178216,-1.0703747089441034,0.17209619373504564,1.242470902679149
A017,T1,Destination,-0.15520337,1.0,0.50636506,-0.21614163691653632,1.5632896541142909,1.7794312910308272
A017,T2,Destination,0.41041905,20.61,0.6012197,0.47310768719356633,1.7060759120923359,1.2329682248987694
A017,T3,Destination,0.22881152,61.28,0.8671315,0.2518065808728423,2.1063573413846326,1.8545507605117904
A017,T4,Destination,-0.7611534,140.49,0.228042,-0.9545328920262548,1.1443253499284458,2.0988582419547006
A018,T1,Destination,1.5116286,1.0,0.3249135,1.815006295175001,1.2901476206125173,-0.5248586745624837
A018,T2,Destination,0.4516168,34.03,-0.11045133,0.5233099428650387,0.6347857434186593,0.11147580055362061
A018,T3,Destination,-0.5255531,83.64,-0.8337312,-0.6674379293917514,-0.45397940405485077,0.21345852533690063
A018,T4,Destination,-0.6034264,150.87,-1.1547185,-0.7623318329806921,-0.9371668941499696,-0.1748350611692775
A019,T1,Destination,-1.1137557,1.0,-1.7082322,-1.3842027360092208,-1.7703802189022655,-0.38617748289304465
A019,T2,Destination,0.2184492,28.69,-1.6998299,0.23917939035904942,-1.757732097783373,-1.9969114881424224
A019,T3,Destination,-0.34441203,83.68,-1.5546432,-0.4467052362533133,-1.5391801576655149,-1.0924749214122016
A019,T4,Destination,-0.9084577,154.76,-1.6211447,-1.134033183428268,-1.6392859651929796,-0.5052527817647117
A020,T1,Destination,-0.39048332,1.0,0.084936984,-0.5028462313245139,0.9289070031556549,1.4317532344801687
A020,T2,Destination,0.15357906,26.85,-0.38507468,0.16013072013496646,0.2213906738691371,0.06125995373417065
A020,T3,Destination,-0.33567235,78.25,-0.8200439,-0.4360553427555652,-0.4333756850504575,0.0026796577051076964
A020,T4,Destination,-1.1523182,145.78,-1.4524196,-1.4311937606241856,-1.3853012823564688,0.04589247826771681
A021,T1,Destination,0.64160866,1.0,-0.29108983,0.7548279245805113,0.3628676225785291,-0.3919603020019822
A021,T2,Destination,0.47721207,30.21,-0.21397233,0.5544995172597659,0.47895387043758875,-0.07554564682217713
A021,T3,Destination,-0.59433186,74.19,-0.72609866,-0.7512495184782148,-0.29195836192900193,0.4592911565492128
A021,T4,Destination,-0.99789435,140.39,-0.52507687,-1.243017814135042,0.010643062378215334,1.2536608765132575
A022,T1,Destination,-0.42679092,1.0,-0.9335841,-0.5470895071834517,-0.6042896254552579,-0.057200118271806155
A022,T2,Destination,-0.60329264,24.15,-1.239637,-0.762168837338488,-1.0649961162956507,-0.30282727895716277
A022,T3,Destination,-0.09910751,74.46,-0.8647789,-0.1477850226395157,-0.5007160202269741,-0.35293099758745844
A022,T4,Destination,-0.08970222,141.71,-1.5464507,-0.1363240381623454,-1.5268478519555875,-1.390523813793242
A023,T1,Destination,0.1930206,1.0,0.20654905,0.20819291467609086,1.1119716569155451,0.9037787422394543
A023,T2,Destination,0.101476,25.63,-0.33590782,0.0966396037660854,0.29540236118280366,0.19876275741671828
A023,T3,Destination,-0.27825373,72.2,-0.5276897,-0.36608685560412796,0.006709926177047144,0.3727967817811751
A023,T4,Destination,0.92574984,145.07,-0.09092378,1.1010732453845329,0.6641808873144052,-0.4368923580701277
A024,T1,Destination,-0.26954484,1.0,-0.490049,-0.3554744818119978,0.06337109426196312,0.41884557607396095
A024,T2,Destination,-0.57454836,29.57,-0.613402,-0.7271419804433323,-0.12231421623382031,0.604827764209512
A024,T3,Destination,0.0074428213,91.47,-0.31282544,-0.01794620926250617,0.3301486494553359,0.34809485871784207
A024,T4,Destination,-0.940981,145.65,-0.15840495,-1.1736650327860605,0.562600366337463,1.7362653991235235
A025,T1,Destination,0.05380287,1.0,-0.07447063,0.038546657891144566,0.6889480860560953,0.6504014281649507
A025,T2,Destination,1.5041252,23.33,-0.09470015,1.8058628927997418,0.6584962551125377,-1.147366637687204
A025,T3,Destination,-0.27671874,72.94,-0.74952257,-0.3642163660644528,-0.3272187609576051,0.036997605106847686
A025,T4,Destination,-0.14176248,137.74,-1.3529526,-0.19976299982513843,-1.235571962606774,-1.0358089627816356
A026,T1,Destination,1.0732766,1.0,0.08161802,1.2808446194014138,0.9239109117686248,-0.356933707632789
A026,T2,Destination,0.63977706,26.48,0.023693688,0.7525959956162385,0.8367164570518297,0.08412046143559126
A026,T3,Destination,0.61266387,75.46,-0.2586269,0.7195567326358764,0.411734607869952,-0.3078221247659244
A026,T4,Destination,-0.2835504,147.65,0.07215012,-0.3725412076390672,0.9096587253504346,1.2821999329895017
A027,T1,Destination,0.52744526,1.0,0.20354348,0.6157120700708698,1.1074473226985677,0.4917352526276979
A027,T2,Destination,1.2530484,28.26,0.24188459,1.499908764072441,1.1651628295375014,-0.3347459345349395
A027,T3,Destination,-0.48801902,74.58,-0.9671205,-0.6217001043757373,-0.6547725228871063,-0.033072418511368995
A027,T4,Destination,0.38854283,145.92,-1.2659346,0.44645002774455805,-1.1045823283966447,-1.5510323561412027
A028,T1,Destination,1.5729234,1.0,0.4769665,1.8896981708461666,1.5190355156520816,-0.37066265519408503
A028,T2,Destination,0.35054204,22.82,0.1722151,0.4001434849042832,1.0602881942815052,0.660144709377222
A028,T3,Destination,0.36001632,72.26,-0.31882703,0.411688538380823,0.3211143567942868,-0.09057418158653618
A028,T4,Destination,-0.4464555,138.91,-0.9104983,-0.5710521331237548,-0.5695381890001773,0.0015139441235775264
A029,T1,Destination,1.7540342,1.0,0.58631253,2.110393977934294,1.6836359026068475,-0.4267580753274467
A029,T2,Destination,0.9775655,28.43,-0.057473175,1.1642141453391683,0.7145346361141652,-0.4496795092250031
A029,T3,Destination,0.37505868,93.26,-0.2605461,0.43001867540583844,0.4088456043766968,-0.02117307102914162
A029,T4,Destination,1.0688435,143.14,-0.15465695,1.275442586047233,0.5682422927092431,-0.7072002933379898
A030,T1,Destination,-0.5316837,1.0,-0.780341,-0.6749084817549151,-0.3736102532078346,0.30129822854708055
A030,T2,Destination,1.5800109,32.95,-0.3914131,1.898334770832126,0.21184934543972975,-1.6864854253923964
A030,T3,Destination,0.7544972,71.93,-0.36319333,0.8923902756181102,0.25432903182408684,-0.6380612437940234
A030,T4,Destination,0.12028915,150.46,-0.6311003,0.1195647044399271,-0.14895575985860052,-0.2685204642985276
A031,T1,Destination,1.4608339,1.0,0.8747201,1.753109504302787,2.117780586439299,0.3646710821365122
A031,T2,Destination,-0.6116699,32.41,0.28195387,-0.7723770974581885,1.2254797792520806,1.9978568767102691
A031,T3,Destination,-0.31054813,71.56,-0.69375503,-0.4054397747697814,-0.2432709609001601,0.1621688138696213
A031,T4,Destination,-0.8304748,143.85,-0.59017634,-1.039005724797569,-0.0873522462082068,0.9516534785893622
A032,T1,Destination,-0.66399795,1.0,0.09588946,-0.8361423794187226,0.945393946373555,1.7815363257922776
A032,T2,Destination,-0.2995187,57.18,-0.33580983,-0.39199966542471754,0.2955498671500318,0.6875495325747494
A032,T3,Destination,0.80790555,80.16,-0.16218269,0.957471976480208,0.5569136718519431,-0.4005583046282649
A032,T4,Destination,1.2733109,144.51,0.07253409,1.524599996131066,0.9102367217402352,-0.6143632743908307
A033,T1,Destination,-0.8207058,1.0,-0.24775255,-1.0271015349897614,0.4281039467282678,1.4552054817180293
A033,T2,Destination,0.05391906,29.16,-0.5203942,0.03868824329535884,0.017691962955414836,-0.020996280339944003
A033,T3,Destination,0.01400444,72.6,0.00516624,-0.009950431347544437,0.8088267832329968,0.8187772145805413
A033,T4,Destination,-1.3077472,168.33,-0.8157016,-1.6205945506372637,-0.42683914906214876,1.1937554015751148
A034,T1,Destination,1.5448427,1.0,0.45592862,1.8554799312375978,1.4873668470345933,-0.3681130842030045
A034,T2,Destination,1.3082612,26.08,0.5142764,1.5671893097803467,1.5751987250273431,0.008009415246996499
A034,T3,Destination,-1.1147809,74.28,-0.14541733,-1.3854520118195355,0.5821508454689088,1.9676028572884443
A034,T4,Destination,-0.6969951,145.38,-0.5549027,-0.8763516471755766,-0.03425425267974387,0.8420973944958327
A035,T1,Destination,0.30524516,1.0,-0.10640716,0.3449461609999436,0.6408734993884998,0.2959273383885562
A035,T2,Destination,-0.05189664,44.76,-0.21338701,-0.09025537196168382,0.47983496231163636,0.5700903342733201
A035,T3,Destination,-0.003024264,79.98,-0.4429525,-0.030701063407834763,0.13426623443500035,0.16496729784283512
A035,T4,Destination,-1.0853919,152.47,-1.2231709,-1.3496395198283735,-1.040209423704837,0.30943009612353656
A036,T1,Destination,1.3103865,1.0,-1.4248906,1.5697791321366301,-1.3438614234747355,-2.913640555611366
A036,T2,Destination,-0.8839064,21.63,-1.6166325,-1.1041157573633245,-1.6324936759254378,-0.5283779185621134
A036,T3,Destination,-0.5670363,71.47,-1.5186924,-0.7179880252700659,-1.4850628239924641,-0.7670747987223983
A036,T4,Destination,-0.9257591,143.85,-1.4868759,-1.155116114080413,-1.43716892046852,-0.28205280638810715
A037,T1,Destination,-0.37298724,1.0,0.028820284,-0.481526069873742,0.8444336067769798,1.3259596766507218
A037,T2,Destination,0.8601754,23.7,-0.7307667,1.0211663377890057,-0.29898523972529983,-1.3201515775143056
A037,T3,Destination,0.52264977,72.08,0.039971896,0.6098684398956785,0.861220312708319,0.2513518728126405
A037,T4,Destination,-0.7062983,143.66,-1.0604337,-0.8876882280559122,-0.7952384257460162,0.09244980230989597
A038,T1,Destination,1.0395416,1.0,0.03535945,1.2397362313200955,0.8542771214794471,-0.38545910984064835
A038,T2,Destination,-0.28525016,71.85,0.09267629,-0.3746124806115024,0.9405571084439891,1.3151695890554915
A038,T3,Destination,0.56079465,72.86,0.19205713,0.6563505661845567,1.0901567301210604,0.43380616393650373
A038,T4,Destination,-0.17457396,152.89,-0.28523612,-0.23974601608013793,0.37167930903043767,0.6114253251105756
A039,T1,Destination,1.7322454,1.0,0.38967586,2.0838428456910387,1.3876354719419517,-0.696207373749087
A039,T2,Destination,1.3414384,28.65,0.80260557,1.607617980687461,2.00922539204348,0.4016074113560191
A039,T3,Destination,0.9721396,98.84,0.2218445,1.1576023177746086,1.134996150705098,-0.022606167069510574
A039,T4,Destination,1.2233254,246.24,0.04020334,1.463689270402928,0.8615687091883593,-0.6021205612145688
A040,T1,Destination,-0.9852747,1.0,0.0019404963,-1.227639913745227,0.8039710179049196,2.0316109316501465
A040,T2,Destination,0.88222194,26.26,-0.18772006,1.0480315437226146,0.5184718465400682,-0.5295596971825465
A040,T3,Destination,-0.9794845,71.28,-0.48499733,-1.220584161894969,0.07097545664043982,1.291559618535409
A040,T4,Destination,-1.104057,143.53,-0.6703814,-1.3723842115247307,-0.2080862491869179,1.1642979623378127
A041,T1,Destination,0.22410686,1.0,0.15652198,0.24607363321994016,1.0366650812656275,0.7905914480456874
A041,T2,Destination,-0.6096121,31.78,-0.7230804,-0.7698695284351046,-0.28741492524520007,0.4824546031899045
A041,T3,Destination,1.0298018,75.74,-0.0652492,1.227867623694946,0.7028292571079962,-0.5250383665869498
A041,T4,Destination,-0.39342585,141.84,-0.47451437,-0.5064319039251044,0.08675562966026808,0.5931875335853725
A042,T1,Destination,-1.0510693,1.0,-1.1043742,-1.3078151012494539,-0.8613827869357725,0.44643231431368136
A042,T2,Destination,-0.29213598,28.93,-1.6247622,-0.3830033198235404,-1.6447314477569908,-1.2617281279334502
A042,T3,Destination,0.27557984,72.17,-1.5245684,0.3087969543268596,-1.4939080639499294,-1.802705018276789
A042,T4,Destination,-0.4915242,146.02,-0.28710085,-0.6259714042048428,0.36887230012882355,0.9948437043336663
A043,T1,Destination,0.49942693,1.0,0.70260984,0.5815698325421773,1.8587001662824323,1.277130333740255
A043,T2,Destination,0.4424877,25.62,0.67980015,0.5121855146559633,1.8243643627757273,1.312178848119764
A043,T3,Destination,0.3511134,64.94,0.41440833,0.4008397258592007,1.4248656679751057,1.024025942115905
A043,T4,Destination,-0.25678244,149.33,0.2691201,-0.3399226308545645,1.206160893069487,1.5460835239240514
A044,T1,Destination,1.1713588,1.0,-1.2625083,1.400364439809579,-1.0994246623540536,-2.4997891021636325
A044,T2,Destination,0.16294117,47.66,-0.9418907,0.17153908685024702,-0.6167936877817863,-0.7883327746320333
A044,T3,Destination,-1.3014706,91.63,-1.6548837,-1.6129460873608088,-1.690073839754743,-0.07712775239393421
A044,T4,Destination,-1.0086085,155.27,-1.4638461,-1.2560737333928291,-1.4025017817393786,-0.14642804834654943
A045,T1,Destination,0.16803594,1.0,0.107430644,0.17774741002632696,0.9627670814779219,0.7850196714515949
A045,T2,Destination,-0.48629287,24.66,-0.14785308,-0.6195966733964406,0.5784842707196924,1.198080944116133
A045,T3,Destination,-0.9015519,72.23,0.015569456,-1.1256179972296028,0.824486916291088,1.9501049135206907
A045,T4,Destination,-0.6140947,151.52,-0.85659695,-0.7753318809002985,-0.4883995956064868,0.28693228529381165
A046,T1,Destination,-0.82893044,1.0,-0.8858392,-1.037123817276678,-0.5324184380411688,0.5047053792355091
A046,T2,Destination,-1.229845,24.32,-1.0892278,-1.5256654304360346,-0.8385826605757054,0.6870827698603292
A046,T3,Destination,-0.9712328,73.05,-1.7300338,-1.2105289051606987,-1.8031985278635787,-0.59266962270288
A046,T4,Destination,-0.8551873,147.94,-1.0145254,-1.0691195840078722,-0.7261319026794222,0.34298768132845003
A047,T1,Destination,-0.9314449,1.0,-0.9911052,-1.1620446474419888,-0.6908770883751626,0.47116755906682617
A047,T2,Destination,0.0011731267,23.46,-0.91325116,-0.025586257840189426,-0.5736821146756891,-0.5480958568354997
A047,T3,Destination,-0.31743395,76.85,-1.3284942,-0.4138306139818195,-1.198754328676265,-0.7849237146944454
A047,T4,Destination,0.5841509,144.22,-1.5817481,0.6848117426814972,-1.5799816118049126,-2.26479335448641
A048,T1,Destination,1.7055423,1.0,-0.04382407,2.0513033052204817,0.7350808595535185,-1.3162224456669631
A048,T2,Destination,-0.21394376,23.91,-0.3519171,-0.2877207905601699,0.27130332729133827,0.5590241178515082
A048,T3,Destination,0.59561753,81.15,0.005485378,0.6987846099121148,0.8093071869412245,0.11052257702910973
A048,T4,Destination,0.05674492,146.3,-0.07758277,0.04213174557914344,0.6842633302560227,0.6421315846768793
A049,T1,Destination,0.7261273,1.0,0.19780612,0.8578196261730774,1.098810779825463,0.24099115365238555
A049,T2,Destination,-0.3937213,27.12,-0.8922324,-0.5067919298109389,-0.542042227710343,-0.03525029789940415
A049,T3,Destination,0.6229021,111.38,-0.18853784,0.732032711059051,0.5172408287843813,-0.21479188227466972
A049,T4,Destination,1.4647734,168.86,-0.34735084,1.7579100525418963,0.2781769939707419,-1.4797330585711543
A050,T1,Destination,-0.91308653,1.0,-0.108382456,-1.1396737270773696,0.6379000536589182,1.777573780736288
A050,T2,Destination,-0.0066963215,24.73,-0.07980966,-0.035175714801547964,0.6809111559182283,0.7160868707197763
A050,T3,Destination,-0.35299146,93.39,-0.90844625,-0.4571598542452061,-0.566449204205297,-0.10928934996009088
A050,T4,Destination,0.8914575,148.69,-1.2433821,1.0592857006702447,-1.0706336772494804,-2.129919377919725
A051,T1,Destination,1.8028108,1.0,0.47366124,2.1698315769290244,1.5140600531228419,-0.6557715238061825
A051,T2,Destination,0.049381785,17.16,0.22646618,0.03315926563027323,1.1419532420268506,1.1087939763965773
A051,T3,Destination,0.1110302,65.63,-0.20670265,0.10828204518913355,0.48989703994303235,0.3816149947538988
A051,T4,Destination,0.03827322,146.99,-0.3287778,0.019622724914501847,0.30613529818102136,0.2865125732665195
A052,T1,Destination,-0.4868811,1.0,-0.6850114,-0.6203134715918187,-0.23010903008850372,0.390204441503315
A052,T2,Destination,0.9826763,31.76,-0.23417139,1.1704420021586732,0.4485478914356759,-0.7218941107229973
A052,T3,Destination,-0.23479229,80.98,-0.9427875,-0.3131261399647942,-0.6181436556500395,-0.30501751568524527
A052,T4,Destination,0.060775243,153.27,0.034749992,0.04704296781056666,0.8533596942748868,0.8063167264643201
A053,T1,Destination,0.830601,1.0,-0.4502908,0.9851279233093218,0.12321977010895073,-0.8619081532003711
A053,T2,Destination,0.35691914,32.71,-1.6746286,0.40791441425461294,-1.71979616419929,-2.127710578453903
A053,T3,Destination,-0.111180075,78.28,-2.037302,-0.1624962628101675,-2.2657344298885027,-2.1032381670783353
A053,T4,Destination,-0.24006987,148.9,-1.89259,-0.3195572295385367,-2.047897063529632,-1.7283398339910954
A054,T1,Destination,0.4994956,1.0,0.4693622,0.581653511599819,1.5075886371278213,0.9259351255280023
A054,T2,Destination,-0.12840416,16.9,-0.2542895,-0.1834849798851819,0.418263767807241,0.6017487476924229
A054,T3,Destination,-0.02643241,72.83,-0.4796437,-0.059225478704474886,0.07903436439971233,0.1382598431041872
A054,T4,Destination,0.17176248,136.83,-0.043233745,0.18228845204561125,0.735969485536822,0.5536810334912107
A055,T1,Destination,-0.5361741,1.0,-0.03458076,-0.6803803390497233,0.7489949669311972,1.4293753059809204
A055,T2,Destination,0.75660616,23.24,-1.02525,0.89496018657492,-0.7422758203866777,-1.6372360069615977
A055,T3,Destination,0.83208466,74.48,-1.4525794,0.9869358637587282,-1.385541831938702,-2.3724776956974303
A055,T4,Destination,0.1528813,149.21,-1.5069975,0.15928045219758333,-1.4674582976516606,-1.6267387498492438
A056,T1,Destination,0.7468591,1.0,-0.31293535,0.8830827321468218,0.3299832001150151,-0.5530995320318066
A056,T2,Destination,-0.7365116,33.61,-1.1222712,-0.924505185566429,-0.8883234369559828,0.03618174861044621
A056,T3,Destination,-0.72254777,71.46,-0.6666082,-0.9074893105777955,-0.20240638883846512,0.7050829217393304
A056,T4,Destination,-0.8596302,147.84,-1.5222534,-1.0745335593274656,-1.4904232561722692,-0.4158896968448036
A057,T1,Destination,-1.0518757,1.0,-0.6698607,-1.308797754403412,-0.20730243086733782,1.101495323536074
A057,T2,Destination,-0.60083723,24.78,-0.3021773,-0.7591767535329818,0.3461774706603538,1.1053542241933356
A057,T3,Destination,-0.51274824,73.83,-1.046279,-0.6518343380413157,-0.7739311217933385,-0.12209678375202271
A057,T4,Destination,-0.13473281,145.06,-1.5262234,-0.19119686962079283,-1.4963993628147363,-1.3052024931939434
A058,T1,Destination,1.7332748,1.0,-0.093785755,2.0850972394865304,0.6598727090252176,-1.4252245304613127
A058,T2,Destination,-0.17271782,22.96,-0.109634034,-0.23748418345961744,0.6360160326011435,0.8735002160607609
A058,T3,Destination,0.67109835,66.28,-0.027735107,0.7907631141734492,0.7592998415824126,-0.03146327259103665
A058,T4,Destination,-0.9756075,143.48,-0.9226202,-1.2158597741495631,-0.5877854855012663,0.6280742886482968
A059,T1,Destination,1.5626048,1.0,-0.74984205,1.877124256120929,-0.3276996794840876,-2.2048239356050168
A059,T2,Destination,0.07206453,30.4,-0.80831677,0.06079973055422694,-0.41572264235774287,-0.4765223729119698
A059,T3,Destination,2.0409064,79.78,-0.5651938,2.4599672320425348,-0.04974561566923871,-2.5097128477117736
A059,T4,Destination,-0.5772869,151.93,-0.47267723,-0.7304790773781542,0.08952110687869184,0.8200001842568461
A060,T1,Destination,-0.1530542,1.0,-0.07753169,-0.2135227273444976,0.6843402218246115,0.8978629491691091
A060,T2,Destination,0.33590585,24.87,-0.06836402,0.3823082936029075,0.6981404670596109,0.31583217345670334
A060,T3,Destination,0.16965349,94.68,0.2595057,0.17971850453176452,1.1916881777789736,1.0119696732472092
A060,T4,Destination,-0.7229297,143.91,0.48543715,-0.9079547182155574,1.5317865251561156,2.4397412433716728
A061,T1,Destination,2.0403898,1.0,0.92875934,2.4593377198657804,2.1991267479299497,-0.26021097193583076
A061,T2,Destination,0.77201295,35.16,0.80587673,0.9137344062994605,2.014149523278889,1.1004151169794283
A061,T3,Destination,1.5962133,82.55,0.39314365,1.9180784953629917,1.3928555935675642,-0.5252229017954275
A061,T4,Destination,0.7794881,146.56,0.46075106,0.9228433841315655,1.4946261457038374,0.5717827615722719
A062,T1,Destination,0.75087893,1.0,-0.0907191,0.8879811679452783,0.6644889955027125,-0.2234921724425658
A062,T2,Destination,1.0081036,44.69,-0.20216143,1.201426893703363,0.49673301349640897,-0.704693880206954
A062,T3,Destination,-0.41625023,92.72,-0.89908874,-0.5342449607134688,-0.5523631896793642,-0.018118228965895322
A062,T4,Destination,-0.7022192,149.18,-1.335995,-0.882717567738067,-1.2100454069391915,-0.3273278392011245
A063,T1,Destination,0.42942187,1.0,-1.1453488,0.4962639136408594,-0.9230625298154796,-1.419326443456339
A063,T2,Destination,0.9230828,21.98,-1.3659563,1.0978232760545075,-1.2551466472280965,-2.352969923282604
A063,T3,Destination,-1.0528466,69.99,-1.5536242,-1.3099808619767972,-1.5376462401167306,-0.22766537813993337
A063,T4,Destination,-0.95782745,141.09,-1.687606,-1.1941935759724402,-1.7393312589957521,-0.5451376830233119
A064,T1,Destination,0.37014112,1.0,0.13230014,0.4240262946471852,1.0002035450145497,0.5761772503673644
A064,T2,Destination,0.15088972,37.65,-0.27324927,0.15685357674078798,0.38972331253352543,0.23286973579273745
A064,T3,Destination,0.4945773,82.99,-0.83695614,0.5756602291009204,-0.4588339595600291,-1.0344941886609496
A064,T4,Destination,-1.064075,156.21,0.1552983,-1.3236634297767758,1.0348230555285356,2.3584864853053116
A065,T1,Destination,-0.9370374,1.0,-0.12966514,-1.1688594884185644,0.6058628775324871,1.7747223659510514
A065,T2,Destination,-0.42273253,32.31,-1.5419153,-0.5421440834068001,-1.5200206393444424,-0.9778765559376423
A065,T3,Destination,0.12489203,106.41,-1.5336815,0.12517362625204323,-1.5076261640616344,-1.6327997903136777
A065,T4,Destination,-1.0915083,187.43,-1.5619777,-1.3570927685273677,-1.5502209017887325,-0.1931281332613648
A066,T1,Destination,0.03757501,1.0,-0.95108926,0.018771908621564037,-0.6306404322445405,-0.6494123408661046
A066,T2,Destination,-0.42152458,23.35,-0.40383792,-0.5406721143128967,0.19314605845397165,0.7338181727668684
A066,T3,Destination,-0.91012734,73.79,-1.0677891,-1.1360677531355774,-0.806310630984808,0.32975712215076936
A066,T4,Destination,-1.2444345,164.93,-1.321545,-1.5434437268021943,-1.1882935830138384,0.35515014378835597
A067,T1,Destination,-0.3772701,1.0,-0.78326046,-0.48674502558673904,-0.3780049646180154,0.10874006096872363
A067,T2,Destination,-0.75470644,29.91,-1.6094011,-0.9466768335224832,-1.6216081299369394,-0.6749312964144561
A067,T3,Destination,-0.75410956,73.19,-1.5481073,-0.9459494947147767,-1.5293415593268498,-0.583392064612073
A067,T4,Destination,-1.4940736,144.19,-0.91407484,-1.847645920460738,-0.5749220137989304,1.2727239066618077
A068,T1,Destination,1.4733075,1.0,0.65786695,1.768309432850916,1.7913479541584572,0.02303852130754125
A068,T2,Destination,-0.34633532,30.49,0.36208034,-0.44904889570826867,1.3460954794043352,1.7951443751126037
A068,T3,Destination,-0.3125315,82.98,-0.43609893,-0.40785664578412395,0.1445830266772206,0.5524396724613445
A068,T4,Destination,-0.21757181,155.59,-0.44159007,-0.2921418158270567,0.1363171228412716,0.4284589386683283
A069,T1,Destination,-0.18573126,1.0,-0.55585605,-0.2533419437024794,-0.035689346198030165,0.21765259750444926
A069,T2,Destination,-0.75497293,24.96,-1.5368589,-0.9470015696819554,-1.5124091568187563,-0.565407587136801
A069,T3,Destination,-0.45664144,79.75,-1.5020038,-0.5834643926314774,-1.4599411984726962,-0.8764768058412188
A069,T4,Destination,-0.621072,140.22,-1.389695,-0.7838341947037601,-1.2908809048486347,-0.5070467101448746
A070,T1,Destination,-0.025029317,1.0,-0.12926179,-0.05751571461500754,0.6064700469567288,0.6639857615717364
A070,T2,Destination,-0.7115501,24.25,-0.13407838,-0.8940879029492118,0.5992195543892122,1.493307457338424
A070,T3,Destination,-0.60091597,81.92,-1.0468057,-0.7592727035693689,-0.7747239720121263,-0.015451268442757349
A070,T4,Destination,-0.9432329,149.2,-1.5684022,-1.1764091258383895,-1.5598918078654407,-0.38348268202705116
A071,T1,Destination,-0.09704123,1.0,0.054713376,-0.14526712016064613,0.8834109062971851,1.0286780264578312
A071,T2,Destination,-0.43790084,30.92,-0.8447603,-0.5606276990587266,-0.47058169064690003,0.09004600841182653
A071,T3,Destination,-0.8310883,79.96,-1.0355132,-1.039753316203761,-0.7577251850448565,0.28202813115890457
A071,T4,Destination,-0.20154567,153.27,-0.8932065,-0.2726128760741136,-0.5435085565467227,-0.2708956804726091
A072,T1,Destination,0.6814234,1.0,0.39353013,0.8033448886616371,1.3934373683018664,0.5900924796402293
A072,T2,Destination,1.7074885,33.76,0.3008167,2.0536748820660087,1.2538743091409295,-0.7998005729250792
A072,T3,Destination,0.09480323,83.54,-0.101512246,0.08850838044498337,0.6482418943682746,0.5597335139232913
A072,T4,Destination,0.58196443,154.89,-0.018325202,0.6821473805268163,0.7734647271681773,0.09131734664136093
A073,T1,Destination,0.30522674,1.0,-0.6538286,0.3449237149792393,-0.1831690456525522,-0.5280927606317916
A073,T2,Destination,-0.94399035,66.66,-0.9625182,-1.177332130093679,-0.6478446045997946,0.5294875254938843
A073,T3,Destination,-0.27342725,66.9,-0.93056107,-0.36020546200973874,-0.5997390084115859,-0.23953354640184715
A073,T4,Destination,1.1537054,140.12,-1.0389396,1.3788525732568966,-0.7628830016191007,-2.141735574875997
A074,T1,Destination,0.39766553,1.0,-0.18035519,0.4575666571190783,0.5295583071264428,0.07199165000736452
A074,T2,Destination,-0.40341347,29.33,0.15289661,-0.518602497047047,1.0312077518604885,1.5498102489075354
A074,T3,Destination,1.1376537,73.02,-0.061039798,1.3592924869084486,0.709165739539486,-0.6501267473689626
A074,T4,Destination,0.26247647,147.21,-0.15603536,0.2928296082728178,0.5661673493447485,0.27333774107193076
A075,T1,Destination,0.07384318,1.0,-0.57182944,0.06296713634823424,-0.05973435427906782,-0.12270149062730207
A075,T2,Destination,0.8610925,28.68,-0.30554652,1.022283886409411,0.3411057280855595,-0.6811781583238515
A075,T3,Destination,-1.4018217,71.37,-1.3515688,-1.7352307164755905,-1.2334889055861575,0.5017418108894329
A075,T4,Destination,-0.09748435,244.53,-0.6846801,-0.14580709196816335,-0.2296103187205819,-0.08380322675241855
A076,T1,Destination,-0.5232532,1.0,-0.7070801,-0.6646353450802582,-0.2633294090962156,0.4013059359840426
A076,T2,Destination,-1.1163836,27.3,-1.6155242,-1.3874050105916693,-1.6308253336101115,-0.2434203230184422
A076,T3,Destination,-0.5196874,74.88,-1.2425772,-0.6602901756651,-1.0694220479707592,-0.4091318723056593
A076,T4,Destination,-1.266146,149.28,-1.4294585,-1.5699006637468373,-1.350737558873256,0.21916310487358137
A077,T1,Destination,-0.5821275,1.0,-0.17447257,-0.7363776771512809,0.5384135122793674,1.2747911894306483
A077,T2,Destination,-0.5422168,53.88,-0.8597841,-0.6877437792945427,-0.49319726519982177,0.1945465140947209
A077,T3,Destination,-0.26786017,78.36,-0.35669112,-0.35342159702916237,0.2641169160487007,0.617538513077863
A077,T4,Destination,0.8029541,149.75,-0.24809766,0.951438298455449,0.42758444693900277,-0.5238538515164463
A078,T1,Destination,-0.27483156,1.0,-1.068305,-0.36191670909633944,-0.8070872237850221,-0.44517051468868263
A078,T2,Destination,0.06392656,26.17,-1.0563185,0.050883061547138606,-0.7890437471427213,-0.8399268086898599
A078,T3,Destination,0.34884748,72.3,-1.1757432,0.3980785484849241,-0.9688157226955316,-1.3668942711804557
A078,T4,Destination,-1.3704203,140.08,-1.4174169,-1.6969659784439706,-1.3326111392898976,0.36435483915407296
A079,T1,Destination,1.3273735,1.0,0.1498003,1.5904789450412502,1.0265468252211591,-0.5639321198200911
A079,T2,Destination,-0.2008887,26.11,-0.6707224,-0.271812313521341,-0.2085995621252256,0.0632127513961154
A079,T3,Destination,-0.19927017,74.0,-0.43815857,-0.26984002481936215,0.14148261652984243,0.4113226413492046
A079,T4,Destination,-0.95253634,194.42,-0.60441935,-1.1877459991750208,-0.10879248466405755,1.0789535145109632
A080,T1,Destination,-0.1154154,1.0,0.16752625,-0.16765729389807352,1.0532299908481217,1.2208872847461953
A080,T2,Destination,0.10268697,29.03,0.18738705,0.09811525293504446,1.083126781479032,0.9850115285439875
A080,T3,Destination,1.1151272,72.87,-0.34106952,1.331842417125914,0.28763236882602206,-1.044210048299892
A080,T4,Destination,-0.40745336,145.77,-0.5923623,-0.5235253773175624,-0.09064280794023902,0.4328825693773234
A081,T1,Destination,0.6662004,1.0,0.2984473,0.7847946295313004,1.2503076121437853,0.46551298261248486
A081,T2,Destination,-0.9717388,31.39,-0.52936184,-1.211145500517721,0.004192826186836878,1.2153383267045579
A081,T3,Destination,1.2064252,80.13,-0.46458697,1.4430952291919634,0.10169950902611931,-1.3413957201658442
A081,T4,Destination,1.4606197,154.53,-0.86279833,1.752848487058767,-0.49773463545798885,-2.250583122516756
A082,T1,Destination,-0.6594405,1.0,-0.43024468,-0.8305888171462696,0.15339552600005782,0.9839843431463274
A082,T2,Destination,1.5764099,27.97,-0.49606806,1.893946707826914,0.05431050372105416,-1.83963620410586
A082,T3,Destination,-0.7732746,75.71,-0.8901417,-0.9693033972466869,-0.5388950624313994,0.4304083348152875
A082,T4,Destination,0.112550795,170.25,-1.1045943,0.11013499344389899,-0.8617141071050437,-0.9718491005489427
A083,T1,Destination,1.6751546,1.0,0.47181237,2.0142738294683347,1.511276918541467,-0.5029969109268677
A083,T2,Destination,-0.3237374,25.15,-0.74519026,-0.42151179580636916,-0.32069726308147734,0.10081453272489183
A083,T3,Destination,-0.8224563,74.3,-0.7083179,-1.0292346380974047,-0.2651926899027762,0.7640419481946285
A083,T4,Destination,0.76563764,144.91,0.012737401,0.9059656581856703,0.8202237770726162,-0.08574188111305414
A084,T1,Destination,0.089948215,1.0,-1.3033124,0.08259221501558894,-1.1608477487646074,-1.2434399637801963
A084,T2,Destination,-0.3887303,27.25,-1.4172285,-0.5007100574257645,-1.3323275376547739,-0.8316174802290094
A084,T3,Destination,0.41099674,91.97,-1.0280648,0.4738116416832861,-0.7465129853683442,-1.2203246270516304
A084,T4,Destination,1.1264467,162.51,-1.2650133,1.3456359964615143,-1.103195480273293,-2.4488314767348074
A085,T1,Destination,-0.025167516,1.0,0.47878015,-0.05768411948011649,1.521765632985107,1.5794497524652236
A085,T2,Destination,0.58357966,24.51,0.3064638,0.6841156479547276,1.2623749821436188,0.5782593341888912
A085,T3,Destination,-0.9434278,71.4,0.0715741,-1.176646624721954,0.908791632920159,2.085438257642113
A085,T4,Destination,0.36916238,170.65,-0.8205845,0.42283363350146985,-0.43418945916907653,-0.8570230926705464
A086,T1,Destination,1.2463102,1.0,0.22379875,1.4916978098536906,1.1379379155428917,-0.3537598943107989
A086,T2,Destination,0.35159728,23.47,-0.079005115,0.4014293664942915,0.6821222508095793,0.2806928843152878
A086,T3,Destination,-0.7232066,145.29,-0.58177567,-0.9082921396668607,-0.07470657875526594,0.8335855609115947
A086,T4,Destination,-1.2129464,169.55,-1.0517981,-1.505073338933709,-0.7822391142795958,0.7228342246541132
A087,T1,Destination,1.1479511,1.0,0.5291444,1.371840567994222,1.59757977126417,0.2257392032699479
A087,T2,Destination,0.62924254,31.07,0.38094336,0.7397589677101941,1.3744902953033256,0.6347313275931314
A087,T3,Destination,0.6483832,72.8,-0.103241794,0.7630831615567203,0.6456383771664443,-0.11744478439027595
A087,T4,Destination,-0.5654962,144.2,-0.39149654,-0.7161113088484254,0.21172374182808054,0.927835050676506
A088,T1,Destination,1.5717645,1.0,0.3560192,1.8882859725077217,1.336971545143649,-0.5513144273640727
A088,T2,Destination,2.250928,24.25,0.27706409,2.715892811952402,1.2181191125673945,-1.4977736993850075
A088,T3,Destination,-0.11962351,74.91,-0.28160274,-0.17278516166060132,0.37714869602101886,0.5499338576816202
A088,T4,Destination,1.3004314,149.93,0.4318676,1.5576481668427713,1.4511473957886143,-0.106500771054157
A089,T1,Destination,1.5398204,1.0,0.19657242,1.8493599176771767,1.096953670816694,-0.7524062468604826
A089,T2,Destination,0.37108445,32.14,-0.19414687,0.4251758063035881,0.5087974631821652,0.08362165687857714
A089,T3,Destination,-0.0014881843,79.34,-0.7148968,-0.028829245994719758,-0.2750960168524306,-0.24626677085771087
A089,T4,Destination,0.8214839,146.96,-0.2248025,0.9740181179150373,0.46265103646377276,-0.5113670814512645
A090,T1,Destination,-0.3088941,1.0,-1.6779197,-0.4034242269073791,-1.724750311446399,-1.3213260845390198
A090,T2,Destination,-0.2992866,23.54,-1.2846583,-0.39171683581530076,-1.132767423596031,-0.7410505877807303
A090,T3,Destination,-0.48725727,95.42,-1.6414834,-0.6207718602784809,-1.6699021465957877,-1.0491302863173069
A090,T4,Destination,0.14262137,144.07,-1.7933134,0.14677803085099497,-1.8984543560481302,-2.045232386899125
A091,T1,Destination,1.1371102,1.0,-0.058466665,1.3586301952552042,0.7130391191901791,-0.6455910760650251
A091,T2,Destination,0.2593088,22.2,-0.27879846,0.2889695872953893,0.3813700250727413,0.09240043777735202
A091,T3,Destination,-0.6923325,73.64,-1.2304739,-0.8706699524885171,-1.0512027503572146,-0.18053279786869747
A091,T4,Destination,0.056037232,142.61,0.024066277,0.0412693796996565,0.8372773214341496,0.7960079417344931
A092,T1,Destination,-0.4201831,1.0,-0.014764063,-0.5390374298474061,0.7788253685869806,1.3178627984343867
A092,T2,Destination,-0.90574074,22.83,-0.7557341,-1.130722383188712,-0.3365690797719336,0.7941533034167785
A092,T3,Destination,-1.0292109,71.31,-0.26899004,-1.2811791566804103,0.39613480187730266,1.677313958557713
A092,T4,Destination,-0.44239357,146.16,-1.3647457,-0.5661023956167399,-1.253324311031278,-0.687221915414538
A093,T1,Destination,0.97299176,1.0,0.29553103,1.1586407325956365,1.24591770269335,0.0872769700977134
A093,T2,Destination,-0.6046585,22.09,-1.211867,-0.7638332304893622,-1.0231934761290726,-0.2593602456397104
A093,T3,Destination,-0.8998102,70.22,-1.6578104,-1.1234956175194728,-1.6944794496566347,-0.5709838321371619
A093,T4,Destination,-0.7954494,140.95,-1.7849536,-0.9963248966990542,-1.8858702108819594,-0.8895453141829052
A094,T1,Destination,-1.036037,1.0,-1.2510717,-1.289497223017505,-1.0822089592741444,0.20728826374336062
A094,T2,Destination,-0.29982325,22.98,-1.1742227,-0.39237078027843514,-0.966526888904632,-0.5741561086261968
A094,T3,Destination,-1.0888739,76.21,-1.5641828,-1.3538825732535742,-1.553540275279238,-0.1996577020256638
A094,T4,Destination,-1.2646453,149.99,-1.1065723,-1.5680719589004275,-0.8646916232105349,0.7033803356898926
A095,T1,Destination,1.3578781,1.0,0.2294867,1.6276508713808195,1.1465000807260206,-0.48115079065479893
A095,T2,Destination,-0.8642308,29.71,-1.0466974,-1.0801397028047715,-0.7745609462314262,0.3055787565733452
A095,T3,Destination,-0.6406247,78.76,-0.75168335,-0.807660487267495,-0.3304714188192953,0.47718906844819964
A095,T4,Destination,-0.86643106,148.79,-1.1310589,-1.0828208690107832,-0.9015517070673202,0.181269161943463
A096,T1,Destination,-0.46724647,1.0,0.22043192,-0.5963873417600982,1.1328697706746154,1.7292571124347136
A096,T2,Destination,-0.4302919,24.49,-0.29889137,-0.5513556890273803,0.3511238354209791,0.9024795244483594
A096,T3,Destination,-0.7520156,71.19,-0.29939425,-0.9433978622764558,0.35036684184204614,1.293764704118502
A096,T4,Destination,0.013857826,143.66,-0.45191222,-0.010129090461525596,0.12077901977337664,0.13090811023490223
A097,T1,Destination,-0.12557247,1.0,-1.1117997,-0.18003437335054465,-0.8725605148636414,-0.6925261415130968
A097,T2,Destination,0.08058321,24.37,-1.75146,0.07118032054624007,-1.8354517409977933,-1.9066320615440333
A097,T3,Destination,-0.33748123,70.83,-1.6033994,-0.43825958585716696,-1.612573671691072,-1.174314085833905
A097,T4,Destination,-0.29173175,144.85,-1.4632665,-0.38251073812162517,-1.401629300275909,-1.0191185621542838
A098,T1,Destination,0.36816895,1.0,-0.38894045,0.42162307159331436,0.215571466369074,-0.20605160522424035
A098,T2,Destination,1.0905981,25.77,-0.7021278,1.3019520432683338,-0.25587463002178473,-1.5578266732901185
A098,T3,Destination,0.41594142,78.84,-0.1247822,0.47983707000336706,0.6132132478520763,0.13337617784870925
A098,T4,Destination,-0.75626916,146.29,-0.53740335,-0.9485811139500048,-0.007912191779527481,0.9406689221704773
A099,T1,Destination,1.5832982,1.0,0.40282655,1.9023405690873423,1.4074314230406992,-0.49490914604664304
A099,T2,Destination,-0.39603183,28.75,0.0788101,-0.5096074674992012,0.9196841033647164,1.4292915708639176
A099,T3,Destination,-0.024725638,78.57,-0.43006015,-0.05714566113393012,0.15367330206019247,0.21081896319412258
A099,T4,Destination,1.3247222,143.51,0.80170184,1.5872481559699594,2.007864992331642,0.42061683636168246
A100,T1,Destination,-0.6996861,1.0,-0.58934057,-0.8796308133924678,-0.08609414780806197,0.7935366655844058
A100,T2,Destination,1.1456058,31.14,-0.59428596,1.3689826607001028,-0.09353852514523862,-1.4625211858453413
A100,T3,Destination,0.24805592,75.34,-1.1754352,0.27525718895323714,-0.9683520852028664,-1.2436092741561036
A100,T4,Destination,-1.136643,146.8,-1.3743583,-1.4120924650898063,-1.2677943167520285,0.14429814833777788
A101,T1,Destination,0.8865688,1.0,-0.7256049,1.053328487781164,-0.29121509683686475,-1.3445435846180287
A101,T2,Destination,-0.23393802,29.12,-0.9041368,-0.3120851539654989,-0.5599621178651507,-0.2478769638996518
A101,T3,Destination,-0.978317,75.21,-1.5923685,-1.2191614838725908,-1.5959686755292601,-0.3768071916566693
A101,T4,Destination,0.17299545,150.22,-1.676416,0.18379090970835388,-1.7224867669732815,-1.9062776766816354
A102,T1,Destination,0.20968845,1.0,-0.37550962,0.22850382163566396,0.23578911684183174,0.0072852952061677745
A102,T2,Destination,0.24436091,29.13,-0.21016592,0.2707545683798163,0.48468372234815643,0.2139291539683401
A102,T3,Destination,0.012451167,75.27,-0.4991781,-0.011843199964121677,0.04962890908570428,0.06147210904982596
A102,T4,Destination,-1.0560108,150.41,-0.42684937,-1.313836654523615,0.15850654228324054,1.4723431968068557
A103,T1,Destination,1.2595557,1.0,-1.4538294,1.5078383509632534,-1.3874234776069851,-2.8952618285702387
A103,T2,Destination,-0.42329043,27.26,-1.350898,-0.5428239224377936,-1.2324791392547303,-0.6896552168169366
A103,T3,Destination,0.97105753,80.24,-1.4905565,1.1562837420078633,-1.4427093885058664,-2.5989931305137297
A103,T4,Destination,-0.8396413,149.72,-1.4300045,-1.0501757274460768,-1.351559461701162,-0.30138373425508513
A104,T1,Destination,0.06332143,1.0,0.24507946,0.05014566955426332,1.1699721201744835,1.1198264506202202
A104,T2,Destination,0.2064909,22.6,0.028411277,0.22460738984940581,0.8438179217771018,0.6192105319276959
A104,T3,Destination,1.1526464,72.62,0.13863671,1.3775621098515873,1.009742088608368,-0.36782002124321944
A104,T4,Destination,-1.420157,145.78,-1.284099,-1.7575735244787738,-1.1319255000582145,0.6256480244205593
A105,T1,Destination,1.0632366,1.0,0.5449039,1.268610197692908,1.6213028071916167,0.3526926094987086
A105,T2,Destination,0.89520895,22.77,0.18196529,1.0638570972158994,1.0749653165042554,0.011108219288356036
A105,T3,Destination,0.023725206,69.46,-0.31218833,0.0018949820562107836,0.33110770167271175,0.32921271961650095
A105,T4,Destination,0.6975893,146.2,-0.22133994,0.8230441354641798,0.46786328528390914,-0.3551808501802706
A106,T1,Destination,1.2047487,1.0,0.3040899,1.4410523001088646,1.258801511222069,-0.1822507888867957
A106,T2,Destination,0.13819233,22.64,-0.6731347,0.14138094488248507,-0.212230837201705,-0.3536117820841901
A106,T3,Destination,0.28499973,66.08,-0.20144719,0.320275729895359,0.4978081707781006,0.17753244088274156
A106,T4,Destination,0.24336678,147.13,0.08071876,0.2695431534741314,0.9225572408216967,0.6530140873475653
A107,T1,Destination,-0.26651132,1.0,-1.5541539,-0.3517779317182542,-1.5384436062851221,-1.1866656745668678
A107,T2,Destination,-1.135201,26.22,-2.0352635,-1.4103352901790827,-2.262665842132667,-0.8523305519535842
A107,T3,Destination,-1.1414355,71.45,-1.4178009,-1.417932451746979,-1.333189180839194,0.08474327090778488
A107,T4,Destination,-1.0968966,145.95,-1.5716547,-1.3636587779389155,-1.564787849894314,-0.20112907195539842
A108,T1,Destination,-0.17483757,1.0,-0.34627223,-0.24006724276406013,0.27980064343815536,0.5198678862022155
A108,T2,Destination,-0.8555178,27.61,-1.000741,-1.0695223206985756,-0.7053820174395169,0.36414030325905866
A108,T3,Destination,0.98977315,68.96,-0.7485418,1.179089995754491,-0.3257423916599395,-1.5048323874144305
A108,T4,Destination,-0.94147485,152.12,-0.9805145,-1.1742668225431068,-0.6749347325518936,0.49933208999121315
A109,T1,Destination,-0.8293198,1.0,-1.2468426,-1.0375982788739313,-1.0758428251175551,-0.038244546243623834
A109,T2,Destination,-1.0111979,24.65,-1.7238507,-1.2592290931111563,-1.7938910051983297,-0.5346619120871734
A109,T3,Destination,-1.1678147,71.17,-1.0366689,-1.4500772980749679,-0.7594648793639244,0.6906124187110435
A109,T4,Destination,-0.6777049,149.87,-1.4776334,-0.852845228685396,-1.4232560323972345,-0.5704108037118385
