UID,TEST,LocationType,theta_accuracy,TSVR_hours,theta_confidence
A010,T1,Source,1.623562,1.0,0.17448673
A010,T2,Source,0.09898508,21.9,-0.3037461
A010,T3,Source,-0.5057274,80.88,-0.60833794
A010,T4,Source,0.5918101,145.31,-0.30186415
A011,T1,Source,0.12731029,1.0,0.1596272
A011,T2,Source,-0.20856883,24.57,-0.07109696
A011,T3,Source,-0.8450841,72.55,-0.55758905
A011,T4,Source,-0.13091515,148.85,-0.6507896
A012,T1,Source,1.0843484,1.0,0.31753725
A012,T2,Source,-0.13956255,25.6,-0.48179096
A012,T3,Source,1.1480632,166.33,0.19141072
A012,T4,Source,-0.95036143,166.87,-0.66581273
A013,T1,Source,-0.15501398,1.0,-0.29861355
A013,T2,Source,-0.8239752,24.77,-0.6228663
A013,T3,Source,0.5210637,79.66,-0.24238825
A013,T4,Source,-1.5770361,147.13,-1.3331907
A014,T1,Source,0.47304404,1.0,-0.031813502
A014,T2,Source,1.1207099,25.66,0.18207222
A014,T3,Source,0.04152508,70.56,-0.1878528
A014,T4,Source,-1.1226914,148.87,-0.5197751
A015,T1,Source,1.200968,1.0,0.44874752
A015,T2,Source,1.5226954,23.69,0.42993748
A015,T3,Source,1.1774372,70.59,0.30549893
A015,T4,Source,-0.10652651,146.54,0.046463996
A016,T1,Source,1.356192,1.0,0.16626775
A016,T2,Source,1.3373035,32.85,-0.32279885
A016,T3,Source,-0.013329637,80.64,-0.54458106
A016,T4,Source,-1.0709041,150.8,-0.9673253
A017,T1,Source,-0.2286647,1.0,0.21982366
A017,T2,Source,0.8418083,20.61,0.46172476
A017,T3,Source,0.1830041,61.28,0.8226489
A017,T4,Source,1.0870038,140.49,0.6389233
A018,T1,Source,0.9366276,1.0,0.004606247
A018,T2,Source,0.34145153,34.03,-0.039483607
A018,T3,Source,-0.39613545,83.64,-0.38797164
A018,T4,Source,0.23495352,150.87,-1.1772233
A019,T1,Source,-0.8907665,1.0,-1.758747
A019,T2,Source,-0.8944451,28.69,-1.7724334
A019,T3,Source,-0.5290039,83.68,-1.7526711
A019,T4,Source,-1.2386124,154.76,-1.7895333
A020,T1,Source,0.35700476,1.0,-0.16867858
A020,T2,Source,0.35810092,26.85,0.11688295
A020,T3,Source,-0.56137884,78.25,-0.9363257
A020,T4,Source,-1.6343551,145.78,-1.5627393
A021,T1,Source,1.2139407,1.0,0.111996144
A021,T2,Source,-0.017297959,30.21,-0.0767858
A021,T3,Source,0.36036015,74.19,-0.07866058
A021,T4,Source,1.0062183,140.39,0.34730133
A022,T1,Source,0.1581856,1.0,-0.6056523
A022,T2,Source,0.90218073,24.15,-1.1806171
A022,T3,Source,0.64592147,74.46,-0.50528514
A022,T4,Source,0.74378496,141.71,-1.6193532
A023,T1,Source,0.8170031,1.0,-0.008607179
A023,T2,Source,0.5076978,25.63,-0.12537467
A023,T3,Source,0.6582759,72.2,-0.39015383
A023,T4,Source,-0.32591987,145.07,-0.29832917
A024,T1,Source,0.31113845,1.0,-0.20211285
A024,T2,Source,0.54446435,29.57,0.16492903
A024,T3,Source,-0.2945651,91.47,-0.4272341
A024,T4,Source,-1.4681152,145.65,-1.0978867
A025,T1,Source,1.0412298,1.0,0.45483387
A025,T2,Source,1.480383,23.33,0.08867258
A025,T3,Source,0.13729797,72.94,-0.25969863
A025,T4,Source,-0.3094319,137.74,-1.2874054
A026,T1,Source,0.8561924,1.0,-0.25306702
A026,T2,Source,-0.1953155,26.48,-0.28826064
A026,T3,Source,0.7336966,75.46,-0.34990782
A026,T4,Source,-0.42854974,147.65,-0.17483813
A027,T1,Source,0.59530455,1.0,0.12711489
A027,T2,Source,0.7602098,28.26,-0.27823544
A027,T3,Source,-0.47716057,74.58,-0.8404651
A027,T4,Source,-0.4226555,145.92,-1.3038985
A028,T1,Source,1.1920228,1.0,0.13968277
A028,T2,Source,-0.37323314,22.82,-0.14180255
A028,T3,Source,0.4525285,72.26,-0.52440846
A028,T4,Source,-1.4747403,138.91,-1.3177925
A029,T1,Source,1.4011933,1.0,0.76609373
A029,T2,Source,0.22787775,28.43,0.4118755
A029,T3,Source,1.1538624,93.26,0.08174226
A029,T4,Source,-0.056302976,143.14,-0.24477404
A030,T1,Source,0.77168596,1.0,-0.19728833
A030,T2,Source,1.0246594,32.95,0.21377146
A030,T3,Source,0.54660773,71.93,-0.47402352
A030,T4,Source,1.3088306,150.46,0.2392587
A031,T1,Source,1.2707294,1.0,0.35223007
A031,T2,Source,-0.06876846,32.41,0.066912115
A031,T3,Source,-0.23774107,71.56,-0.6555821
A031,T4,Source,-1.0014096,143.85,-0.9255208
A032,T1,Source,0.95065767,1.0,0.3556729
A032,T2,Source,-0.558087,57.18,-0.22092295
A032,T3,Source,0.03167592,80.16,-0.07842231
A032,T4,Source,1.2263699,144.51,-0.18293339
A033,T1,Source,0.01302593,1.0,-0.08154905
A033,T2,Source,0.11565804,29.16,-0.30839193
A033,T3,Source,1.0797325,72.6,0.06875718
A033,T4,Source,-0.57237154,168.33,-0.2847555
A034,T1,Source,1.4213097,1.0,0.4980229
A034,T2,Source,1.3198788,26.08,0.47552276
A034,T3,Source,0.29753846,74.28,0.22463083
A034,T4,Source,0.2194541,145.38,-0.19622636
A035,T1,Source,-0.58022076,1.0,-0.3433745
A035,T2,Source,0.94498247,44.76,0.07683998
A035,T3,Source,-0.67052317,79.98,-0.58164066
A035,T4,Source,-1.0736576,152.47,-1.0525974
A036,T1,Source,0.56033707,1.0,-1.515249
A036,T2,Source,0.11009441,21.63,-1.7673868
A036,T3,Source,-0.44275582,71.47,-1.5560216
A036,T4,Source,-1.2420775,143.85,-1.4760953
A037,T1,Source,0.971286,1.0,0.2787043
A037,T2,Source,0.94823486,23.7,-0.2574504
A037,T3,Source,0.0045165215,72.08,-0.7351769
A037,T4,Source,-0.5205274,143.66,-0.8546302
A038,T1,Source,0.71647024,1.0,-0.1395585
A038,T2,Source,-0.52280927,71.85,-0.053043365
A038,T3,Source,1.3734354,72.86,-0.21951783
A038,T4,Source,-0.27067098,152.89,0.08328974
A039,T1,Source,1.3928413,1.0,0.73000395
A039,T2,Source,0.31963685,28.65,0.41058666
A039,T3,Source,1.0655857,98.84,0.14971769
A039,T4,Source,0.74151385,246.24,-0.43495274
A040,T1,Source,-0.46198902,1.0,-0.16564754
A040,T2,Source,-0.335709,26.26,-0.172449
A040,T3,Source,-1.4675875,71.28,-0.5883464
A040,T4,Source,-1.0677122,143.53,-0.6348135
A041,T1,Source,1.079175,1.0,0.57319
A041,T2,Source,-1.0853513,31.78,-0.13804448
A041,T3,Source,-0.1782166,75.74,-0.16103083
A041,T4,Source,0.9023358,141.84,0.17215323
A042,T1,Source,-0.5589121,1.0,-1.0337087
A042,T2,Source,-1.3708228,28.93,-1.7239662
A042,T3,Source,-0.8300745,72.17,-1.6143719
A042,T4,Source,-1.5882493,146.02,-1.1435481
A043,T1,Source,0.66669923,1.0,0.59257984
A043,T2,Source,0.21157885,25.62,0.5617119
A043,T3,Source,-0.3631573,64.94,0.09755397
A043,T4,Source,-0.15410642,149.33,-0.34350193
A044,T1,Source,-0.77502024,1.0,-1.3338357
A044,T2,Source,-0.4404797,47.66,-0.66508615
A044,T3,Source,-1.4569299,91.63,-1.8109468
A044,T4,Source,-1.2631737,155.27,-1.6222793
A045,T1,Source,-0.5580017,1.0,-0.38404018
A045,T2,Source,-0.8744425,24.66,-0.6423161
A045,T3,Source,-0.7973534,72.23,-0.35081738
A045,T4,Source,-0.57261163,151.52,-0.5377878
A046,T1,Source,-0.6971506,1.0,-0.62573093
A046,T2,Source,-1.4928403,24.32,-0.99523413
A046,T3,Source,-1.7452676,73.05,-1.7675588
A046,T4,Source,-0.63528097,147.94,-0.8553399
A047,T1,Source,-0.35001668,1.0,-1.007689
A047,T2,Source,-0.16671039,23.46,-0.56241226
A047,T3,Source,-1.3709793,76.85,-1.3289393
A047,T4,Source,-1.6715268,144.22,-1.6812772
A048,T1,Source,1.1008136,1.0,-0.008808553
A048,T2,Source,0.42243886,23.91,-0.018692851
A048,T3,Source,-0.026019838,81.15,-0.49071383
A048,T4,Source,-0.17341782,146.3,-0.41868603
A049,T1,Source,1.1971763,1.0,0.5404597
A049,T2,Source,-1.2098973,27.12,-0.4187739
A049,T3,Source,0.85623467,111.38,0.034439206
A049,T4,Source,-0.14212708,168.86,-0.38463807
A050,T1,Source,0.004513393,1.0,-0.0103881955
A050,T2,Source,-0.64157915,24.73,0.058078706
A050,T3,Source,-0.91331995,93.39,-1.3177676
A050,T4,Source,-0.3250553,148.69,-1.1985415
A051,T1,Source,1.209352,1.0,0.16485643
A051,T2,Source,-0.22324474,17.16,0.16090524
A051,T3,Source,-0.78436285,65.63,-0.5013564
A051,T4,Source,-0.21998222,146.99,-0.57058275
A052,T1,Source,0.78120226,1.0,-0.14410955
A052,T2,Source,-0.19870977,31.76,-0.61099494
A052,T3,Source,0.39233577,80.98,-0.54251736
A052,T4,Source,-0.8431323,153.27,-0.51613855
A053,T1,Source,1.0110499,1.0,0.014833719
A053,T2,Source,0.9028614,32.71,-1.8323704
A053,T3,Source,-0.8095616,78.28,-2.127089
A053,T4,Source,-0.7212973,148.9,-1.9886991
A054,T1,Source,-0.009010122,1.0,0.5543531
A054,T2,Source,1.0112917,16.9,0.24080098
A054,T3,Source,1.1221242,72.83,0.5224607
A054,T4,Source,1.0953832,136.83,0.43864214
A055,T1,Source,-0.104547046,1.0,-0.02007413
A055,T2,Source,0.97470355,23.24,-0.81075394
A055,T3,Source,-1.0984837,74.48,-1.3454837
A055,T4,Source,-1.8678097,149.21,-1.6561404
A056,T1,Source,0.7685593,1.0,-0.09425974
A056,T2,Source,-0.08752507,33.61,-1.0433567
A056,T3,Source,0.2292436,71.46,-1.2179855
A056,T4,Source,-1.4955524,147.84,-1.5301504
A057,T1,Source,0.12942022,1.0,0.0127590895
A057,T2,Source,-1.3945471,24.78,-0.72472906
A057,T3,Source,-0.56744486,73.83,-0.981297
A057,T4,Source,-1.7203946,145.06,-1.6090205
A058,T1,Source,1.3013333,1.0,0.061943173
A058,T2,Source,-0.7516616,22.96,-0.76731753
A058,T3,Source,0.24483971,66.28,-0.39766318
A058,T4,Source,-0.613019,143.48,-1.1715075
A059,T1,Source,0.78058815,1.0,-0.25681245
A059,T2,Source,0.78051406,30.4,-0.34766477
A059,T3,Source,1.2624742,79.78,-0.4188016
A059,T4,Source,0.8706269,151.93,-0.101484
A060,T1,Source,-0.73423666,1.0,-0.644866
A060,T2,Source,0.89305395,24.87,-0.09615028
A060,T3,Source,-0.4122879,94.68,-0.114304185
A060,T4,Source,0.5975928,143.91,0.22243512
A061,T1,Source,1.7025199,1.0,0.70674014
A061,T2,Source,0.41044217,35.16,0.34549332
A061,T3,Source,0.69539714,82.55,-0.16252935
A061,T4,Source,-0.7289813,146.56,0.027568102
A062,T1,Source,0.62293416,1.0,0.24922419
A062,T2,Source,-0.07864903,44.69,-0.39694244
A062,T3,Source,-0.71697104,92.72,-0.5588065
A062,T4,Source,-0.91934156,149.18,-1.200749
A063,T1,Source,1.103137,1.0,-0.98894
A063,T2,Source,1.1051809,21.98,-1.4651557
A063,T3,Source,0.2864874,69.99,-1.5791053
A063,T4,Source,-0.9610751,141.09,-1.7509248
A064,T1,Source,0.73301834,1.0,0.08150023
A064,T2,Source,1.187793,37.65,-0.2014035
A064,T3,Source,-0.08421605,82.99,-0.4634593
A064,T4,Source,-1.2915661,156.21,-0.86327004
A065,T1,Source,-1.3585184,1.0,-0.28583542
A065,T2,Source,-0.18607779,32.31,-1.6586721
A065,T3,Source,-1.534947,106.41,-1.6791027
A065,T4,Source,-1.4947524,187.43,-1.5810145
A066,T1,Source,-0.03744735,1.0,-0.65797085
A066,T2,Source,-0.48925865,23.35,-0.46232635
A066,T3,Source,-0.78109145,73.79,-0.7121843
A066,T4,Source,-1.5672717,164.93,-1.2585001
A067,T1,Source,0.33184186,1.0,-0.26883042
A067,T2,Source,-1.4980056,29.91,-1.6097723
A067,T3,Source,-1.2921559,73.19,-1.6110896
A067,T4,Source,-1.626856,144.19,-1.3744572
A068,T1,Source,1.1554995,1.0,0.46348393
A068,T2,Source,-0.113646984,30.49,0.3130849
A068,T3,Source,1.1442444,82.98,0.21906394
A068,T4,Source,-0.48383042,155.59,-0.26454616
A069,T1,Source,-1.0576996,1.0,-1.0210688
A069,T2,Source,-0.9050108,24.96,-1.6984748
A069,T3,Source,-0.53834414,79.75,-1.6173936
A069,T4,Source,-1.7287896,140.22,-1.4792693
A070,T1,Source,-0.16930422,1.0,0.087869346
A070,T2,Source,0.23320425,24.25,-0.45063603
A070,T3,Source,-0.75356513,81.92,-0.8471191
A070,T4,Source,-1.1904025,149.2,-1.7073361
A071,T1,Source,0.5082413,1.0,0.43833178
A071,T2,Source,0.83159643,30.92,-0.42639652
A071,T3,Source,-0.4841799,79.96,-0.97401035
A071,T4,Source,0.43548703,153.27,-0.51238585
A072,T1,Source,1.1708913,1.0,0.40019226
A072,T2,Source,1.1662811,33.76,0.20886338
A072,T3,Source,-0.9678977,83.54,-0.44359374
A072,T4,Source,-0.172895,154.89,-0.7566408
A073,T1,Source,1.1209983,1.0,-0.54192835
A073,T2,Source,0.3522422,66.66,-0.66379476
A073,T3,Source,1.3783715,66.9,-0.71545494
A073,T4,Source,1.4486346,140.12,-0.67257667
A074,T1,Source,1.0531274,1.0,0.26932
A074,T2,Source,0.28312021,29.33,-0.34384635
A074,T3,Source,-0.56265223,73.02,-0.51103044
A074,T4,Source,-0.6709876,147.21,-0.40131557
A075,T1,Source,1.2248234,1.0,-0.25515464
A075,T2,Source,0.43895453,28.68,-0.23953032
A075,T3,Source,-1.422566,71.37,-1.3759944
A075,T4,Source,-0.6957722,244.53,-0.74685985
A076,T1,Source,0.15540236,1.0,-0.5924384
A076,T2,Source,-1.0829679,27.3,-1.6846266
A076,T3,Source,-1.1610296,74.88,-1.0939492
A076,T4,Source,-1.1055614,149.28,-1.4926583
A077,T1,Source,0.5334684,1.0,0.22672701
A077,T2,Source,-0.17786074,53.88,-0.44985828
A077,T3,Source,-0.0657532,78.36,-0.3103215
A077,T4,Source,-0.39172974,149.75,-0.20550269
A078,T1,Source,-0.5279406,1.0,-0.8952676
A078,T2,Source,0.1811822,26.17,-0.8208281
A078,T3,Source,-0.7775617,72.3,-1.2026373
A078,T4,Source,-1.4361522,140.08,-1.6080743
A079,T1,Source,0.019097133,1.0,-0.3214581
A079,T2,Source,0.19691332,26.11,-0.059033513
A079,T3,Source,-0.70234376,74.0,-0.71068835
A079,T4,Source,-0.62206274,194.42,-0.85501325
A080,T1,Source,0.10537331,1.0,0.21134722
A080,T2,Source,0.5328905,29.03,-0.20075512
A080,T3,Source,0.045848988,72.87,-0.6536064
A080,T4,Source,-0.66487795,145.77,-0.9984222
A081,T1,Source,0.37206882,1.0,-0.014630079
A081,T2,Source,-0.42201942,31.39,-0.104610205
A081,T3,Source,0.83210707,80.13,-0.20947611
A081,T4,Source,-0.09271791,154.53,-0.9656583
A082,T1,Source,0.071322605,1.0,0.0642319
A082,T2,Source,1.181799,27.97,-0.109985024
A082,T3,Source,1.0123066,75.71,-0.48187196
A082,T4,Source,-0.5707041,170.25,-0.9638303
A083,T1,Source,1.2475034,1.0,0.115965486
A083,T2,Source,0.6259196,25.15,-0.25223792
A083,T3,Source,0.113821276,74.3,-0.23575792
A083,T4,Source,0.19219941,144.91,-0.6712417
A084,T1,Source,0.8040474,1.0,-1.398021
A084,T2,Source,0.14113443,27.25,-1.5269368
A084,T3,Source,-0.11596396,91.97,-0.8032251
A084,T4,Source,-0.59100777,162.51,-1.2504457
A085,T1,Source,-0.11570579,1.0,0.009534121
A085,T2,Source,1.1474876,24.51,0.43711734
A085,T3,Source,-0.103653476,71.4,0.16515636
A085,T4,Source,-0.4273231,170.65,-0.41915497
A086,T1,Source,0.7650894,1.0,0.20403749
A086,T2,Source,0.30255273,23.47,0.3149156
A086,T3,Source,-1.0298048,145.29,-0.87440115
A086,T4,Source,-0.8856172,169.55,-0.9964989
A087,T1,Source,-0.14446898,1.0,0.33115876
A087,T2,Source,0.79339594,31.07,-0.1054703
A087,T3,Source,0.07429415,72.8,-0.18653458
A087,T4,Source,0.63730603,144.2,0.20118752
A088,T1,Source,1.3610681,1.0,0.077822685
A088,T2,Source,1.6403587,24.25,-0.090958476
A088,T3,Source,1.0740212,74.91,-0.15303862
A088,T4,Source,1.2408419,149.93,-0.092690825
A089,T1,Source,0.95078164,1.0,0.24442697
A089,T2,Source,1.0349191,32.14,0.30268687
A089,T3,Source,0.30402267,79.34,-0.1558888
A089,T4,Source,-0.14708613,146.96,-0.14095879
A090,T1,Source,-0.23930658,1.0,-1.7046252
A090,T2,Source,0.0107415775,23.54,-1.2133199
A090,T3,Source,-0.9169951,95.42,-1.7288464
A090,T4,Source,-0.89684373,144.07,-1.8383566
A091,T1,Source,0.61024165,1.0,-0.06817329
A091,T2,Source,-0.23226447,22.2,-0.6159316
A091,T3,Source,-1.0321478,73.64,-1.297504
A091,T4,Source,-1.0876396,142.61,-0.45737362
A092,T1,Source,0.23328507,1.0,0.16628128
A092,T2,Source,-0.8227533,22.83,-0.09658414
A092,T3,Source,-0.70078677,71.31,-0.5907904
A092,T4,Source,-0.77845037,146.16,-1.3193048
A093,T1,Source,0.17902495,1.0,0.20957875
A093,T2,Source,1.032644,22.09,-1.2093322
A093,T3,Source,-0.19266124,70.22,-1.6360039
A093,T4,Source,0.2726866,140.95,-1.8417343
A094,T1,Source,-1.0644217,1.0,-1.2259504
A094,T2,Source,0.04552735,22.98,-1.0553681
A094,T3,Source,-0.8497856,76.21,-1.6303165
A094,T4,Source,-1.2777404,149.99,-1.4738028
A095,T1,Source,1.0975536,1.0,0.16226995
A095,T2,Source,0.2966555,29.71,-0.7363977
A095,T3,Source,0.022464879,78.76,-0.20635152
A095,T4,Source,-0.32706589,148.79,-0.9732964
A096,T1,Source,-0.277075,1.0,-0.10050857
A096,T2,Source,0.10875838,24.49,-0.34578586
A096,T3,Source,-1.7827787,71.19,-0.47693783
A096,T4,Source,-1.7271752,143.66,-0.44960964
A097,T1,Source,0.1794386,1.0,-1.0187418
A097,T2,Source,-0.54056513,24.37,-1.8563917
A097,T3,Source,0.7713108,70.83,-1.700936
A097,T4,Source,-1.0911156,144.85,-1.5027418
A098,T1,Source,0.7291178,1.0,0.4312213
A098,T2,Source,0.0246297,25.77,0.036384776
A098,T3,Source,1.1876998,78.84,0.3321092
A098,T4,Source,-0.93667495,146.29,-0.21873945
A099,T1,Source,0.5694854,1.0,-0.10711205
A099,T2,Source,1.1351792,28.75,0.106170654
A099,T3,Source,0.34919107,78.57,-0.062931776
A099,T4,Source,1.2946471,143.51,0.43014896
A100,T1,Source,-0.06639828,1.0,-0.8735585
A100,T2,Source,1.3288726,31.14,-0.82988405
A100,T3,Source,0.2789706,75.34,-1.1911968
A100,T4,Source,0.11508391,146.8,-1.6574647
A101,T1,Source,-0.39517584,1.0,-0.7027124
A101,T2,Source,-0.64429396,29.12,-1.3277925
A101,T3,Source,-1.402536,75.21,-1.7045931
A101,T4,Source,-1.0298448,150.22,-1.8163987
A102,T1,Source,-0.4269469,1.0,-0.3985268
A102,T2,Source,1.3623424,29.13,-0.02649939
A102,T3,Source,-0.3569574,75.27,-0.38575232
A102,T4,Source,-0.13239342,150.41,-0.4196909
A103,T1,Source,1.1801236,1.0,-1.6121315
A103,T2,Source,-0.6768038,27.26,-1.4930031
A103,T3,Source,-0.973742,80.24,-1.578493
A103,T4,Source,-0.9487724,149.72,-1.5767274
A104,T1,Source,1.2842352,1.0,0.27913165
A104,T2,Source,0.9625718,22.6,0.30397457
A104,T3,Source,-0.589731,72.62,-0.14866999
A104,T4,Source,-1.3339353,145.78,-1.2789935
A105,T1,Source,0.53870964,1.0,0.61516607
A105,T2,Source,0.46811488,22.77,0.41612887
A105,T3,Source,-1.190793,69.46,-0.3236314
A105,T4,Source,-0.1631536,146.2,-0.2430712
A106,T1,Source,0.7179772,1.0,-0.03485644
A106,T2,Source,-0.1352828,22.64,-0.6778077
A106,T3,Source,-0.20217995,66.08,-0.17605197
A106,T4,Source,0.47873917,147.13,-0.37065715
A107,T1,Source,-0.89261144,1.0,-1.6091614
A107,T2,Source,-1.3602527,26.22,-2.1841025
A107,T3,Source,-0.8110506,71.45,-1.3234899
A107,T4,Source,-1.0200406,145.95,-1.6889918
A108,T1,Source,-0.8011535,1.0,-0.7909203
A108,T2,Source,-0.5113533,27.61,-0.80433625
A108,T3,Source,0.030380113,68.96,-0.7921201
A108,T4,Source,-1.5837336,152.12,-0.76942104
A109,T1,Source,-0.121756904,1.0,-1.3589526
A109,T2,Source,-0.9755655,24.65,-1.8378288
A109,T3,Source,0.17754932,71.17,-0.98674816
A109,T4,Source,-1.646698,149.87,-1.5363755
A010,T1,Destination,2.010915,1.0,0.13693643
A010,T2,Destination,1.0975147,21.9,-0.1731106
A010,T3,Destination,-1.186541,80.88,-0.446819
A010,T4,Destination,-0.4293288,145.31,-0.80998075
A011,T1,Destination,1.1835473,1.0,0.5820918
A011,T2,Destination,0.07751111,24.57,0.20171207
A011,T3,Destination,-0.5014456,72.55,-0.08963197
A011,T4,Destination,-0.84890825,148.85,-0.9402442
A012,T1,Destination,0.33868304,1.0,0.11614872
A012,T2,Destination,-1.1255839,25.6,-0.8692789
A012,T3,Destination,0.09193352,166.33,-0.61992574
A012,T4,Destination,-0.9537699,166.87,-0.3019384
A013,T1,Destination,-0.035398606,1.0,-0.050787084
A013,T2,Destination,-0.3057711,24.77,-0.3442688
A013,T3,Destination,0.9779469,79.66,-0.10295295
A013,T4,Destination,-0.066024296,147.13,-1.3484422
A014,T1,Destination,0.7553257,1.0,0.284858
A014,T2,Destination,-0.4665811,25.66,-0.02648484
A014,T3,Destination,0.12054519,70.56,-0.5064211
A014,T4,Destination,-0.5400671,148.87,-0.8566756
A015,T1,Destination,1.0023323,1.0,0.5536311
A015,T2,Destination,1.4194467,23.69,0.047094353
A015,T3,Destination,0.24626894,70.59,-0.40970647
A015,T4,Destination,-0.43521827,146.54,-0.6451764
A016,T1,Destination,1.7207321,1.0,-0.053390674
A016,T2,Destination,1.479976,32.85,0.14018714
A016,T3,Destination,-0.6975632,80.64,-0.67556345
A016,T4,Destination,-0.8562173,150.8,-0.4178216
A017,T1,Destination,-0.15520337,1.0,0.50636506
A017,T2,Destination,0.41041905,20.61,0.6012197
A017,T3,Destination,0.22881152,61.28,0.8671315
A017,T4,Destination,-0.7611534,140.49,0.228042
A018,T1,Destination,1.5116286,1.0,0.3249135
A018,T2,Destination,0.4516168,34.03,-0.11045133
A018,T3,Destination,-0.5255531,83.64,-0.8337312
A018,T4,Destination,-0.6034264,150.87,-1.1547185
A019,T1,Destination,-1.1137557,1.0,-1.7082322
A019,T2,Destination,0.2184492,28.69,-1.6998299
A019,T3,Destination,-0.34441203,83.68,-1.5546432
A019,T4,Destination,-0.9084577,154.76,-1.6211447
A020,T1,Destination,-0.39048332,1.0,0.084936984
A020,T2,Destination,0.15357906,26.85,-0.38507468
A020,T3,Destination,-0.33567235,78.25,-0.8200439
A020,T4,Destination,-1.1523182,145.78,-1.4524196
A021,T1,Destination,0.64160866,1.0,-0.29108983
A021,T2,Destination,0.47721207,30.21,-0.21397233
A021,T3,Destination,-0.59433186,74.19,-0.72609866
A021,T4,Destination,-0.99789435,140.39,-0.52507687
A022,T1,Destination,-0.42679092,1.0,-0.9335841
A022,T2,Destination,-0.60329264,24.15,-1.239637
A022,T3,Destination,-0.09910751,74.46,-0.8647789
A022,T4,Destination,-0.08970222,141.71,-1.5464507
A023,T1,Destination,0.1930206,1.0,0.20654905
A023,T2,Destination,0.101476,25.63,-0.33590782
A023,T3,Destination,-0.27825373,72.2,-0.5276897
A023,T4,Destination,0.92574984,145.07,-0.09092378
A024,T1,Destination,-0.26954484,1.0,-0.490049
A024,T2,Destination,-0.57454836,29.57,-0.613402
A024,T3,Destination,0.0074428213,91.47,-0.31282544
A024,T4,Destination,-0.940981,145.65,-0.15840495
A025,T1,Destination,0.05380287,1.0,-0.07447063
A025,T2,Destination,1.5041252,23.33,-0.09470015
A025,T3,Destination,-0.27671874,72.94,-0.74952257
A025,T4,Destination,-0.14176248,137.74,-1.3529526
A026,T1,Destination,1.0732766,1.0,0.08161802
A026,T2,Destination,0.63977706,26.48,0.023693688
A026,T3,Destination,0.61266387,75.46,-0.2586269
A026,T4,Destination,-0.2835504,147.65,0.07215012
A027,T1,Destination,0.52744526,1.0,0.20354348
A027,T2,Destination,1.2530484,28.26,0.24188459
A027,T3,Destination,-0.48801902,74.58,-0.9671205
A027,T4,Destination,0.38854283,145.92,-1.2659346
A028,T1,Destination,1.5729234,1.0,0.4769665
A028,T2,Destination,0.35054204,22.82,0.1722151
A028,T3,Destination,0.36001632,72.26,-0.31882703
A028,T4,Destination,-0.4464555,138.91,-0.9104983
A029,T1,Destination,1.7540342,1.0,0.58631253
A029,T2,Destination,0.9775655,28.43,-0.057473175
A029,T3,Destination,0.37505868,93.26,-0.2605461
A029,T4,Destination,1.0688435,143.14,-0.15465695
A030,T1,Destination,-0.5316837,1.0,-0.780341
A030,T2,Destination,1.5800109,32.95,-0.3914131
A030,T3,Destination,0.7544972,71.93,-0.36319333
A030,T4,Destination,0.12028915,150.46,-0.6311003
A031,T1,Destination,1.4608339,1.0,0.8747201
A031,T2,Destination,-0.6116699,32.41,0.28195387
A031,T3,Destination,-0.31054813,71.56,-0.69375503
A031,T4,Destination,-0.8304748,143.85,-0.59017634
A032,T1,Destination,-0.66399795,1.0,0.09588946
A032,T2,Destination,-0.2995187,57.18,-0.33580983
A032,T3,Destination,0.80790555,80.16,-0.16218269
A032,T4,Destination,1.2733109,144.51,0.07253409
A033,T1,Destination,-0.8207058,1.0,-0.24775255
A033,T2,Destination,0.05391906,29.16,-0.5203942
A033,T3,Destination,0.01400444,72.6,0.00516624
A033,T4,Destination,-1.3077472,168.33,-0.8157016
A034,T1,Destination,1.5448427,1.0,0.45592862
A034,T2,Destination,1.3082612,26.08,0.5142764
A034,T3,Destination,-1.1147809,74.28,-0.14541733
A034,T4,Destination,-0.6969951,145.38,-0.5549027
A035,T1,Destination,0.30524516,1.0,-0.10640716
A035,T2,Destination,-0.05189664,44.76,-0.21338701
A035,T3,Destination,-0.003024264,79.98,-0.4429525
A035,T4,Destination,-1.0853919,152.47,-1.2231709
A036,T1,Destination,1.3103865,1.0,-1.4248906
A036,T2,Destination,-0.8839064,21.63,-1.6166325
A036,T3,Destination,-0.5670363,71.47,-1.5186924
A036,T4,Destination,-0.9257591,143.85,-1.4868759
A037,T1,Destination,-0.37298724,1.0,0.028820284
A037,T2,Destination,0.8601754,23.7,-0.7307667
A037,T3,Destination,0.52264977,72.08,0.039971896
A037,T4,Destination,-0.7062983,143.66,-1.0604337
A038,T1,Destination,1.0395416,1.0,0.03535945
A038,T2,Destination,-0.28525016,71.85,0.09267629
A038,T3,Destination,0.56079465,72.86,0.19205713
A038,T4,Destination,-0.17457396,152.89,-0.28523612
A039,T1,Destination,1.7322454,1.0,0.38967586
A039,T2,Destination,1.3414384,28.65,0.80260557
A039,T3,Destination,0.9721396,98.84,0.2218445
A039,T4,Destination,1.2233254,246.24,0.04020334
A040,T1,Destination,-0.9852747,1.0,0.0019404963
A040,T2,Destination,0.88222194,26.26,-0.18772006
A040,T3,Destination,-0.9794845,71.28,-0.48499733
A040,T4,Destination,-1.104057,143.53,-0.6703814
A041,T1,Destination,0.22410686,1.0,0.15652198
A041,T2,Destination,-0.6096121,31.78,-0.7230804
A041,T3,Destination,1.0298018,75.74,-0.0652492
A041,T4,Destination,-0.39342585,141.84,-0.47451437
A042,T1,Destination,-1.0510693,1.0,-1.1043742
A042,T2,Destination,-0.29213598,28.93,-1.6247622
A042,T3,Destination,0.27557984,72.17,-1.5245684
A042,T4,Destination,-0.4915242,146.02,-0.28710085
A043,T1,Destination,0.49942693,1.0,0.70260984
A043,T2,Destination,0.4424877,25.62,0.67980015
A043,T3,Destination,0.3511134,64.94,0.41440833
A043,T4,Destination,-0.25678244,149.33,0.2691201
A044,T1,Destination,1.1713588,1.0,-1.2625083
A044,T2,Destination,0.16294117,47.66,-0.9418907
A044,T3,Destination,-1.3014706,91.63,-1.6548837
A044,T4,Destination,-1.0086085,155.27,-1.4638461
A045,T1,Destination,0.16803594,1.0,0.107430644
A045,T2,Destination,-0.48629287,24.66,-0.14785308
A045,T3,Destination,-0.9015519,72.23,0.015569456
A045,T4,Destination,-0.6140947,151.52,-0.85659695
A046,T1,Destination,-0.82893044,1.0,-0.8858392
A046,T2,Destination,-1.229845,24.32,-1.0892278
A046,T3,Destination,-0.9712328,73.05,-1.7300338
A046,T4,Destination,-0.8551873,147.94,-1.0145254
A047,T1,Destination,-0.9314449,1.0,-0.9911052
A047,T2,Destination,0.0011731267,23.46,-0.91325116
A047,T3,Destination,-0.31743395,76.85,-1.3284942
A047,T4,Destination,0.5841509,144.22,-1.5817481
A048,T1,Destination,1.7055423,1.0,-0.04382407
A048,T2,Destination,-0.21394376,23.91,-0.3519171
A048,T3,Destination,0.59561753,81.15,0.005485378
A048,T4,Destination,0.05674492,146.3,-0.07758277
A049,T1,Destination,0.7261273,1.0,0.19780612
A049,T2,Destination,-0.3937213,27.12,-0.8922324
A049,T3,Destination,0.6229021,111.38,-0.18853784
A049,T4,Destination,1.4647734,168.86,-0.34735084
A050,T1,Destination,-0.91308653,1.0,-0.108382456
A050,T2,Destination,-0.0066963215,24.73,-0.07980966
A050,T3,Destination,-0.35299146,93.39,-0.90844625
A050,T4,Destination,0.8914575,148.69,-1.2433821
A051,T1,Destination,1.8028108,1.0,0.47366124
A051,T2,Destination,0.049381785,17.16,0.22646618
A051,T3,Destination,0.1110302,65.63,-0.20670265
A051,T4,Destination,0.03827322,146.99,-0.3287778
A052,T1,Destination,-0.4868811,1.0,-0.6850114
A052,T2,Destination,0.9826763,31.76,-0.23417139
A052,T3,Destination,-0.23479229,80.98,-0.9427875
A052,T4,Destination,0.060775243,153.27,0.034749992
A053,T1,Destination,0.830601,1.0,-0.4502908
A053,T2,Destination,0.35691914,32.71,-1.6746286
A053,T3,Destination,-0.111180075,78.28,-2.037302
A053,T4,Destination,-0.24006987,148.9,-1.89259
A054,T1,Destination,0.4994956,1.0,0.4693622
A054,T2,Destination,-0.12840416,16.9,-0.2542895
A054,T3,Destination,-0.02643241,72.83,-0.4796437
A054,T4,Destination,0.17176248,136.83,-0.043233745
A055,T1,Destination,-0.5361741,1.0,-0.03458076
A055,T2,Destination,0.75660616,23.24,-1.02525
A055,T3,Destination,0.83208466,74.48,-1.4525794
A055,T4,Destination,0.1528813,149.21,-1.5069975
A056,T1,Destination,0.7468591,1.0,-0.31293535
A056,T2,Destination,-0.7365116,33.61,-1.1222712
A056,T3,Destination,-0.72254777,71.46,-0.6666082
A056,T4,Destination,-0.8596302,147.84,-1.5222534
A057,T1,Destination,-1.0518757,1.0,-0.6698607
A057,T2,Destination,-0.60083723,24.78,-0.3021773
A057,T3,Destination,-0.51274824,73.83,-1.046279
A057,T4,Destination,-0.13473281,145.06,-1.5262234
A058,T1,Destination,1.7332748,1.0,-0.093785755
A058,T2,Destination,-0.17271782,22.96,-0.109634034
A058,T3,Destination,0.67109835,66.28,-0.027735107
A058,T4,Destination,-0.9756075,143.48,-0.9226202
A059,T1,Destination,1.5626048,1.0,-0.74984205
A059,T2,Destination,0.07206453,30.4,-0.80831677
A059,T3,Destination,2.0409064,79.78,-0.5651938
A059,T4,Destination,-0.5772869,151.93,-0.47267723
A060,T1,Destination,-0.1530542,1.0,-0.07753169
A060,T2,Destination,0.33590585,24.87,-0.06836402
A060,T3,Destination,0.16965349,94.68,0.2595057
A060,T4,Destination,-0.7229297,143.91,0.48543715
A061,T1,Destination,2.0403898,1.0,0.92875934
A061,T2,Destination,0.77201295,35.16,0.80587673
A061,T3,Destination,1.5962133,82.55,0.39314365
A061,T4,Destination,0.7794881,146.56,0.46075106
A062,T1,Destination,0.75087893,1.0,-0.0907191
A062,T2,Destination,1.0081036,44.69,-0.20216143
A062,T3,Destination,-0.41625023,92.72,-0.89908874
A062,T4,Destination,-0.7022192,149.18,-1.335995
A063,T1,Destination,0.42942187,1.0,-1.1453488
A063,T2,Destination,0.9230828,21.98,-1.3659563
A063,T3,Destination,-1.0528466,69.99,-1.5536242
A063,T4,Destination,-0.95782745,141.09,-1.687606
A064,T1,Destination,0.37014112,1.0,0.13230014
A064,T2,Destination,0.15088972,37.65,-0.27324927
A064,T3,Destination,0.4945773,82.99,-0.83695614
A064,T4,Destination,-1.064075,156.21,0.1552983
A065,T1,Destination,-0.9370374,1.0,-0.12966514
A065,T2,Destination,-0.42273253,32.31,-1.5419153
A065,T3,Destination,0.12489203,106.41,-1.5336815
A065,T4,Destination,-1.0915083,187.43,-1.5619777
A066,T1,Destination,0.03757501,1.0,-0.95108926
A066,T2,Destination,-0.42152458,23.35,-0.40383792
A066,T3,Destination,-0.91012734,73.79,-1.0677891
A066,T4,Destination,-1.2444345,164.93,-1.321545
A067,T1,Destination,-0.3772701,1.0,-0.78326046
A067,T2,Destination,-0.75470644,29.91,-1.6094011
A067,T3,Destination,-0.75410956,73.19,-1.5481073
A067,T4,Destination,-1.4940736,144.19,-0.91407484
A068,T1,Destination,1.4733075,1.0,0.65786695
A068,T2,Destination,-0.34633532,30.49,0.36208034
A068,T3,Destination,-0.3125315,82.98,-0.43609893
A068,T4,Destination,-0.21757181,155.59,-0.44159007
A069,T1,Destination,-0.18573126,1.0,-0.55585605
A069,T2,Destination,-0.75497293,24.96,-1.5368589
A069,T3,Destination,-0.45664144,79.75,-1.5020038
A069,T4,Destination,-0.621072,140.22,-1.389695
A070,T1,Destination,-0.025029317,1.0,-0.12926179
A070,T2,Destination,-0.7115501,24.25,-0.13407838
A070,T3,Destination,-0.60091597,81.92,-1.0468057
A070,T4,Destination,-0.9432329,149.2,-1.5684022
A071,T1,Destination,-0.09704123,1.0,0.054713376
A071,T2,Destination,-0.43790084,30.92,-0.8447603
A071,T3,Destination,-0.8310883,79.96,-1.0355132
A071,T4,Destination,-0.20154567,153.27,-0.8932065
A072,T1,Destination,0.6814234,1.0,0.39353013
A072,T2,Destination,1.7074885,33.76,0.3008167
A072,T3,Destination,0.09480323,83.54,-0.101512246
A072,T4,Destination,0.58196443,154.89,-0.018325202
A073,T1,Destination,0.30522674,1.0,-0.6538286
A073,T2,Destination,-0.94399035,66.66,-0.9625182
A073,T3,Destination,-0.27342725,66.9,-0.93056107
A073,T4,Destination,1.1537054,140.12,-1.0389396
A074,T1,Destination,0.39766553,1.0,-0.18035519
A074,T2,Destination,-0.40341347,29.33,0.15289661
A074,T3,Destination,1.1376537,73.02,-0.061039798
A074,T4,Destination,0.26247647,147.21,-0.15603536
A075,T1,Destination,0.07384318,1.0,-0.57182944
A075,T2,Destination,0.8610925,28.68,-0.30554652
A075,T3,Destination,-1.4018217,71.37,-1.3515688
A075,T4,Destination,-0.09748435,244.53,-0.6846801
A076,T1,Destination,-0.5232532,1.0,-0.7070801
A076,T2,Destination,-1.1163836,27.3,-1.6155242
A076,T3,Destination,-0.5196874,74.88,-1.2425772
A076,T4,Destination,-1.266146,149.28,-1.4294585
A077,T1,Destination,-0.5821275,1.0,-0.17447257
A077,T2,Destination,-0.5422168,53.88,-0.8597841
A077,T3,Destination,-0.26786017,78.36,-0.35669112
A077,T4,Destination,0.8029541,149.75,-0.24809766
A078,T1,Destination,-0.27483156,1.0,-1.068305
A078,T2,Destination,0.06392656,26.17,-1.0563185
A078,T3,Destination,0.34884748,72.3,-1.1757432
A078,T4,Destination,-1.3704203,140.08,-1.4174169
A079,T1,Destination,1.3273735,1.0,0.1498003
A079,T2,Destination,-0.2008887,26.11,-0.6707224
A079,T3,Destination,-0.19927017,74.0,-0.43815857
A079,T4,Destination,-0.95253634,194.42,-0.60441935
A080,T1,Destination,-0.1154154,1.0,0.16752625
A080,T2,Destination,0.10268697,29.03,0.18738705
A080,T3,Destination,1.1151272,72.87,-0.34106952
A080,T4,Destination,-0.40745336,145.77,-0.5923623
A081,T1,Destination,0.6662004,1.0,0.2984473
A081,T2,Destination,-0.9717388,31.39,-0.52936184
A081,T3,Destination,1.2064252,80.13,-0.46458697
A081,T4,Destination,1.4606197,154.53,-0.86279833
A082,T1,Destination,-0.6594405,1.0,-0.43024468
A082,T2,Destination,1.5764099,27.97,-0.49606806
A082,T3,Destination,-0.7732746,75.71,-0.8901417
A082,T4,Destination,0.112550795,170.25,-1.1045943
A083,T1,Destination,1.6751546,1.0,0.47181237
A083,T2,Destination,-0.3237374,25.15,-0.74519026
A083,T3,Destination,-0.8224563,74.3,-0.7083179
A083,T4,Destination,0.76563764,144.91,0.012737401
A084,T1,Destination,0.089948215,1.0,-1.3033124
A084,T2,Destination,-0.3887303,27.25,-1.4172285
A084,T3,Destination,0.41099674,91.97,-1.0280648
A084,T4,Destination,1.1264467,162.51,-1.2650133
A085,T1,Destination,-0.025167516,1.0,0.47878015
A085,T2,Destination,0.58357966,24.51,0.3064638
A085,T3,Destination,-0.9434278,71.4,0.0715741
A085,T4,Destination,0.36916238,170.65,-0.8205845
A086,T1,Destination,1.2463102,1.0,0.22379875
A086,T2,Destination,0.35159728,23.47,-0.079005115
A086,T3,Destination,-0.7232066,145.29,-0.58177567
A086,T4,Destination,-1.2129464,169.55,-1.0517981
A087,T1,Destination,1.1479511,1.0,0.5291444
A087,T2,Destination,0.62924254,31.07,0.38094336
A087,T3,Destination,0.6483832,72.8,-0.103241794
A087,T4,Destination,-0.5654962,144.2,-0.39149654
A088,T1,Destination,1.5717645,1.0,0.3560192
A088,T2,Destination,2.250928,24.25,0.27706409
A088,T3,Destination,-0.11962351,74.91,-0.28160274
A088,T4,Destination,1.3004314,149.93,0.4318676
A089,T1,Destination,1.5398204,1.0,0.19657242
A089,T2,Destination,0.37108445,32.14,-0.19414687
A089,T3,Destination,-0.0014881843,79.34,-0.7148968
A089,T4,Destination,0.8214839,146.96,-0.2248025
A090,T1,Destination,-0.3088941,1.0,-1.6779197
A090,T2,Destination,-0.2992866,23.54,-1.2846583
A090,T3,Destination,-0.48725727,95.42,-1.6414834
A090,T4,Destination,0.14262137,144.07,-1.7933134
A091,T1,Destination,1.1371102,1.0,-0.058466665
A091,T2,Destination,0.2593088,22.2,-0.27879846
A091,T3,Destination,-0.6923325,73.64,-1.2304739
A091,T4,Destination,0.056037232,142.61,0.024066277
A092,T1,Destination,-0.4201831,1.0,-0.014764063
A092,T2,Destination,-0.90574074,22.83,-0.7557341
A092,T3,Destination,-1.0292109,71.31,-0.26899004
A092,T4,Destination,-0.44239357,146.16,-1.3647457
A093,T1,Destination,0.97299176,1.0,0.29553103
A093,T2,Destination,-0.6046585,22.09,-1.211867
A093,T3,Destination,-0.8998102,70.22,-1.6578104
A093,T4,Destination,-0.7954494,140.95,-1.7849536
A094,T1,Destination,-1.036037,1.0,-1.2510717
A094,T2,Destination,-0.29982325,22.98,-1.1742227
A094,T3,Destination,-1.0888739,76.21,-1.5641828
A094,T4,Destination,-1.2646453,149.99,-1.1065723
A095,T1,Destination,1.3578781,1.0,0.2294867
A095,T2,Destination,-0.8642308,29.71,-1.0466974
A095,T3,Destination,-0.6406247,78.76,-0.75168335
A095,T4,Destination,-0.86643106,148.79,-1.1310589
A096,T1,Destination,-0.46724647,1.0,0.22043192
A096,T2,Destination,-0.4302919,24.49,-0.29889137
A096,T3,Destination,-0.7520156,71.19,-0.29939425
A096,T4,Destination,0.013857826,143.66,-0.45191222
A097,T1,Destination,-0.12557247,1.0,-1.1117997
A097,T2,Destination,0.08058321,24.37,-1.75146
A097,T3,Destination,-0.33748123,70.83,-1.6033994
A097,T4,Destination,-0.29173175,144.85,-1.4632665
A098,T1,Destination,0.36816895,1.0,-0.38894045
A098,T2,Destination,1.0905981,25.77,-0.7021278
A098,T3,Destination,0.41594142,78.84,-0.1247822
A098,T4,Destination,-0.75626916,146.29,-0.53740335
A099,T1,Destination,1.5832982,1.0,0.40282655
A099,T2,Destination,-0.39603183,28.75,0.0788101
A099,T3,Destination,-0.024725638,78.57,-0.43006015
A099,T4,Destination,1.3247222,143.51,0.80170184
A100,T1,Destination,-0.6996861,1.0,-0.58934057
A100,T2,Destination,1.1456058,31.14,-0.59428596
A100,T3,Destination,0.24805592,75.34,-1.1754352
A100,T4,Destination,-1.136643,146.8,-1.3743583
A101,T1,Destination,0.8865688,1.0,-0.7256049
A101,T2,Destination,-0.23393802,29.12,-0.9041368
A101,T3,Destination,-0.978317,75.21,-1.5923685
A101,T4,Destination,0.17299545,150.22,-1.676416
A102,T1,Destination,0.20968845,1.0,-0.37550962
A102,T2,Destination,0.24436091,29.13,-0.21016592
A102,T3,Destination,0.012451167,75.27,-0.4991781
A102,T4,Destination,-1.0560108,150.41,-0.42684937
A103,T1,Destination,1.2595557,1.0,-1.4538294
A103,T2,Destination,-0.42329043,27.26,-1.350898
A103,T3,Destination,0.97105753,80.24,-1.4905565
A103,T4,Destination,-0.8396413,149.72,-1.4300045
A104,T1,Destination,0.06332143,1.0,0.24507946
A104,T2,Destination,0.2064909,22.6,0.028411277
A104,T3,Destination,1.1526464,72.62,0.13863671
A104,T4,Destination,-1.420157,145.78,-1.284099
A105,T1,Destination,1.0632366,1.0,0.5449039
A105,T2,Destination,0.89520895,22.77,0.18196529
A105,T3,Destination,0.023725206,69.46,-0.31218833
A105,T4,Destination,0.6975893,146.2,-0.22133994
A106,T1,Destination,1.2047487,1.0,0.3040899
A106,T2,Destination,0.13819233,22.64,-0.6731347
A106,T3,Destination,0.28499973,66.08,-0.20144719
A106,T4,Destination,0.24336678,147.13,0.08071876
A107,T1,Destination,-0.26651132,1.0,-1.5541539
A107,T2,Destination,-1.135201,26.22,-2.0352635
A107,T3,Destination,-1.1414355,71.45,-1.4178009
A107,T4,Destination,-1.0968966,145.95,-1.5716547
A108,T1,Destination,-0.17483757,1.0,-0.34627223
A108,T2,Destination,-0.8555178,27.61,-1.000741
A108,T3,Destination,0.98977315,68.96,-0.7485418
A108,T4,Destination,-0.94147485,152.12,-0.9805145
A109,T1,Destination,-0.8293198,1.0,-1.2468426
A109,T2,Destination,-1.0111979,24.65,-1.7238507
A109,T3,Destination,-1.1678147,71.17,-1.0366689
A109,T4,Destination,-0.6777049,149.87,-1.4776334
