UID,test,Theta_All,Prob_simple,Prob_TCC,TSVR_hours,Days,log_Days_plus1,log_TSVR
A010,1,2.7277744,0.9386457902225233,0.8656321792995559,1.0,0.0416666666666666,0.0408219945202552,0.0
A010,2,0.4830945,0.6184783291429591,0.6498212229985861,21.9,0.9125,0.6484112867185539,3.086486636822455
A010,3,-0.063471645,0.48413741379275366,0.5701491644306483,80.88,3.37,1.4747630091074986,4.392966574712216
A010,4,0.7356485,0.6760435710539507,0.6831192319751667,145.31,6.054583333333333,1.9536775237921948,4.978869391332604
A011,1,0.99576205,0.7302245316247385,0.7148845113389876,1.0,0.0416666666666666,0.0408219945202552,0.0
A011,2,0.40040046,0.5987838711271023,0.6384074085647791,24.57,1.02375,0.7049522260097076,3.201526186533088
A011,3,-0.62277347,0.3491509320703468,0.4807364063665505,72.55,3.0229166666666667,1.392007178526578,4.2842759793301965
A011,4,-0.48618072,0.3807937042394204,0.5030414242482113,148.85,6.202083333333333,1.974370336019688,5.002939087461785
A012,1,1.5109797,0.8192063529532352,0.7702585177568233,1.0,0.0416666666666666,0.0408219945202552,0.0
A012,2,-0.3742091,0.4075243474941188,0.521147452073493,25.6,1.0666666666666669,0.7259370033829361,3.242592351485517
A012,3,0.8594104,0.7025374552899499,0.6985559103783489,166.33,6.930416666666667,2.070705577351747,5.113973766802443
A012,4,-0.57650775,0.3597365555931837,0.48831335004832055,166.87,6.952916666666667,2.0735387376938554,5.117215066158812
A013,1,0.2579466,0.5641314537738482,0.6181810057906351,1.0,0.0416666666666666,0.0408219945202552,0.0
A013,2,-0.576954,0.35963377897629073,0.48824036422985995,24.77,1.0320833333333332,0.7090615393740157,3.209633243501268
A013,3,0.15941933,0.5397706388386694,0.6037930737411973,79.66,3.3191666666666664,1.4630624824136147,4.377767577753498
A013,4,-0.50066453,0.37738451449453175,0.5006863432044909,147.13,6.130416666666666,1.9643696712414147,4.991316549709856
A014,1,0.9670465,0.7245304113413019,0.7115048305833017,1.0,0.0416666666666666,0.0408219945202552,0.0
A014,2,1.7351536,0.8500704358145991,0.7913547049023342,25.66,1.0691666666666666,0.727145949732075,3.2449333591874905
A014,3,0.37096328,0.591691720318773,0.6342854523160132,70.56,2.94,1.3711807233098423,4.256463411698536
A014,4,-0.60555935,0.3530728344640581,0.4835578446621542,148.87,6.202916666666667,1.9744860365867496,5.003073441888966
A015,1,1.7906865,0.8570114228022856,0.7963142040197618,1.0,0.0416666666666666,0.0408219945202552,0.0
A015,2,1.9530646,0.8757804209369404,0.8102297596898618,23.69,0.9870833333333334,0.6866679019621874,3.165053018170694
A015,3,1.7458305,0.8514261340590065,0.7923162993811778,70.59,2.94125,1.3714979318771336,4.256888491407381
A015,4,0.74841046,0.6788322477665373,0.6847380521784759,146.54,6.105833333333333,1.9609160429659576,4.987298428731818
A016,1,1.3865802,0.8000457302990569,0.7577856581448489,1.0,0.0416666666666666,0.0408219945202552,0.0
A016,2,0.23833106,0.5593023243432275,0.6153418176079599,32.85,1.36875,0.8623623898485996,3.4919517449306197
A016,3,-0.063229874,0.48419779593921597,0.5701864150355042,80.64,3.36,1.4724720573609429,4.3899948043230586
A016,4,-1.1086501,0.24812263729163334,0.4007577980578891,150.8,6.283333333333334,1.9855886328734893,5.015954455573856
A017,1,-0.12061626,0.4698824393805156,0.5613024804320692,1.0,0.0416666666666666,0.0408219945202552,0.0
A017,2,1.2353034,0.7747454451614093,0.7418574028232722,20.61,0.85875,0.6199042187922278,3.0257763949023677
A017,3,0.18662216,0.5465206006746008,0.6077968617250833,61.28,2.553333333333333,1.2678861300695887,4.1154535254323354
A017,4,0.04002261,0.5100043171182906,0.5859498893276637,140.49,5.853750000000001,1.9247959477361207,4.9451363118635605
A018,1,0.34396127,0.5851524407199876,0.6304777352776928,1.0,0.0416666666666666,0.0408219945202552,0.0
A018,2,-0.10368377,0.47410225410775086,0.5639324708425852,34.03,1.4179166666666667,0.8829062878545713,3.5272424885128144
A018,3,-0.6740158,0.3375982200155315,0.4723236743031136,83.64,3.485,1.5007384955107592,4.426521874560433
A018,4,0.015628511,0.503907048225497,0.5822524188577762,150.87,6.28625,1.9859890103776223,5.016418538851983
A019,1,-0.44238952,0.3911717419928796,0.5101447528768644,1.0,0.0416666666666666,0.0408219945202552,0.0
A019,2,-1.233944,0.2254918790499454,0.38031575296696607,28.69,1.1954166666666668,0.7863718538732487,3.3565486299932736
A019,3,-1.1916012,0.23297268474559452,0.3872036149684397,83.68,3.486666666666667,1.501110035548472,4.427000000316613
A019,4,-1.652823,0.1607277779802378,0.31394877233250507,154.76,6.448333333333333,2.007990293717305,5.041875529832312
A020,1,-0.036810145,0.49079850271879755,0.5742476789920208,1.0,0.0416666666666666,0.0408219945202552,0.0
A020,2,-0.4131784,0.3981502458861981,0.5148676650594252,26.85,1.11875,0.7508262921466236,3.2902658209548736
A020,3,-0.9177355,0.28541952638310614,0.4321573128502952,78.25,3.2604166666666665,1.4493669645749654,4.359908829420263
A020,4,-2.2843106,0.09243071277712978,0.2242501964718087,145.78,6.074166666666667,1.956449650961876,4.982098635954067
A021,1,1.366235,0.796771180067755,0.7556924521996141,1.0,0.0416666666666666,0.0408219945202552,0.0
A021,2,0.648662,0.6567088841207187,0.6719205212542934,30.21,1.25875,0.8148115629243012,3.4081729953985804
A021,3,0.3772473,0.5932090139812422,0.6351679398630035,74.19,3.09125,1.4088505468332533,4.306629370201435
A021,4,0.77024406,0.6835736864505683,0.687493194334324,140.39,5.8495833333333325,1.9241878231734733,4.944424263983859
A022,1,0.1020859,0.5254993336708403,0.5952787293607448,1.0,0.0416666666666666,0.0408219945202552,0.0
A022,2,0.4643598,0.6140479308960228,0.6472569732821963,24.15,1.00625,0.6962673078961887,3.184284380098582
A022,3,-0.11233316,0.47194620409124843,0.5625899215275402,74.46,3.1025,1.4115965439821088,4.310262068444571
A022,4,0.0056279004,0.5014069713863875,0.5807317197296991,141.71,5.904583333333334,1.932185442293757,4.9537827158367795
A023,1,0.8812526,0.7070817233265145,0.7012194525647522,1.0,0.0416666666666666,0.0408219945202552,0.0
A023,2,-0.48242265,0.38168021513578776,0.5036520445240095,25.63,1.0679166666666666,0.7265416592514038,3.24376354037598
A023,3,0.13040453,0.5325550114796457,0.5994969079891176,72.2,3.0083333333333333,1.388375527323715,4.279440045898781
A023,4,0.004668119,0.5011670276307433,0.5805856269459607,145.07,6.044583333333333,1.9522590000009292,4.977216384550811
A024,1,0.33348504,0.5826070983551582,0.6289935882552626,1.0,0.0416666666666666,0.0408219945202552,0.0
A024,2,0.10314593,0.5257636447532614,0.5954370660543286,29.57,1.2320833333333334,0.8029353795449234,3.3867603338643857
A024,3,0.1529355,0.5381595270298674,0.6028353093307766,91.47,3.81125,1.570956925615819,4.516011049668273
A024,4,-0.7700928,0.3164590321020076,0.4565075154908981,145.65,6.0687500000000005,1.9556836608822936,4.981206483405444
A025,1,0.99917114,0.7308955836563328,0.715283653575395,1.0,0.0416666666666666,0.0408219945202552,0.0
A025,2,1.6789465,0.8427649799502497,0.7862286225943306,23.33,0.9720833333333332,0.679090513570211,3.1497400860333387
A025,3,-0.15189764,0.4620984368841203,0.5564252848796281,72.94,3.0391666666666666,1.3960384000692845,4.289637185380534
A025,4,-1.1388493,0.24253169354063514,0.3958148946565272,137.74,5.739166666666667,1.9079362773197304,4.925367850116552
A026,1,1.0569059,0.7420988149092731,0.721976048151045,1.0,0.0416666666666666,0.0408219945202552,0.0
A026,2,0.062489662,0.5156173337448822,0.5893400847979784,26.48,1.1033333333333333,0.7435233878850122,3.2763897310688073
A026,3,0.7757372,0.684760656566229,0.6881835010161468,75.46,3.1441666666666666,1.421701722938647,4.323602714536165
A026,4,-0.26765063,0.43348395260685985,0.5381825057734253,147.65,6.152083333333334,1.9674036895557556,4.994844608189932
A027,1,0.9770042,0.7265133798742418,0.712680371226337,1.0,0.0416666666666666,0.0408219945202552,0.0
A027,2,0.3337341,0.5826676625401122,0.6290289161832097,28.26,1.1775,0.7781774297445209,3.3414473772563813
A027,3,-0.7031997,0.3311031953222245,0.4675243882959869,74.58,3.1075,1.412814570929286,4.311872374750675
A027,4,-0.8390413,0.30173673570775317,0.44513755484103995,145.92,6.079999999999999,1.9572739077056285,4.983058526326021
A028,1,1.5710772,0.8279371174254662,0.7760860572981921,1.0,0.0416666666666666,0.0408219945202552,0.0
A028,2,-0.19436406,0.4515613794542909,0.5497671194213892,22.82,0.9508333333333332,0.668256631714819,3.1276373444339294
A028,3,-0.0985842,0.47537389154661464,0.5647231403089454,72.26,3.0108333333333337,1.388999033527018,4.280270725719494
A028,4,-0.7637951,0.3178228766164141,0.4575454722938712,138.91,5.787916666666667,1.9151440707301324,4.933826241409298
A029,1,1.7016916,0.8457555384842473,0.7883159548025027,1.0,0.0416666666666666,0.0408219945202552,0.0
A029,2,0.3401657,0.5842307728848976,0.6299404635520179,28.43,1.184583333333333,0.7814251162364958,3.3474449256629084
A029,3,1.2822845,0.7828383979353519,0.7468946429592218,93.26,3.8858333333333337,1.5863398611881236,4.535391291380175
A029,4,0.7683035,0.6831537925115232,0.6872490546711546,143.14,5.964166666666666,1.9407779542253445,4.963823172310452
A030,1,0.33380765,0.5826855472948954,0.6290393484764989,1.0,0.0416666666666666,0.0408219945202552,0.0
A030,2,1.2043047,0.7692896803579804,0.7384887231688297,32.95,1.3729166666666668,0.8641198595452456,3.4949912609485163
A030,3,-0.12868379,0.4678733737224769,0.5600469177735546,71.93,2.9970833333333338,1.3855649284819107,4.2756934238792645
A030,4,0.33196774,0.5822380811265105,0.6287783204556346,150.46,6.269166666666667,1.9836416586571268,5.013697268132075
A031,1,2.2557483,0.9051452196185339,0.8339418265904366,1.0,0.0416666666666666,0.0408219945202552,0.0
A031,2,0.018638758,0.5046595546053939,0.5827096062920187,32.41,1.3504166666666666,0.8545926174039392,3.4784670171534557
A031,3,-0.04251805,0.4893720885329638,0.5733718311556314,71.56,2.981666666666667,1.3817004921096632,4.270536258640519
A031,4,-0.57443035,0.36021517446017914,0.48865309016244135,143.85,5.99375,1.9450168930780984,4.968771089997557
A032,1,0.8067235,0.6914108628801802,0.6920558764452279,1.0,0.0416666666666666,0.0408219945202552,0.0
A032,2,-0.12246857,0.46942106792111055,0.56101434395087,57.18,2.3825,1.218615081062806,4.046204186894165
A032,3,0.6580906,0.658831337886903,0.6731482024991944,80.16,3.34,1.4678743481123135,4.384024637336554
A032,4,1.5530372,0.8253519650745399,0.7743501596770662,144.51,6.021249999999999,1.9489412648645053,4.973348709310239
A033,1,0.43369794,0.6067563557674679,0.6430328361748613,1.0,0.0416666666666666,0.0408219945202552,0.0
A033,2,0.5100616,0.6248209148353921,0.6534897987152869,29.16,1.215,0.7952524034970989,3.3727979071404572
A033,3,0.9657034,0.7242622664346452,0.7113459829827217,72.6,3.025,1.3925249108705269,4.28496492183075
A033,4,-0.40873924,0.39921446624181184,0.5155842539118647,168.33,7.013750000000001,2.08115881631933,5.1259263384309905
A034,1,2.0359054,0.8845156720526857,0.8170012270326852,1.0,0.0416666666666666,0.0408219945202552,0.0
A034,2,0.65717703,0.658625962590744,0.6730293948789728,26.08,1.086666666666667,0.7355678964438975,3.261168737058452
A034,3,-0.10081277,0.4748181312829322,0.5643776894627176,74.28,3.095,1.409766717305033,4.307841736484505
A034,4,-0.1552254,0.4612713823835451,0.5559050565626018,145.38,6.0575,1.9540908811455076,4.97935100405649
A035,1,-0.06479133,0.4838078315512402,0.5699458083638184,1.0,0.0416666666666666,0.0408219945202552,0.0
A035,2,0.7425775,0.6775592271963223,0.683998926430366,44.76,1.865,1.052568350166703,3.8013148834437245
A035,3,-0.4961729,0.37844047211236664,0.5014169745268162,79.98,3.3325,1.466144742607624,4.381776603418673
A035,4,-0.98961914,0.2709873111951022,0.4203117817062228,152.47,6.352916666666666,1.995097059907196,5.026967855383815
A036,1,1.3283472,0.7905671108665323,0.7517540163511087,1.0,0.0416666666666666,0.0408219945202552,0.0
A036,2,-0.15242939,0.4619662659250515,0.556342174119037,21.63,0.90125,0.6425115645913656,3.0740812399649675
A036,3,-0.39740184,0.4019367354944453,0.5174129732675059,71.47,2.9779166666666668,1.3807582316619962,4.269277781231888
A036,4,-1.0100961,0.2669610442575697,0.4169413671078654,143.85,5.99375,1.9450168930780984,4.968771089997557
A037,1,1.1801162,0.7649686961897681,0.7358351295905168,1.0,0.0416666666666666,0.0408219945202552,0.0
A037,2,1.2522094,0.7776820845601962,0.7436794921221069,23.7,0.9875,0.6868775675463499,3.1654750481410856
A037,3,0.29365978,0.5728918706521909,0.6233171508858978,72.08,3.0033333333333334,1.3871273474237826,4.277776613300082
A037,4,-0.16601759,0.45859066861979564,0.554216115556983,143.66,5.985833333333333,1.9438842888617656,4.967449396646655
A038,1,1.2059275,0.7695775740071633,0.7386659669487019,1.0,0.0416666666666666,0.0408219945202552,0.0
A038,2,-0.16850944,0.45797204313003304,0.5538257613351701,71.85,2.99375,1.3847306391437078,4.274580612525034
A038,3,0.9667946,0.7244801327606758,0.711475043780446,72.86,3.035833333333333,1.3952128066271372,4.288539791580417
A038,4,-0.017467948,0.4956331240378854,0.5772090797346398,152.89,6.370416666666666,1.9974742401074703,5.029718708572522
A039,1,2.174663,0.8979510539709766,0.8278640229466792,1.0,0.0416666666666666,0.0408219945202552,0.0
A039,2,1.3026897,0.7862873071239602,0.7490569508443075,28.65,1.19375,0.7856124082320387,3.3551534431607486
A039,3,0.567675,0.6382265206364149,0.6612378869398958,98.84,4.118333333333333,1.632828865224676,4.593502381120409
A039,4,0.72307914,0.6732847039750213,0.6815187838116107,246.24,10.26,2.421256622711544,5.506306670090569
A040,1,-0.5069201,0.375915803054908,0.4996683568824255,1.0,0.0416666666666666,0.0408219945202552,0.0
A040,2,0.14172223,0.5353713739105197,0.6011758216002789,26.26,1.0941666666666667,0.7391557017675006,3.26804686887465
A040,3,-1.6828778,0.15671477666586883,0.3093511727233421,71.28,2.97,1.3787660946990992,4.266615783162554
A040,4,-1.6119773,0.16631427242706492,0.3202389866410621,143.53,5.980416666666667,1.9431086093574956,4.966544072583289
A041,1,1.1962991,0.7678657597890254,0.7376129000160927,1.0,0.0416666666666666,0.0408219945202552,0.0
A041,2,-1.1736511,0.23619566497124125,0.3901302817533125,31.78,1.3241666666666667,0.8433615518513973,3.45883716110857
A041,3,0.2872409,0.5713205257924663,0.6223971802403069,75.74,3.1558333333333333,1.424512969770031,4.327306422473649
A041,4,0.1290578,0.5322197416343488,0.5992968644132296,141.84,5.91,1.9329696377795784,4.954699661765953
A042,1,-0.8806226,0.2930487775052159,0.4382783093915622,1.0,0.0416666666666666,0.0408219945202552,0.0
A042,2,-0.99250966,0.27041665790332625,0.4198358865101644,28.93,1.2054166666666666,0.7909164555219504,3.3648791189880436
A042,3,-0.17139933,0.45725476280212124,0.5533728720432773,72.17,3.0070833333333336,1.388063628376445,4.279024447084182
A042,4,-1.260689,0.2208553075095886,0.3759776652160162,146.02,6.084166666666667,1.9578622468412672,4.98374359862794
A043,1,1.0349586,0.7378760938909847,0.7194469603604347,1.0,0.0416666666666666,0.0408219945202552,0.0
A043,2,0.5667534,0.6380137021564654,0.6611149130849064,25.62,1.0675,0.7263401479157092,3.2433732964685884
A043,3,0.56906503,0.6385474077229227,0.6614233061256671,64.94,2.705833333333333,1.3099081547346048,4.1734637666747
A043,4,-0.36708274,0.4092461220595279,0.5222931293720816,149.33,6.222083333333334,1.9771434616052732,5.006158622069178
A044,1,-0.0888245,0.47780846363189305,0.5662345087917421,1.0,0.0416666666666666,0.0408219945202552,0.0
A044,2,-0.37333766,0.40773477210448544,0.5212875963437752,47.66,1.985833333333333,1.093878881528862,3.8640924716705958
A044,3,-1.308094,0.21280596167135765,0.36831477119399886,91.63,3.817916666666666,1.5723416077929249,4.517758728977122
A044,4,-1.7971689,0.14219604239716765,0.2921241982716859,155.27,6.4695833333333335,2.0108392189188016,5.045165536993078
A045,1,-0.9017756,0.288685747746437,0.43478930505396746,1.0,0.0416666666666666,0.0408219945202552,0.0
A045,2,-1.0143217,0.26613493929036874,0.4162461306788937,24.66,1.0275,0.7068035070074309,3.2051824977361982
A045,3,-1.1242429,0.2452251175576761,0.3982045189495877,72.23,3.009583333333333,1.3886873290203638,4.2798554720627555
A045,4,-1.2476392,0.22310907212449735,0.3780930965592568,151.52,6.3133333333333335,1.9896991661789745,5.020717629437768
A046,1,-0.7687857,0.31674184225700525,0.45672295599516805,1.0,0.0416666666666666,0.0408219945202552,0.0
A046,2,-1.3034526,0.21358452348166432,0.3690634724700412,24.32,1.0133333333333334,0.699791723278614,3.1912990570979662
A046,3,-1.624248,0.16461985197390372,0.31834435658740595,73.05,3.04375,1.3971724792670734,4.291144138196708
A046,4,-1.154563,0.23965661967016835,0.3932465537178958,147.94,6.164166666666667,1.9690917483983523,4.996806786159722
A047,1,-0.7466336,0.32155526455596894,0.4603732454878841,1.0,0.0416666666666666,0.0408219945202552,0.0
A047,2,-0.5145792,0.37412066918199355,0.4984213099965866,23.46,0.9775,0.6818334206596719,3.1552968432253294
A047,3,-1.2429395,0.22392473769895838,0.37885553647055914,76.85,3.202083333333333,1.4355804340522749,4.341855469984605
A047,4,-1.600209,0.16795240626050678,0.3220599488096331,144.22,6.009166666666666,1.9472188161863453,4.971339911488614
A048,1,1.0764405,0.745819790186338,0.7242117033014739,1.0,0.0416666666666666,0.0408219945202552,0.0
A048,2,-0.06019045,0.48495692884213953,0.5706545799701074,23.91,0.99625,0.6912704205470851,3.1742967814702334
A048,3,0.14282681,0.5356461261701772,0.6013394662925166,81.15,3.38125,1.477334071800763,4.396299293960601
A048,4,0.09614354,0.5240173872955894,0.5943904894207122,146.3,6.095833333333334,1.9595077573206967,4.9856593080260785
A049,1,2.1010969,0.8910097459713471,0.8221785538342685,1.0,0.0416666666666666,0.0408219945202552,0.0
A049,2,-0.5321013,0.37002692665881953,0.4955657256829453,27.12,1.13,0.7561219797213337,3.3002714630721948
A049,3,0.37812865,0.5934216768987224,0.6352916000171396,111.38,4.640833333333333,1.730031808732516,4.7129477781615225
A049,4,0.034191336,0.5085470013620388,0.5850675788220089,168.86,7.035833333333334,2.083910706734293,5.129069969241354
A050,1,-0.39878848,0.40160345535699027,0.517189418810486,1.0,0.0416666666666666,0.0408219945202552,0.0
A050,2,-0.71372736,0.32877575361923206,0.4657919155881069,24.73,1.0304166666666668,0.7082410265074691,3.208017081533325
A050,3,-0.9261868,0.28369897007150113,0.430763800271343,93.39,3.89125,1.587447894542485,4.536784273121627
A050,4,-1.1381246,0.2426648530692579,0.3959334059436306,148.69,6.195416666666667,1.973444249248633,5.001863601709132
A051,1,1.5230782,0.8209913140275421,0.7714419686215667,1.0,0.0416666666666666,0.0408219945202552,0.0
A051,2,-0.30774206,0.4236659718704088,0.5317982364705522,17.16,0.715,0.5394130806179032,2.8425810940598164
A051,3,-0.6520249,0.34253337592266553,0.47593642843828904,65.63,2.734583333333333,1.3176362550213248,4.184032908485631
A051,4,-0.72000563,0.3273917431690609,0.46475846462032006,146.99,6.124583333333334,1.963551244912556,4.990364557253896
A052,1,0.58457315,0.642119007845332,0.6634870933746114,1.0,0.0416666666666666,0.0408219945202552,0.0
A052,2,0.3844317,0.5949415288546289,0.6361751689183255,31.76,1.3233333333333337,0.8430029361043228,3.458207636378935
A052,3,0.116021834,0.5289729652062192,0.597357612074553,80.98,3.374166666666667,1.4757160254762085,4.394202210604015
A052,4,-0.8312764,0.3033752497691004,0.4464184024349225,153.27,6.38625,1.9996201636777475,5.032201072010817
A053,1,1.401935,0.802490764301313,0.7593554416682936,1.0,0.0416666666666666,0.0408219945202552,0.0
A053,2,0.97594434,0.7263027439528472,0.7125554312989794,32.71,1.3629166666666668,0.8598967316779912,3.4876808415502927
A053,3,-0.40916884,0.39911143446256225,0.5155149194824871,78.28,3.2616666666666667,1.4496603200750402,4.360292142527875
A053,4,-0.13549207,0.4661787079005248,0.558986095618727,148.9,6.204166666666667,1.9746595623412992,5.003274939689963
A054,1,0.52522403,0.6283685056273507,0.6555407774779254,1.0,0.0416666666666666,0.0408219945202552,0.0
A054,2,1.1258696,0.7550758431565223,0.7298040149683442,16.9,0.7041666666666666,0.5330762327008104,2.8273136219290276
A054,3,1.191061,0.7669307695279574,0.7370385447876591,72.83,3.0345833333333334,1.394903033275494,4.288127958229824
A054,4,1.2362738,0.7749147493075689,0.7419622784392097,136.83,5.701250000000001,1.9022940761596103,4.918739279391719
A055,1,0.28537354,0.5708631235539158,0.6221292832838148,1.0,0.0416666666666666,0.0408219945202552,0.0
A055,2,0.8647509,0.7036522968726747,0.6992088433863972,23.24,0.9683333333333332,0.6771871609812159,3.1458749319837103
A055,3,-0.119812906,0.47008255401526894,0.5614274200254764,74.48,3.103333333333333,1.4117996515282525,4.310530632968812
A055,4,-0.62007034,0.34976545386038743,0.4811796250731799,149.21,6.217083333333334,1.9764509008342432,5.00535470965233
A056,1,0.5282342,0.6290711730725399,0.6559469486961531,1.0,0.0416666666666666,0.0408219945202552,0.0
A056,2,0.54977185,0.6340826568472826,0.6588433353372779,33.61,1.4004166666666666,0.8756423333963461,3.5148236417370144
A056,3,-0.4118956,0.39845767904893137,0.515074771993404,71.46,2.9775,1.3806534812298048,4.2691378525952635
A056,4,-0.9539059,0.27809999275359315,0.42619463189709983,147.84,6.16,1.9685099809725544,4.996130607893374
A057,1,0.4946756,0.6212072640186073,0.6513999592497871,1.0,0.0416666666666666,0.0408219945202552,0.0
A057,2,-0.77376056,0.31566618360730614,0.45590295489699256,24.78,1.0325,0.7092665624398284,3.2100368762009963
A057,3,-0.68134856,0.3359603844678898,0.4711182946523272,73.83,3.07625,1.405177448121392,4.3017651530710745
A057,4,-1.0877718,0.2520380951530636,0.4041800111337176,145.06,6.0441666666666665,1.952199851152836,4.977147449935266
A058,1,1.0215306,0.7352706345455992,0.7178905472959513,1.0,0.0416666666666666,0.0408219945202552,0.0
A058,2,-0.8427394,0.3009581485586043,0.44452752514016974,22.96,0.9566666666666668,0.6712423451718953,3.133753571451366
A058,3,-0.121771336,0.46959472815327374,0.5611228122608662,66.28,2.7616666666666667,1.3248621216013894,4.193888192558362
A058,4,-1.0669552,0.25598255205031656,0.4075957376993128,143.48,5.978333333333333,1.942810110802997,4.966195652664082
A059,1,0.99710035,0.7304880910170718,0.7150412547401443,1.0,0.0416666666666666,0.0408219945202552,0.0
A059,2,1.2424322,0.775987090117501,0.7426270267434745,30.4,1.2666666666666666,0.8183103235139513,3.414442608412176
A059,3,1.3356622,0.7917756867174323,0.7525185138788977,79.78,3.3241666666666667,1.464219443591648,4.379272846477261
A059,4,0.38432297,0.5949153261648484,0.6361599388886559,151.93,6.330416666666667,1.9920323583030093,5.023419888455675
A060,1,-0.051358394,0.4871632229900884,0.5720136055353192,1.0,0.0416666666666666,0.0408219945202552,0.0
A060,2,1.310061,0.7875233632057355,0.7498342923926595,24.87,1.03625,0.7111098809341178,3.2136622578153133
A060,3,-0.5090028,0.3754273215683216,0.4993293251759421,94.68,3.945,1.5983769650746755,4.550502784645783
A060,4,0.19280487,0.5480524522860152,0.6087035565297078,143.91,5.99625,1.945374291223432,4.9691881041820825
A061,1,2.529091,0.9261562101605637,0.8530327597960065,1.0,0.0416666666666666,0.0408219945202552,0.0
A061,2,0.94611883,0.7203339739461375,0.7090218930185513,35.16,1.465,0.9021918074946532,3.559909072816976
A061,3,0.27741587,0.5689125765177717,0.6209863319266968,82.55,3.439583333333333,1.4905605281966805,4.413404170366137
A061,4,-0.2929151,0.42729035257841946,0.5341629957933525,146.56,6.1066666666666665,1.961033310629534,4.9874349009258205
A062,1,1.5359104,0.8228694310815077,0.7726915103044584,1.0,0.0416666666666666,0.0408219945202552,0.0
A062,2,0.14121151,0.535244330597464,0.6011001450446501,44.69,1.862083333333333,1.0515497978778447,3.79974976294536
A062,3,-0.59946907,0.35446517158241675,0.484555429282462,92.72,3.863333333333333,1.5817240738665843,4.529584199031496
A062,4,-0.7168849,0.32807931766895526,0.46527218532901127,149.18,6.215833333333333,1.9762776856717092,5.005153630527017
A063,1,0.86206603,0.7030921264103361,0.698880725906814,1.0,0.0416666666666666,0.0408219945202552,0.0
A063,2,0.7186035,0.6722994241529398,0.6809474531698839,21.98,0.9158333333333334,0.65015268898709,3.090132948975475
A063,3,0.17484958,0.543601368442258,0.6060670285686571,69.99,2.91625,1.3651345632842644,4.248352374701448
A063,4,-0.58241045,0.3583781379551564,0.4873477821304225,141.09,5.87875,1.928436949391832,4.949397984625066
A064,1,0.83211017,0.6968009292121761,0.6952011125923792,1.0,0.0416666666666666,0.0408219945202552,0.0
A064,2,0.56187433,0.6368861130607198,0.6604633479022899,37.65,1.56875,0.9434193992624076,3.6283329542459026
A064,3,0.17636402,0.543977074491377,0.6062898043971222,82.99,3.4579166666666663,1.4946815418025694,4.418720118610357
A064,4,-0.33321425,0.4174587527647392,0.5277259540203141,156.21,6.50875,2.0160690071822343,5.051201255842917
A065,1,-2.2385516,0.09634156552092973,0.2301892249300433,1.0,0.0416666666666666,0.0408219945202552,0.0
A065,2,-0.9801161,0.27286874748857515,0.42187663904247796,32.31,1.3462500000000002,0.8528183089185817,3.475376779836407
A065,3,-2.2205753,0.09791797626595487,0.23254913648372158,106.41,4.43375,1.6926295033208647,4.6672995574536404
A065,4,-2.3754525,0.08506382123873645,0.21271899930085927,187.43,7.809583333333333,2.1758401440888315,5.233405442370894
A066,1,0.46571386,0.6143687841339895,0.6474427327940866,1.0,0.0416666666666666,0.0408219945202552,0.0
A066,2,-0.45289963,0.38867157462219676,0.5084423650401737,23.35,0.9729166666666668,0.6795129892841417,3.150596984114906
A066,3,-0.92944336,0.28303765833971234,0.4302268808048164,73.79,3.074583333333333,1.404768491976238,4.301223221070275
A066,4,-1.2830758,0.21702710924121899,0.3723545407710303,164.93,6.872083333333333,2.063322745737281,5.105521141460061
A067,1,0.6627066,0.6598681262583223,0.6737480207192333,1.0,0.0416666666666666,0.0408219945202552,0.0
A067,2,-1.312235,0.21211308807681478,0.36764708810879243,29.91,1.24625,0.8092621591156317,3.398192872641857
A067,3,-1.4752139,0.1861514200751898,0.34162152403078716,73.19,3.049583333333333,1.3986139951674337,4.293058799613136
A067,4,-1.1757759,0.2358125504898091,0.3897836471146414,144.19,6.007916666666667,1.947040462391396,4.971131874318556
A068,1,1.3038205,0.7864772647625852,0.749176329796613,1.0,0.0416666666666666,0.0408219945202552,0.0
A068,2,0.163223,0.5407153960030906,0.6043543199183165,30.49,1.2704166666666663,0.8199633682470614,3.4173987610001633
A068,3,0.4192529,0.6033044615822838,0.6410311031505496,82.98,3.4575,1.4945880707551584,4.418599614904722
A068,4,-0.3906647,0.40355729795622153,0.5184986942125268,155.59,6.482916666666667,2.0126226446827,5.047224342326872
A069,1,-0.7867887,0.31285861336765874,0.4537551985178757,1.0,0.0416666666666666,0.0408219945202552,0.0
A069,2,-1.5067587,0.1814196505067795,0.33664865899076285,24.96,1.04,0.712949807856125,3.217274543501227
A069,3,-0.71302193,0.32893144830349963,0.46590802220278116,79.75,3.3229166666666665,1.463930328762862,4.378896741664954
A069,4,-1.7110198,0.1530314898024918,0.30507083116437395,140.22,5.8425,1.9231531619326967,4.943212617778822
A070,1,0.5967721,0.6449174668418701,0.6651042034623282,1.0,0.0416666666666666,0.0408219945202552,0.0
A070,2,0.042192243,0.5105464962365599,0.5862779189082553,24.25,1.0104166666666667,0.6983419974370495,3.188416617383492
A070,3,-0.4347659,0.39298885475982875,0.5113785907416226,81.92,3.4133333333333336,1.4846302618407523,4.4057431612911975
A070,4,-1.0469787,0.25980569525989367,0.4108767145713429,149.2,6.216666666666666,1.976393165780389,5.005287687769661
A071,1,1.1001538,0.7502889219733927,0.7269061296350858,1.0,0.0416666666666666,0.0408219945202552,0.0
A071,2,0.40058818,0.5988289684714081,0.6384335958534946,30.92,1.288333333333333,0.8278237505518246,3.4314032237192214
A071,3,-0.86193055,0.29693615630394526,0.44136172357278275,79.96,3.3316666666666666,1.465952379425344,4.3815265096322
A071,4,0.1462163,0.5364890891715367,0.6018413852990925,153.27,6.38625,1.9996201636777475,5.032201072010817
A072,1,0.9622242,0.7235669059471592,0.7109341794966701,1.0,0.0416666666666666,0.0408219945202552,0.0
A072,2,0.37431285,0.5925007025218408,0.6347560171647788,33.76,1.4066666666666665,0.878242664236625,3.5192766697277564
A072,3,-0.88631296,0.29187128866378487,0.4373396827654964,83.54,3.480833333333333,1.4998090410335865,4.425325559069029
A072,4,-0.13873519,0.4653717268622194,0.5584803777731073,154.89,6.453749999999999,2.0087172614551787,5.042715187559668
A073,1,0.8751058,0.7058069969955382,0.700471729211453,1.0,0.0416666666666666,0.0408219945202552,0.0
A073,2,-0.48682293,0.38064228923089116,0.5029370578349572,66.66,2.7775,1.3290624151647576,4.199605072879594
A073,3,-0.018863132,0.49528435682496574,0.5769958105120117,66.9,2.7875,1.3317061708354876,4.203198967134183
A073,4,0.9759681,0.7263074671081884,0.7125582326794639,140.12,5.838333333333334,1.92254403722604,4.942499198329286
A074,1,1.1391835,0.7575296970821662,0.7312945213977526,1.0,0.0416666666666666,0.0408219945202552,0.0
A074,2,-0.16370372,0.4591652232462542,0.5545784588475154,29.33,1.2220833333333332,0.7984451942645651,3.3786108829893595
A074,3,-0.85258937,0.2988899603285294,0.4429026673026848,73.02,3.0425,1.396863312469125,4.29073337622749
A074,4,-1.1428367,0.2417999202322078,0.39516292553312937,147.21,6.13375,1.9648370428687807,4.991860138769922
A075,1,0.4822121,0.6182700937362563,0.6497007337350412,1.0,0.0416666666666666,0.0408219945202552,0.0
A075,2,0.49708104,0.6217731199644394,0.6517272549703252,28.68,1.195,0.7861820465271347,3.3562000157314196
A075,3,-1.5457226,0.1757049164549373,0.33053898669795495,71.37,2.9737500000000003,1.3797102332428757,4.267877612982976
A075,4,-0.5980336,0.35479370385087133,0.48479050915191607,244.53,10.18875,2.414908809203012,5.499338000774475
A076,1,-0.39436588,0.4026667472526026,0.5179023232384499,1.0,0.0416666666666666,0.0408219945202552,0.0
A076,2,-0.7679121,0.31693093392612415,0.4568669425802546,27.3,1.1375,0.7596369218287783,3.3068867021909143
A076,3,-1.2046329,0.23065207484733338,0.3850813092149816,74.88,3.12,1.4158531633614349,4.315886832169337
A076,4,-2.5163941,0.07471685436476604,0.1956942213022877,149.28,6.22,1.9768549529047348,5.005823737099034
A077,1,1.257486,0.7785930331183347,0.7442460127561936,1.0,0.0416666666666666,0.0408219945202552,0.0
A077,2,-0.15718071,0.46078552461148053,0.555599260776607,53.88,2.245,1.1771153501560534,3.986759351542163
A077,3,0.254887,0.563378990370588,0.617738995351822,78.36,3.265,1.4504421809436423,4.36131359307634
A077,4,0.58986604,0.6433344084597006,0.6641894085815704,149.75,6.239583333333333,1.979563654096956,5.0089672369955585
A078,1,0.05510661,0.513773167217504,0.5882276334141799,1.0,0.0416666666666666,0.0408219945202552,0.0
A078,2,0.07325087,0.5183045335275418,0.5909586718386494,26.17,1.0904166666666668,0.7373634081482162,3.2646137165420543
A078,3,-1.0537938,0.25849725281297975,0.4097570674532451,72.3,3.0125,1.389414488456134,4.280824129164719
A078,4,-1.0697036,0.2554594553431129,0.40714456615698796,140.08,5.836666666666667,1.9223002834161795,4.942213687977596
A079,1,0.49688977,0.6217281377009317,0.6517012375939487,1.0,0.0416666666666666,0.0408219945202552,0.0
A079,2,-0.40158516,0.4009315478130507,0.5167384434606157,26.11,1.0879166666666666,0.7361667586236876,3.2623183827110376
A079,3,-0.94553256,0.2797841471238818,0.4275746316840761,74.0,3.083333333333333,1.4069136483226266,4.30406509320417
A079,4,-0.9119565,0.28659964373409674,0.4331102877480175,194.42,8.100833333333332,2.208365984421637,5.270020767392923
A080,1,0.35685366,0.5882785810622339,0.6322989438734754,1.0,0.0416666666666666,0.0408219945202552,0.0
A080,2,0.34285796,0.584884588115112,0.6303216107148495,29.03,1.2095833333333337,0.7928039608010932,3.3683297780365384
A080,3,0.31786218,0.5788031608638837,0.6267732872713998,72.87,3.0362500000000003,1.3953160430903482,4.288677031682191
A080,4,-0.8033879,0.30930128103427806,0.4510181203072348,145.77,6.07375,1.956390749474597,4.982030037085921
A081,1,0.56923956,0.6385876890783878,0.6614465819947967,1.0,0.0416666666666666,0.0408219945202552,0.0
A081,2,-0.24241331,0.4396917144005034,0.5421847615450579,31.39,1.3079166666666666,0.8363452416970668,3.4464893708538624
A081,3,0.93472326,0.7180325492836219,0.707662835873835,80.13,3.33875,1.4675862881938588,4.383650315789979
A081,4,0.18450806,0.5459965995986259,0.6074865475102746,154.53,6.43875,2.0067028239769247,5.040388252245603
A082,1,0.47511065,0.6165926631993609,0.6487300190259679,1.0,0.0416666666666666,0.0408219945202552,0.0
A082,2,1.1720833,0.7635213755344843,0.7349490240923875,27.97,1.1654166666666663,0.7726127986724047,3.3311325072138684
A082,3,0.4018064,0.5991215896492104,0.638603509418582,75.71,3.154583333333333,1.424212142492756,4.326910252115215
A082,4,-0.08527875,0.47869322366760053,0.566782995303733,170.25,7.09375,2.0910921588998117,5.137267945029622
A083,1,1.9135383,0.871416135860115,0.8069216302517344,1.0,0.0416666666666666,0.0408219945202552,0.0
A083,2,0.9028967,0.7115444114258593,0.7038408198477977,25.15,1.0479166666666666,0.7168230162452299,3.224857896545748
A083,3,0.21852846,0.5544157366163933,0.6124626699761879,74.3,3.095833333333333,1.4099701968051752,4.308110951723713
A083,4,-0.03377411,0.49155727502942786,0.5747131851166644,144.91,6.037916666666667,1.951312198344308,4.976112860057833
A084,1,0.37614724,0.5929435290199707,0.6350135546849808,1.0,0.0416666666666666,0.0408219945202552,0.0
A084,2,-0.4066572,0.3997139320817612,0.5159202393914358,27.25,1.1354166666666667,0.7586617876705721,3.305053521109253
A084,3,0.011830099,0.5029574902580441,0.5816751616849731,91.97,3.832083333333333,1.5752777066206662,4.521462436914606
A084,4,-0.024996497,0.4937512011136871,0.5760576262650019,162.51,6.771249999999999,2.05043102660141,5.0907395383379175
A085,1,0.29977113,0.5743865666848474,0.6241917457341852,1.0,0.0416666666666666,0.0408219945202552,0.0
A085,2,1.7130281,0.8472286303465172,0.7893497113814651,24.51,1.02125,0.7037161319091797,3.1990811975400213
A085,3,-0.14947924,0.4626996175955293,0.5568031878686769,71.4,2.975,1.3800247481062953,4.268297869345539
A085,4,-0.5059031,0.3761544245118221,0.49983388939301,170.65,7.110416666666667,2.093149243708519,5.139614675352716
A086,1,0.9054527,0.712068743976705,0.7041491988943114,1.0,0.0416666666666666,0.0408219945202552,0.0
A086,2,-0.35819164,0.4113973892813345,0.5237212972686861,23.47,0.9779166666666668,0.6820441022152811,3.1557230098629323
A086,3,-1.1229844,0.24545812769998984,0.3984105093958581,145.29,6.05375,1.9535593903012127,4.978731745083247
A086,4,-1.1456217,0.24128970582876402,0.3947076552848837,169.55,7.064583333333334,2.087482046675712,5.133147868571648
A087,1,1.164813,0.7622061617263278,0.734144949092963,1.0,0.0416666666666666,0.0408219945202552,0.0
A087,2,1.112516,0.7525978740020384,0.728302335564602,31.07,1.2945833333333334,0.8305512729264446,3.436242723404956
A087,3,-0.23325346,0.4419495932069005,0.5436340797763818,72.8,3.033333333333333,1.3945931639345857,4.28771595520264
A087,4,0.27864328,0.5692135746199879,0.6211627628097394,144.2,6.008333333333333,1.947099917190902,4.971201224850849
A088,1,2.00997,0.8818398962777303,0.8149046077259167,1.0,0.0416666666666666,0.0408219945202552,0.0
A088,2,2.599694,0.9308418834204355,0.8576286375066083,24.25,1.0104166666666667,0.6983419974370495,3.188416617383492
A088,3,0.43418288,0.6068720579531082,0.6430999074307577,74.91,3.12125,1.4161565154038038,4.316287392959792
A088,4,1.1879628,0.7663765146568782,0.7366983441965472,149.93,6.247083333333333,1.9805990890721163,5.010168518506812
A089,1,1.6034564,0.8325009104835118,0.7791730821491685,1.0,0.0416666666666666,0.0408219945202552,0.0
A089,2,0.9674698,0.7246148881048066,0.7115548797207341,32.14,1.3391666666666666,0.8497947405857907,3.4701013603093664
A089,3,0.524776,0.628263874961848,0.655480294928456,79.34,3.3058333333333336,1.4599706925110931,4.373742415086184
A089,4,0.3647498,0.590189738470083,0.6334115084303906,146.96,6.123333333333334,1.9633757806629464,4.9901604409068705
A090,1,0.20163605,0.5502389136977427,0.6099965157791871,1.0,0.0416666666666666,0.0408219945202552,0.0
A090,2,-0.51139903,0.374865617549553,0.49893918941023474,23.54,0.9808333333333332,0.6835176315841023,3.1587011018321305
A090,3,-1.5578265,0.17395875137915223,0.32864873895202984,95.42,3.9758333333333336,1.6045928607709008,4.5582882000879605
A090,4,-1.1440647,0.24157485904187775,0.3949621716348354,144.07,6.002916666666667,1.9463267289405293,4.970299292573381
A091,1,0.64397514,0.655651492813049,0.6713090066588164,1.0,0.0416666666666666,0.0408219945202552,0.0
A091,2,-0.25296763,0.437093199514797,0.5405126115149567,22.2,0.925,0.6549259677397474,3.100092288878234
A091,3,-1.0806334,0.25338617030824334,0.40535093605435524,73.64,3.0683333333333334,1.4032334151768138,4.299188356364877
A091,4,-0.80276793,0.3094337433608257,0.4511203591620756,142.61,5.942083333333334,1.937601921593032,4.960113631748675
A092,1,-0.28513366,0.4291956428675947,0.5354023525260792,1.0,0.0416666666666666,0.0408219945202552,0.0
A092,2,-0.78696686,0.31282031414615147,0.453725824749983,22.83,0.95125,0.6684701928475048,3.1280754605417043
A092,3,-0.45482323,0.38821461375548905,0.508130616031746,71.31,2.97125,1.3790809066015888,4.267036570040212
A092,4,-1.3833519,0.2004712093937981,0.35622703146114143,146.16,6.09,1.958685340544036,4.9847019120697516
A093,1,0.56161565,0.6368262880388277,0.6604287783504663,1.0,0.0416666666666666,0.0408219945202552,0.0
A093,2,0.19028424,0.5474280397171218,0.6083340542030504,22.09,0.9204166666666668,0.6525421763844713,3.095125017432026
A093,3,0.67098945,0.6617246781943705,0.6748223040792205,70.22,2.9258333333333333,1.3675786429239494,4.251633170740286
A093,4,0.5149613,0.6259687969077091,0.6541534908581049,140.95,5.872916666666666,1.9275885673266449,4.948405217560121
A094,1,-0.70889944,0.3298420693097056,0.4665864902785031,1.0,0.0416666666666666,0.0408219945202552,0.0
A094,2,-0.17624284,0.45605298630871477,0.5526133866410985,22.98,0.9575,0.6716681488828211,3.1346242724206097
A094,3,-1.6861137,0.1562876103595195,0.30885777006708653,76.21,3.1754166666666666,1.429214153722292,4.333492687678026
A094,4,-1.1788263,0.23526329624115425,0.3892861038517253,149.99,6.249583333333334,1.9809439959506792,5.010568625207268
A095,1,1.5409168,0.8235979614400082,0.7731774290213566,1.0,0.0416666666666666,0.0408219945202552,0.0
A095,2,-0.27584857,0.431471846905153,0.5368796308445244,29.71,1.2379166666666668,0.8055453735694225,3.391483689474516
A095,3,-0.5608494,0.3633509477363446,0.49087304795691356,78.76,3.2816666666666667,1.4543423418937371,4.366405253770925
A095,4,-0.7580661,0.3190662840097718,0.458489583034205,148.79,6.199583333333333,1.9740231539770847,5.002535915839606
A096,1,-0.45961466,0.38707724119956366,0.5073538633362448,1.0,0.0416666666666666,0.0408219945202552,0.0
A096,2,-1.2598481,0.2210000420675702,0.37611390430561437,24.49,1.0204166666666663,0.7033037607693153,3.1982648709640764
A096,3,-2.12857,0.10635082285539532,0.2448582045011769,71.19,2.96625,1.3778210639152684,4.265352359115782
A096,4,-1.4557325,0.18912089611970312,0.3447039716659161,143.66,5.985833333333333,1.9438842888617656,4.967449396646655
A097,1,0.24293853,0.5604376762260105,0.6160098573729952,1.0,0.0416666666666666,0.0408219945202552,0.0
A097,2,-0.5491651,0.36605813385448394,0.4927814246308339,24.37,1.0154166666666666,0.7008259564869463,3.193352867637115
A097,3,0.7895957,0.6877445129411904,0.6899199390516122,70.83,2.95125,1.3740319845476905,4.260282639765531
A097,4,0.086306766,0.5215633079934274,0.5929177895413528,144.85,6.035416666666666,1.9509569164836311,4.975698724215359
A098,1,0.6008492,0.6458505657628958,0.6656434302727016,1.0,0.0416666666666666,0.0408219945202552,0.0
A098,2,0.3483601,0.5862198510334395,0.6310997741407395,25.77,1.07375,0.7293585625225172,3.2492110246642736
A098,3,1.1610224,0.7615184406122064,0.7337249304786922,78.84,3.285,1.4551205520497432,4.367420482284519
A098,4,-0.6924288,0.3334929925669143,0.4692962553598425,146.29,6.095416666666666,1.959449035690568,4.985590952989995
A099,1,1.1219946,0.754358506807655,0.7293689461457004,1.0,0.0416666666666666,0.0408219945202552,0.0
A099,2,1.2483166,0.7770083205520333,0.7432608786727299,28.75,1.1979166666666667,0.7875099420082304,3.3586377672433594
A099,3,-0.21441267,0.44660125006399093,0.5466095050720253,78.57,3.27375,1.452491661971374,4.36398994718773
A099,4,0.8498486,0.7005353819044425,0.6973841511816611,143.51,5.979583333333333,1.9429892206276496,4.96640471918284
A100,1,-0.06985861,0.4825424466555204,0.5691645453130362,1.0,0.0416666666666666,0.0408219945202552,0.0
A100,2,0.79101294,0.6880487870507475,0.6900971025765249,31.14,1.2975,0.8318215752477052,3.4384931664058525
A100,3,0.2661362,0.5661441029175217,0.6193625927517591,75.34,3.1391666666666667,1.4204944793312588,4.322011202263895
A100,4,0.06164612,0.5154066512227023,0.5892130638707543,146.8,6.116666666666667,1.962439451006524,4.9890711161804155
A101,1,-1.0356112,0.26199770309951226,0.4127449758205978,1.0,0.0416666666666666,0.0408219945202552,0.0
A101,2,-0.70036155,0.33173207241748154,0.4679913422261822,29.12,1.2133333333333334,0.7944996748202328,3.3714252233284854
A101,3,-1.5118189,0.1806693886904203,0.3358531174688646,75.21,3.13375,1.4191849853138654,4.320284200838311
A101,4,-1.1640573,0.23793083447259772,0.3916960319935853,150.22,6.259166666666666,1.9822650380428,5.0121008862578655
A102,1,-0.044223346,0.48894596497662945,0.5731099928875298,1.0,0.0416666666666666,0.0408219945202552,0.0
A102,2,1.0700971,0.7446153811239693,0.7234873165311002,29.13,1.21375,0.7946879101149062,3.3717685709713434
A102,3,-0.4782194,0.38267267605398725,0.5043347770170248,75.27,3.13625,1.419789580253685,4.321081649046441
A102,4,-0.5023084,0.3769983397780697,0.5004188791596913,150.41,6.267083333333333,1.9833550189326317,5.013364898667122
A103,1,1.7611793,0.8533572976789254,0.7936919139465589,1.0,0.0416666666666666,0.0408219945202552,0.0
A103,2,-1.0142955,0.26614005636861665,0.41625044104573367,27.26,1.1358333333333337,0.7588568905879793,3.3054204262683866
A103,3,-1.7227138,0.1515219392284265,0.30329939956797325,80.24,3.3433333333333333,1.4686421024686442,4.38502214365368
A103,4,-0.96813315,0.2752527613533936,0.42385042831453695,149.72,6.238333333333333,1.9793909773186755,5.008766883036229
A104,1,1.7474676,0.8516331075503718,0.7924634008502637,1.0,0.0416666666666666,0.0408219945202552,0.0
A104,2,0.04523211,0.5113060999286633,0.5867372912300081,22.6,0.9416666666666668,0.6635467107836547,3.1179499062782403
A104,3,0.22338806,0.5556159272501868,0.6131704100055784,72.62,3.0258333333333334,1.3927319287783149,4.28524036598619
A104,4,-1.7777252,0.1445842531453501,0.2950249106494745,145.78,6.074166666666667,1.956449650961876,4.982098635954067
A105,1,0.61165696,0.6483186843397372,0.6670698275700329,1.0,0.0416666666666666,0.0408219945202552,0.0
A105,2,0.47426346,0.6163923624994405,0.6486140921262281,22.77,0.94875,0.6671881413898492,3.125443880075648
A105,3,-0.23769371,0.4408547776787339,0.5429317431282777,69.46,2.8941666666666666,1.3594797069243345,4.240751047315928
A105,4,0.29649377,0.5735851668446575,0.6237228808678054,146.2,6.091666666666666,1.958920385791328,4.9849755473156785
A106,1,1.1972102,0.768028121846264,0.7377126966701286,1.0,0.0416666666666666,0.0408219945202552,0.0
A106,2,0.124567874,0.5311017613256549,0.5986295254764978,22.64,0.9433333333333334,0.6644047116942914,3.119718253334982
A106,3,0.3480307,0.5861399474792132,0.6310532169576,66.08,2.7533333333333334,1.3226443340434346,4.190866129212723
A106,4,1.0106606,0.7331494098202717,0.7166255936660724,147.13,6.130416666666666,1.9643696712414147,4.991316549709856
A107,1,-0.71622896,0.32822393153624435,0.46538015705285257,1.0,0.0416666666666666,0.0408219945202552,0.0
A107,2,-1.6166046,0.16567366980984027,0.31952402713857464,26.22,1.0925,0.7383595233814935,3.2665224783355535
A107,3,-1.0414004,0.26087987618567177,0.41179340678849713,71.45,2.9770833333333333,1.3805487198238109,4.268997904375876
A107,4,-1.2497748,0.22273912445774682,0.3777467382860807,145.95,6.08125,1.9574504457941797,4.983264097300124
A108,1,-0.4913459,0.379576559304155,0.5022018714341228,1.0,0.0416666666666666,0.0408219945202552,0.0
A108,2,-1.1094757,0.2479686472077561,0.4006225514642656,27.61,1.1504166666666666,0.7656616218126902,3.3181780259420632
A108,3,-0.358304,0.41137018162571215,0.5237032575362731,68.96,2.873333333333333,1.3541154627556553,4.233526626355437
A108,4,-1.1333818,0.24353754178964646,0.39670913478959635,152.12,6.338333333333334,1.9931117505396077,5.024669683060059
A109,1,-0.25337747,0.43699236396163466,0.5404476325664227,1.0,0.0416666666666666,0.0408219945202552,0.0
A109,2,-1.0994496,0.24984303699116747,0.402265404233061,24.65,1.0270833333333331,0.7065979782840686,3.204776900488699
A109,3,-0.23198725,0.4422619016836728,0.5438342855141265,71.17,2.9654166666666666,1.3776109357363064,4.26507138131118
A109,4,-1.2962439,0.2147978411083959,0.37022699715582275,149.87,6.244583333333334,1.980254063191753,5.009768251656904
