composite_ID,UID,test,theta_All,se_All,TSVR_hours,Days,Days_squared,log_Days_plus1,ma_prediction,ma_pred_variance,ma_pred_se
A010_T1,A010,T1,-0.13905293,0.033312414,1.0,0.0416666666666666,0.0017361111111111,0.0408219945202552,-0.35952440264819746,0.0029240400017221716,0.054074393216403005
A010_T2,A010,T2,-0.483975,0.033312414,21.9,0.9125,0.83265625,0.6484112867185539,-0.5456482138827985,0.002782004821971835,0.0527447136874572
A010_T3,A010,T3,-0.68631816,0.033312414,80.88,3.37,11.356899999999998,1.4747630091074986,-0.7582001519697037,0.0019436850432345205,0.044087243543167
A010_T4,A010,T4,-0.68651795,0.033312414,145.31,6.054583333333333,36.65797934027778,1.9536775237921948,-0.7319346711990093,0.020991707689879246,0.14488515344878938
A011_T1,A011,T1,0.1330746,0.033312414,1.0,0.0416666666666666,0.0017361111111111,0.0408219945202552,-0.35952440264819746,0.0029240400017221716,0.054074393216403005
A011_T2,A011,T2,-0.600107,0.033312414,24.57,1.02375,1.0480640625,0.7049522260097076,-0.5618339355526019,0.0023019064134652363,0.04797818685053903
A011_T3,A011,T3,-0.56184554,0.033312414,72.55,3.0229166666666667,9.138025173611112,1.392007178526578,-0.744190484442834,0.0019315825116201029,0.043949772600323005
A011_T4,A011,T4,-1.3168331,0.033312414,148.85,6.202083333333333,38.46583767361111,1.974370336019688,-0.7267851031449919,0.025777013792498853,0.1605522151591153
A012_T1,A012,T1,-0.09271885,0.033312414,1.0,0.0416666666666666,0.0017361111111111,0.0408219945202552,-0.35952440264819746,0.0029240400017221716,0.054074393216403005
A012_T2,A012,T2,-0.73501015,0.033312414,25.6,1.0666666666666669,1.1377777777777778,0.7259370033829361,-0.5678414474634027,0.0021197993469066513,0.04604127872797031
A012_T3,A012,T3,-0.4385995,0.033312414,166.33,6.930416666666667,48.03067517361112,2.070705577351747,-0.7029620426266494,0.0547655206595679,0.23402034240545821
A012_T4,A012,T4,-0.81121576,0.033312414,166.87,6.952916666666667,48.34305017361111,2.0735387376938554,-0.7023179256769574,0.055743456510835995,0.2361005220469366
A013_T1,A013,T1,-0.5214896,0.033312414,1.0,0.0416666666666666,0.0017361111111111,0.0408219945202552,-0.35952440264819746,0.0029240400017221716,0.054074393216403005
A013_T2,A013,T2,-0.8025816,0.033312414,24.77,1.0320833333333332,1.0651960069444442,0.7090615393740157,-0.5630103105541984,0.002266303557548278,0.0476057092957166
A013_T3,A013,T3,-0.57931006,0.033312414,79.66,3.3191666666666664,11.016867361111109,1.4630624824136147,-0.7564591161683885,0.0019759604862821635,0.04445177708801037
A013_T4,A013,T4,-1.0235835,0.033312414,147.13,6.130416666666666,37.58200850694444,1.9643696712414147,-0.7292881109028446,0.02339297993052851,0.15294763787168636
A014_T1,A014,T1,-0.13213211,0.033312414,1.0,0.0416666666666666,0.0017361111111111,0.0408219945202552,-0.35952440264819746,0.0029240400017221716,0.054074393216403005
A014_T2,A014,T2,-0.22750956,0.033312414,25.66,1.0691666666666666,1.143117361111111,0.727145949732075,-0.568187559452352,0.0021092987230229288,0.045927102271131025
A014_T3,A014,T3,-0.47540674,0.033312414,70.56,2.94,8.6436,1.3711807233098423,-0.740101598000243,0.001852542335960002,0.04304117024384911
A014_T4,A014,T4,-0.9524173,0.033312414,148.87,6.202916666666667,38.47617517361111,1.9744860365867496,-0.7267560185345555,0.025805370811855063,0.16064050177914369
A015_T1,A015,T1,0.17578323,0.033312414,1.0,0.0416666666666666,0.0017361111111111,0.0408219945202552,-0.35952440264819746,0.0029240400017221716,0.054074393216403005
A015_T2,A015,T2,-0.33134136,0.033312414,23.69,0.9870833333333334,0.9743335069444446,0.6866679019621874,-0.5565998283778,0.002459552143259421,0.04959387203334119
A015_T3,A015,T3,-0.14433615,0.033312414,70.59,2.94125,8.650951562500001,1.3714979318771336,-0.7401653800041228,0.0018539253145113416,0.043057233010393756
A015_T4,A015,T4,-0.5226083,0.033312414,146.54,6.105833333333333,37.28120069444444,1.9609160429659576,-0.7301467008203425,0.022600620898711173,0.15033502884794073
A016_T1,A016,T1,-0.3108059,0.033312414,1.0,0.0416666666666666,0.0017361111111111,0.0408219945202552,-0.35952440264819746,0.0029240400017221716,0.054074393216403005
A016_T2,A016,T2,-0.9208703,0.033312414,32.85,1.36875,1.8734765625000005,0.8623623898485996,-0.6068916511067197,0.001011149921705136,0.031798583643067126
A016_T3,A016,T3,-0.775769,0.033312414,80.64,3.36,11.289599999999998,1.4724720573609429,-0.7578660014122202,0.0019509578809911723,0.044169648866514345
A016_T4,A016,T4,-1.2670994,0.033312414,150.8,6.283333333333334,39.480277777777786,1.9855886328734893,-0.7239549488717267,0.028608074459066716,0.16913921620684755
A017_T1,A017,T1,-0.1695174,0.033312414,1.0,0.0416666666666666,0.0017361111111111,0.0408219945202552,-0.35952440264819746,0.0029240400017221716,0.054074393216403005
A017_T2,A017,T2,0.28766757,0.033312414,20.61,0.85875,0.7374515625,0.6199042187922278,-0.5374854906768581,0.0030118926859195394,0.05488071324171671
A017_T3,A017,T3,0.24563572,0.033312414,61.28,2.553333333333333,6.519511111111111,1.2678861300695887,-0.7172119554893237,0.0012222305800655751,0.034960414472165156
A017_T4,A017,T4,-0.0076715588,0.033312414,140.49,5.853750000000001,34.26638906250001,1.9247959477361207,-0.7388672095754519,0.01526956711164202,0.12357008987470236
A018_T1,A018,T1,-0.12740232,0.033312414,1.0,0.0416666666666666,0.0017361111111111,0.0408219945202552,-0.35952440264819746,0.0029240400017221716,0.054074393216403005
A018_T2,A018,T2,-0.3386591,0.033312414,34.03,1.4179166666666667,2.0104876736111112,0.8829062878545713,-0.6127624534131099,0.0008722876603247833,0.02953451642273466
A018_T3,A018,T3,-0.4846632,0.033312414,83.64,3.485,12.145225,1.5007384955107592,-0.7617506932224679,0.0018284330375243959,0.04276018051323446
A018_T4,A018,T4,-0.6635811,0.033312414,150.87,6.28625,39.5169390625,1.9859890103776223,-0.7238536335699222,0.028712136421283018,0.16944655918986085
A019_T1,A019,T1,-2.0066547,0.033312414,1.0,0.0416666666666666,0.0017361111111111,0.0408219945202552,-0.35952440264819746,0.0029240400017221716,0.054074393216403005
A019_T2,A019,T2,-1.936245,0.033312414,28.69,1.1954166666666668,1.429021006944445,0.7863718538732487,-0.5851449737106648,0.0016017653563916937,0.0400220608713706
A019_T3,A019,T3,-2.2414632,0.033312414,83.68,3.486666666666667,12.156844444444443,1.501110035548472,-0.7617982169521563,0.001826347857096235,0.04273579128899142
A019_T4,A019,T4,-0.9828369,0.033312414,154.76,6.448333333333333,41.581002777777776,2.007990293717305,-0.7182762105701088,0.034740562976886324,0.18638820503692374
A020_T1,A020,T1,-0.20167366,0.033312414,1.0,0.0416666666666666,0.0017361111111111,0.0408219945202552,-0.35952440264819746,0.0029240400017221716,0.054074393216403005
A020_T2,A020,T2,-0.3446548,0.033312414,26.85,1.11875,1.2516015625000003,0.7508262921466236,-0.5749673956065523,0.0019041565976367773,0.04363664283187671
A020_T3,A020,T3,-1.0575721,0.033312414,78.25,3.2604166666666665,10.630316840277777,1.4493669645749654,-0.7543148986835743,0.001998579506973257,0.04470547513418527
A020_T4,A020,T4,-1.261497,0.033312414,145.78,6.074166666666667,36.89550069444444,1.956449650961876,-0.7312518976949405,0.021599574299691063,0.14696793629799346
A021_T1,A021,T1,-0.3146922,0.033312414,1.0,0.0416666666666666,0.0017361111111111,0.0408219945202552,-0.35952440264819746,0.0029240400017221716,0.054074393216403005
A021_T2,A021,T2,-0.41681358,0.033312414,30.21,1.25875,1.5844515625000002,0.8148115629243012,-0.5932870498685904,0.0013692513128090351,0.03700339596319553
A021_T3,A021,T3,-0.60466605,0.033312414,74.19,3.09125,9.5558265625,1.4088505468332533,-0.7473439680040466,0.0019760925865082305,0.04445326294557274
A021_T4,A021,T4,-0.09706275,0.033312414,140.39,5.8495833333333325,34.217625173611104,1.9241878231734733,-0.7390090348195848,0.015160965645340412,0.12312987308261311
A022_T1,A022,T1,-0.81380814,0.033312414,1.0,0.0416666666666666,0.0017361111111111,0.0408219945202552,-0.35952440264819746,0.0029240400017221716,0.054074393216403005
A022_T2,A022,T2,-1.6027367,0.033312414,24.15,1.00625,1.0125390624999997,0.6962673078961887,-0.559347747916849,0.002376971305248562,0.048754192694050034
A022_T3,A022,T3,-0.83548737,0.033312414,74.46,3.1025,9.625506249999995,1.4115965439821088,-0.7478444545933877,0.0019815321346719214,0.0445144036764722
A022_T4,A022,T4,-1.0474674,0.033312414,141.71,5.904583333333334,34.864104340277784,1.932185442293757,-0.7371289379212002,0.016628049832065995,0.12894979578140478
A023_T1,A023,T1,-0.49011907,0.033312414,1.0,0.0416666666666666,0.0017361111111111,0.0408219945202552,-0.35952440264819746,0.0029240400017221716,0.054074393216403005
A023_T2,A023,T2,-0.39423442,0.033312414,25.63,1.0679166666666666,1.1404460069444444,0.7265416592514038,-0.5680145555424064,0.0021145473600647905,0.0459842077246612
A023_T3,A023,T3,-0.5714011,0.033312414,72.2,3.0083333333333333,9.050069444444444,1.388375527323715,-0.7434922101228344,0.001919607067418571,0.04381332066185546
A023_T4,A023,T4,-0.39642394,0.033312414,145.07,6.044583333333333,36.5369876736111,1.9522590000009292,-0.7322830516796226,0.020684642589087938,0.14382156510443048
A024_T1,A024,T1,-0.5055459,0.033312414,1.0,0.0416666666666666,0.0017361111111111,0.0408219945202552,-0.35952440264819746,0.0029240400017221716,0.054074393216403005
A024_T2,A024,T2,-0.64316475,0.033312414,29.57,1.2320833333333334,1.518029340277778,0.8029353795449234,-0.5898872272011251,0.0014650255862204522,0.03827565265570859
A024_T3,A024,T3,-0.6282593,0.033312414,91.47,3.81125,14.5256265625,1.570956925615819,-0.7689544393493366,0.0012364118163054017,0.03516264802749363
A024_T4,A024,T4,-0.67857015,0.033312414,145.65,6.0687500000000005,36.82972656250001,1.9556836608822936,-0.7314408135354764,0.021430579249329874,0.14639186879512767
A025_T1,A025,T1,-0.18618394,0.033312414,1.0,0.0416666666666666,0.0017361111111111,0.0408219945202552,-0.35952440264819746,0.0029240400017221716,0.054074393216403005
A025_T2,A025,T2,-0.5896764,0.033312414,23.33,0.9720833333333332,0.9449460069444444,0.679090513570211,-0.5544307468997768,0.0025243639596553465,0.05024304886902611
A025_T3,A025,T3,-1.284663,0.033312414,72.94,3.0391666666666666,9.236534027777775,1.3960384000692845,-0.7449580800332868,0.0019439186030135315,0.04408989229986315
A025_T4,A025,T4,-1.0751715,0.033312414,137.74,5.739166666666667,32.93803402777778,1.9079362773197304,-0.7427239855271692,0.012436166608137617,0.11151756188214311
A026_T1,A026,T1,-0.36186954,0.033312414,1.0,0.0416666666666666,0.0017361111111111,0.0408219945202552,-0.35952440264819746,0.0029240400017221716,0.054074393216403005
A026_T2,A026,T2,-0.53927004,0.033312414,26.48,1.1033333333333333,1.2173444444444443,0.7435233878850122,-0.5728764624288354,0.0019672530795656206,0.04435372678327742
A026_T3,A026,T3,-0.5248772,0.033312414,75.46,3.1441666666666666,9.885784027777778,1.421701722938647,-0.7496521965962344,0.0019968803157252614,0.044686466807359715
A026_T4,A026,T4,-0.3616829,0.033312414,147.65,6.152083333333334,37.84812934027778,1.9674036895557556,-0.7285312155169519,0.02410220694355807,0.15524885488646306
A027_T1,A027,T1,-0.21083377,0.033312414,1.0,0.0416666666666666,0.0017361111111111,0.0408219945202552,-0.35952440264819746,0.0029240400017221716,0.054074393216403005
A027_T2,A027,T2,-0.37666333,0.033312414,28.26,1.1775,1.38650625,0.7781774297445209,-0.582798719227963,0.0016705569624443021,0.0408724474731365
A027_T3,A027,T3,-0.97083545,0.033312414,74.58,3.1075,9.65655625,1.412814570929286,-0.7480652000061992,0.0019837743589272362,0.04453958193480532
A027_T4,A027,T4,-1.0949106,0.033312414,145.92,6.079999999999999,36.96639999999999,1.9572739077056285,-0.7310484012293825,0.021782302884920828,0.14758828844092212
A028_T1,A028,T1,0.11992493,0.033312414,1.0,0.0416666666666666,0.0017361111111111,0.0408219945202552,-0.35952440264819746,0.0029240400017221716,0.054074393216403005
A028_T2,A028,T2,-0.30235586,0.033312414,22.82,0.9508333333333332,0.9040840277777776,0.668256631714819,-0.551329448237525,0.002616315737709315,0.05114993389740905
A028_T3,A028,T3,-0.49256283,0.033312414,72.26,3.0108333333333337,9.065117361111112,1.388999033527018,-0.7436125465038039,0.0019217201312965442,0.04383742842932902
A028_T4,A028,T4,-0.8265561,0.033312414,138.91,5.787916666666667,33.49997934027778,1.9151440707301324,-0.741094796282436,0.013602705469742422,0.11663063692590563
A029_T1,A029,T1,0.15784328,0.033312414,1.0,0.0416666666666666,0.0017361111111111,0.0408219945202552,-0.35952440264819746,0.0029240400017221716,0.054074393216403005
A029_T2,A029,T2,-0.3178071,0.033312414,28.43,1.184583333333333,1.4032376736111112,0.7814251162364958,-0.5837286134774562,0.0016432125773731636,0.04053655852897682
A029_T3,A029,T3,-0.24579473,0.033312414,93.26,3.8858333333333337,15.099700694444447,1.5863398611881236,-0.7700218868047164,0.0010650459843958445,0.03263504227660575
A029_T4,A029,T4,-0.6789598,0.033312414,143.14,5.964166666666666,35.57128402777777,1.9407779542253445,-0.735075220657409,0.018298608138074962,0.13527234801715746
A030_T1,A030,T1,-0.5649794,0.033312414,1.0,0.0416666666666666,0.0017361111111111,0.0408219945202552,-0.35952440264819746,0.0029240400017221716,0.054074393216403005
A030_T2,A030,T2,-0.32012805,0.033312414,32.95,1.3729166666666668,1.8849001736111115,0.8641198595452456,-0.6073940958558941,0.0009988491893538007,0.03160457544966869
A030_T3,A030,T3,-0.6057995,0.033312414,71.93,2.9970833333333338,8.982508506944447,1.3855649284819107,-0.7429474578209567,0.0019097934768383782,0.043701183929481566
A030_T4,A030,T4,-0.7230972,0.033312414,150.46,6.269166666666667,39.302450694444445,1.9836416586571268,-0.7244473830617274,0.02810498540276069,0.16764541569264782
A031_T1,A031,T1,0.26328957,0.033312414,1.0,0.0416666666666666,0.0017361111111111,0.0408219945202552,-0.35952440264819746,0.0029240400017221716,0.054074393216403005
A031_T2,A031,T2,-0.29601982,0.033312414,32.41,1.3504166666666666,1.8236251736111109,0.8545926174039392,-0.6046699330643387,0.0010664161351869306,0.032656027547558975
A031_T3,A031,T3,-0.7246792,0.033312414,71.56,2.981666666666667,8.890336111111113,1.3817004921096632,-0.7421923346746072,0.0018955448017729597,0.0435378548136327
A031_T4,A031,T4,-1.3181441,0.033312414,143.85,5.99375,35.92503906249999,1.9450168930780984,-0.7340503076041642,0.019159006470619095,0.13841606290679956
A032_T1,A032,T1,-0.3430531,0.033312414,1.0,0.0416666666666666,0.0017361111111111,0.0408219945202552,-0.35952440264819746,0.0029240400017221716,0.054074393216403005
A032_T2,A032,T2,-0.47822228,0.033312414,57.18,2.3825,5.67630625,1.218615081062806,-0.7050849433899443,0.0008897463920694025,0.029828616998939166
A032_T3,A032,T3,-0.64968324,0.033312414,80.16,3.34,11.1556,1.4678743481123135,-0.757185441779857,0.001964149665899137,0.044318728162021266
A032_T4,A032,T4,-0.81169164,0.033312414,144.51,6.021249999999999,36.25545156249999,1.9489412648645053,-0.7330950881415857,0.019976995803248698,0.1413400007190063
A033_T1,A033,T1,-0.31503958,0.033312414,1.0,0.0416666666666666,0.0017361111111111,0.0408219945202552,-0.35952440264819746,0.0029240400017221716,0.054074393216403005
A033_T2,A033,T2,-0.66543496,0.033312414,29.16,1.215,1.476225,0.7952524034970989,-0.587687598654207,0.001528033425344052,0.039090068116390535
A033_T3,A033,T3,-0.22533582,0.033312414,72.6,3.025,9.150625,1.3925249108705269,-0.7442895113908272,0.0019332238004824273,0.04396844096033457
A033_T4,A033,T4,-0.6513037,0.033312414,168.33,7.013750000000001,49.19268906250001,2.08115881631933,-0.7006166153425184,0.05839264095164728,0.24164569301282254
A034_T1,A034,T1,0.070721015,0.033312414,1.0,0.0416666666666666,0.0017361111111111,0.0408219945202552,-0.35952440264819746,0.0029240400017221716,0.054074393216403005
A034_T2,A034,T2,0.107155256,0.033312414,26.08,1.086666666666667,1.1808444444444444,0.7355678964438975,-0.570598746077449,0.002036187442035629,0.045124133698450426
A034_T3,A034,T3,-0.19132395,0.033312414,74.28,3.095,9.579025,1.409766717305033,-0.7475113830670347,0.001977966282535023,0.04447433285092676
A034_T4,A034,T4,-0.76067644,0.033312414,145.38,6.0575,36.69330625,1.9540908811455076,-0.7318330236997368,0.02108169413912119,0.14519536541887687
A035_T1,A035,T1,-0.42354158,0.033312414,1.0,0.0416666666666666,0.0017361111111111,0.0408219945202552,-0.35952440264819746,0.0029240400017221716,0.054074393216403005
A035_T2,A035,T2,-0.41725877,0.033312414,44.76,1.865,3.478225,1.052568350166703,-0.6607292937198225,0.0002885091665547254,0.016985557587395398
A035_T3,A035,T3,-0.8161883,0.033312414,79.98,3.3325,11.10555625,1.466144742607624,-0.7569260128500229,0.0019686291241628865,0.04436923623596519
A035_T4,A035,T4,-0.99934804,0.033312414,152.47,6.352916666666666,40.35955017361111,1.995097059907196,-0.7215455230500134,0.03113468579317018,0.1764502360246939
A036_T1,A036,T1,-1.2653807,0.033312414,1.0,0.0416666666666666,0.0017361111111111,0.0408219945202552,-0.35952440264819746,0.0029240400017221716,0.054074393216403005
A036_T2,A036,T2,-1.0273318,0.033312414,21.63,0.90125,0.8122515625,0.6425115645913656,-0.5439591173234228,0.002830444959680282,0.053201926277911045
A036_T3,A036,T3,-1.4433892,0.033312414,71.47,2.9779166666666668,8.867987673611111,1.3807582316619962,-0.7420071500103628,0.0018919407759618225,0.04349644555549134
A036_T4,A036,T4,-1.5601645,0.033312414,143.85,5.99375,35.92503906249999,1.9450168930780984,-0.7340503076041642,0.019159006470619095,0.13841606290679956
A037_T1,A037,T1,-0.08707868,0.033312414,1.0,0.0416666666666666,0.0017361111111111,0.0408219945202552,-0.35952440264819746,0.0029240400017221716,0.054074393216403005
A037_T2,A037,T2,-0.18395871,0.033312414,23.7,0.9875,0.9751562499999998,0.6868775675463499,-0.5566598467367673,0.0024577537231548464,0.049575737242675944
A037_T3,A037,T3,-0.68357,0.033312414,72.08,3.0033333333333334,9.020011111111112,1.3871273474237826,-0.7432507523197589,0.0019153068627148113,0.043764218977548446
A037_T4,A037,T4,-0.79580086,0.033312414,143.66,5.985833333333333,35.83020069444444,1.9438842888617656,-0.7343248724340746,0.018926763612361182,0.13757457473080256
A038_T1,A038,T1,-0.2467488,0.033312414,1.0,0.0416666666666666,0.0017361111111111,0.0408219945202552,-0.35952440264819746,0.0029240400017221716,0.054074393216403005
A038_T2,A038,T2,-0.44835788,0.033312414,71.85,2.99375,8.9625390625,1.3847306391437078,-0.7427850317437157,0.0019067906225488903,0.043666813743950796
A038_T3,A038,T3,-0.4034849,0.033312414,72.86,3.035833333333333,9.216284027777776,1.3952128066271372,-0.7448015248447806,0.001941475607241893,0.044062178875333584
A038_T4,A038,T4,-0.23959932,0.033312414,152.89,6.370416666666666,40.58220850694444,1.9974742401074703,-0.7209425124101341,0.03178417917644925,0.17828118009607533
A039_T1,A039,T1,0.1412702,0.033312414,1.0,0.0416666666666666,0.0017361111111111,0.0408219945202552,-0.35952440264819746,0.0029240400017221716,0.054074393216403005
A039_T2,A039,T2,0.119720794,0.033312414,28.65,1.19375,1.4250390624999998,0.7856124082320387,-0.5849275291224714,0.0016081119333903476,0.04010127096976289
A039_T3,A039,T3,-0.14256553,0.033312414,98.84,4.118333333333333,16.96066944444444,1.632828865224676,-0.772026244010357,0.0005273292483452992,0.022963650588382047
A039_T4,A039,T4,-0.52121466,0.033312414,246.24,10.26,105.2676,2.421256622711544,-0.7512917305912382,0.07592396329586733,0.2755430334736615
A040_T1,A040,T1,-0.598243,0.033312414,1.0,0.0416666666666666,0.0017361111111111,0.0408219945202552,-0.35952440264819746,0.0029240400017221716,0.054074393216403005
A040_T2,A040,T2,-0.44592965,0.033312414,26.26,1.0941666666666667,1.1972006944444449,0.7391557017675006,-0.5716259527670204,0.0020050784882637406,0.04477810277651054
A040_T3,A040,T3,-0.73125327,0.033312414,71.28,2.97,8.820900000000002,1.3787660946990992,-0.7416142685734489,0.0018841569036333393,0.043406876225240386
A040_T4,A040,T4,-0.4674195,0.033312414,143.53,5.980416666666667,35.765383506944445,1.9431086093574956,-0.7345126135486735,0.01876869916751176,0.13699890206681134
A041_T1,A041,T1,0.011227685,0.033312414,1.0,0.0416666666666666,0.0017361111111111,0.0408219945202552,-0.35952440264819746,0.0029240400017221716,0.054074393216403005
A041_T2,A041,T2,-0.3039493,0.033312414,31.78,1.3241666666666667,1.7534173611111112,0.8433615518513973,-0.601457436639407,0.0011487238012695324,0.03389282816864849
A041_T3,A041,T3,-0.28749505,0.033312414,75.74,3.1558333333333333,9.959284027777777,1.424512969770031,-0.7501454243718638,0.0019998053649657294,0.04471918341121324
A041_T4,A041,T4,-0.5819944,0.033312414,141.84,5.91,34.9281,1.9329696377795784,-0.7369429034584469,0.01677644611280392,0.12952392100613663
A042_T1,A042,T1,-0.79731315,0.033312414,1.0,0.0416666666666666,0.0017361111111111,0.0408219945202552,-0.35952440264819746,0.0029240400017221716,0.054074393216403005
A042_T2,A042,T2,-1.1420015,0.033312414,28.93,1.2054166666666666,1.4530293402777776,0.7909164555219504,-0.5864461705935323,0.001563919274959746,0.0395464192432102
A042_T3,A042,T3,-0.847396,0.033312414,72.17,3.0070833333333336,9.042550173611112,1.388063628376445,-0.7434319438075693,0.0019185412620816758,0.04380115594458297
A042_T4,A042,T4,-0.7720472,0.033312414,146.02,6.084166666666667,37.01708402777778,1.9578622468412672,-0.7309030179438681,0.021913288085763646,0.14803137534240382
A043_T1,A043,T1,0.3001954,0.033312414,1.0,0.0416666666666666,0.0017361111111111,0.0408219945202552,-0.35952440264819746,0.0029240400017221716,0.054074393216403005
A043_T2,A043,T2,0.1664338,0.033312414,25.62,1.0675,1.1395562500000005,0.7263401479157092,-0.5679568644299593,0.0021162976517411203,0.04600323523124347
A043_T3,A043,T3,-0.17432076,0.033312414,64.94,2.705833333333333,7.321534027777776,1.3099081547346048,-0.7269932137304296,0.001508277024372908,0.03883654238436923
A043_T4,A043,T4,-0.558808,0.033312414,149.33,6.222083333333334,38.71432100694445,1.9771434616052732,-0.7260873205815512,0.02646153045283172,0.16267000477295043
A044_T1,A044,T1,-1.06982,0.033312414,1.0,0.0416666666666666,0.0017361111111111,0.0408219945202552,-0.35952440264819746,0.0029240400017221716,0.054074393216403005
A044_T2,A044,T2,-0.96534085,0.033312414,47.66,1.985833333333333,3.943534027777777,1.093878881528862,-0.6721240695217616,0.00033292270278314004,0.018246169537279325
A044_T3,A044,T3,-1.1876827,0.033312414,91.63,3.817916666666666,14.57648767361111,1.5723416077929249,-0.7690584438487972,0.0012213988062019913,0.03494851650931683
A044_T4,A044,T4,-1.5655587,0.033312414,155.27,6.4695833333333335,41.855508506944446,2.0108392189188016,-0.7175551114995937,0.03556430667230073,0.1885850117912363
A045_T1,A045,T1,-0.8722971,0.033312414,1.0,0.0416666666666666,0.0017361111111111,0.0408219945202552,-0.35952440264819746,0.0029240400017221716,0.054074393216403005
A045_T2,A045,T2,-0.6572311,0.033312414,24.66,1.0275,1.0557562500000002,0.7068035070074309,-0.5623639006055099,0.0022858726583903158,0.04781080064577789
A045_T3,A045,T3,-1.0510488,0.033312414,72.23,3.009583333333333,9.057591840277778,1.3886873290203638,-0.743552411020383,0.0019206666935360536,0.043825411504469114
A045_T4,A045,T4,-0.6715156,0.033312414,151.52,6.3133333333333335,39.858177777777776,1.9896991661789745,-0.7229140827011682,0.02968622744514826,0.172296916528266
A046_T1,A046,T1,-0.6608937,0.033312414,1.0,0.0416666666666666,0.0017361111111111,0.0408219945202552,-0.35952440264819746,0.0029240400017221716,0.054074393216403005
A046_T2,A046,T2,-1.000125,0.033312414,24.32,1.0133333333333334,1.026844444444445,0.699791723278614,-0.5603566574996545,0.0023465433345035143,0.048441132671558314
A046_T3,A046,T3,-1.4650033,0.033312414,73.05,3.04375,9.264414062499998,1.3971724792670734,-0.7451725849313562,0.0019472034599677416,0.04412712839022886
A046_T4,A046,T4,-1.5674849,0.033312414,147.94,6.164166666666667,37.99695069444444,1.9690917483983523,-0.7281091125088849,0.02450211220256638,0.15653150546316988
A047_T1,A047,T1,-0.57797015,0.033312414,1.0,0.0416666666666666,0.0017361111111111,0.0408219945202552,-0.35952440264819746,0.0029240400017221716,0.054074393216403005
A047_T2,A047,T2,-0.80200624,0.033312414,23.46,0.9775,0.95550625,0.6818334206596719,-0.5552159234543175,0.002500945975394498,0.0500094588592448
A047_T3,A047,T3,-1.3837919,0.033312414,76.85,3.202083333333333,10.253337673611108,1.4355804340522749,-0.7520451318602671,0.002005393249409197,0.044781617315693245
A047_T4,A047,T4,-1.6884255,0.033312414,144.22,6.009166666666666,36.11008402777777,1.9472188161863453,-0.7335150715501729,0.01961543076899595,0.14005509904675356
A048_T1,A048,T1,-0.29754767,0.033312414,1.0,0.0416666666666666,0.0017361111111111,0.0408219945202552,-0.35952440264819746,0.0029240400017221716,0.054074393216403005
A048_T2,A048,T2,-0.4682938,0.033312414,23.91,0.99625,0.9925140625,0.6912704205470851,-0.5579173372124373,0.002420017028927901,0.04919366858578349
A048_T3,A048,T3,-0.55355513,0.033312414,81.15,3.38125,11.4328515625,1.477334071800763,-0.758571193878295,0.0019349666901475895,0.04398825627536956
A048_T4,A048,T4,-0.6172761,0.033312414,146.3,6.095833333333334,37.15918402777779,1.9595077573206967,-0.7304958314415045,0.022282099600442862,0.14927189822750583
A049_T1,A049,T1,0.015095141,0.033312414,1.0,0.0416666666666666,0.0017361111111111,0.0408219945202552,-0.35952440264819746,0.0029240400017221716,0.054074393216403005
A049_T2,A049,T2,-0.5101858,0.033312414,27.12,1.13,1.2769000000000004,0.7561219797213337,-0.5764836607109423,0.0018585508945685582,0.04311091386839948
A049_T3,A049,T3,-0.24321106,0.033312414,111.38,4.640833333333333,21.53733402777777,1.730031808732516,-0.769798057444512,0.00013575683954315896,0.011651473706924757
A049_T4,A049,T4,-0.5534761,0.033312414,168.86,7.035833333333334,49.50295069444445,2.083910706734293,-0.7000140870322632,0.05935516327458692,0.243629151118225
A050_T1,A050,T1,-0.332139,0.033312414,1.0,0.0416666666666666,0.0017361111111111,0.0408219945202552,-0.35952440264819746,0.0029240400017221716,0.054074393216403005
A050_T2,A050,T2,-0.4592812,0.033312414,24.73,1.0304166666666668,1.0617585069444446,0.7082410265074691,-0.5627754206581664,0.002273415970380768,0.04768035203708932
A050_T3,A050,T3,-0.8918068,0.033312414,93.39,3.89125,15.1418265625,1.587447894542485,-0.7700912333543941,0.001052369748738047,0.03244024890067965
A050_T4,A050,T4,-0.8248155,0.033312414,148.69,6.195416666666667,38.38318767361111,1.973444249248633,-0.7270178078260636,0.02555067595866989,0.15984578805420518
A051_T1,A051,T1,-0.13511,0.033312414,1.0,0.0416666666666666,0.0017361111111111,0.0408219945202552,-0.35952440264819746,0.0029240400017221716,0.054074393216403005
A051_T2,A051,T2,-0.09387231,0.033312414,17.16,0.715,0.5112249999999999,0.5394130806179032,-0.5144036109457635,0.0035857882184533313,0.059881451372301685
A051_T3,A051,T3,-0.7147496,0.033312414,65.63,2.734583333333333,7.4779460069444434,1.3176362550213248,-0.7287270901479507,0.00155820879724735,0.0394741535342729
A051_T4,A051,T4,-0.6880791,0.033312414,146.99,6.124583333333334,37.51052100694445,1.963551244912556,-0.7294918732265191,0.02320376899248925,0.1523278339388086
A052_T1,A052,T1,-0.40401456,0.033312414,1.0,0.0416666666666666,0.0017361111111111,0.0408219945202552,-0.35952440264819746,0.0029240400017221716,0.054074393216403005
A052_T2,A052,T2,-0.69656724,0.033312414,31.76,1.3233333333333337,1.7512111111111115,0.8430029361043228,-0.601354841478848,0.0011513967449969943,0.033932237547750876
A052_T3,A052,T3,-1.0056021,0.033312414,80.98,3.374166666666667,11.385000694444448,1.4757160254762085,-0.7583381767632451,0.0019405221066514419,0.04405135760281903
A052_T4,A052,T4,-0.76403254,0.033312414,153.27,6.38625,40.784189062500005,1.9996201636777475,-0.7203981370504233,0.03237651182201135,0.17993474323212666
A053_T1,A053,T1,-0.17432423,0.033312414,1.0,0.0416666666666666,0.0017361111111111,0.0408219945202552,-0.35952440264819746,0.0029240400017221716,0.054074393216403005
A053_T2,A053,T2,-1.1278566,0.033312414,32.71,1.3629166666666668,1.857541840277778,0.8598967316779912,-0.6061866821643813,0.0010285333933968263,0.03207075604654225
A053_T3,A053,T3,-1.4379783,0.033312414,78.28,3.2616666666666667,10.638469444444445,1.4496603200750402,-0.7543619991891771,0.0019982630155325836,0.04470193525489231
A053_T4,A053,T4,-1.3163345,0.033312414,148.9,6.204166666666667,38.49168402777778,1.9746595623412992,-0.7267123931446774,0.025847933280214074,0.1607729245868659
A054_T1,A054,T1,0.04235199,0.033312414,1.0,0.0416666666666666,0.0017361111111111,0.0408219945202552,-0.35952440264819746,0.0029240400017221716,0.054074393216403005
A054_T2,A054,T2,-0.22945482,0.033312414,16.9,0.7041666666666666,0.4958506944444443,0.5330762327008104,-0.5125827039112048,0.003625090333232799,0.060208723065954484
A054_T3,A054,T3,-0.26918104,0.033312414,72.83,3.0345833333333334,9.208696006944445,1.394903033275494,-0.7447426968706912,0.0019405477949858384,0.04405164917441614
A054_T4,A054,T4,-0.102685206,0.033312414,136.83,5.701250000000001,32.50425156250001,1.9022940761596103,-0.7439774422053429,0.011568888802790703,0.10755876906505905
A055_T1,A055,T1,-0.21229054,0.033312414,1.0,0.0416666666666666,0.0017361111111111,0.0408219945202552,-0.35952440264819746,0.0029240400017221716,0.054074393216403005
A055_T2,A055,T2,-0.93653405,0.033312414,23.24,0.9683333333333332,0.9376694444444444,0.6771871609812159,-0.5538858981238052,0.002540583361248082,0.050404199837395317
A055_T3,A055,T3,-0.8401974,0.033312414,74.48,3.103333333333333,9.63067777777778,1.4117996515282525,-0.7478813178325967,0.0019819133543279455,0.044518685451481445
A055_T4,A055,T4,-1.260757,0.033312414,149.21,6.217083333333334,38.65212517361112,1.9764509008342432,-0.7262617140501868,0.02628963150359448,0.1621407768070527
A056_T1,A056,T1,-0.77102643,0.033312414,1.0,0.0416666666666666,0.0017361111111111,0.0408219945202552,-0.35952440264819746,0.0029240400017221716,0.054074393216403005
A056_T2,A056,T2,-0.93695015,0.033312414,33.61,1.4004166666666666,1.9611668402777775,0.8756423333963461,-0.6106873108138616,0.0009201237156060383,0.030333541099021696
A056_T3,A056,T3,-0.7083756,0.033312414,71.46,2.9775,8.865506249999997,1.3806534812298048,-0.7419865375485734,0.0018915370209085975,0.043491804065922554
A056_T4,A056,T4,-0.79573447,0.033312414,147.84,6.16,37.9456,1.9685099809725544,-0.7282546609708355,0.024363862162104767,0.15608927625594515
A057_T1,A057,T1,-0.47107366,0.033312414,1.0,0.0416666666666666,0.0017361111111111,0.0408219945202552,-0.35952440264819746,0.0029240400017221716,0.054074393216403005
A057_T2,A057,T2,-0.55252665,0.033312414,24.78,1.0325,1.06605625,0.7092665624398284,-0.5630690030316514,0.002264526114387044,0.04758703725161973
A057_T3,A057,T3,-0.6045535,0.033312414,73.83,3.07625,9.4633140625,1.405177448121392,-0.7466684429384371,0.00196799673645501,0.044362109242629684
A057_T4,A057,T4,-0.5674088,0.033312414,145.06,6.0441666666666665,36.53195069444444,1.952199851152836,-0.7322975631253689,0.020671897364485756,0.1437772491198999
A058_T1,A058,T1,-0.16339521,0.033312414,1.0,0.0416666666666666,0.0017361111111111,0.0408219945202552,-0.35952440264819746,0.0029240400017221716,0.054074393216403005
A058_T2,A058,T2,-0.3716868,0.033312414,22.96,0.9566666666666668,0.9152111111111112,0.6712423451718953,-0.5521841424724132,0.0025910675189528484,0.05090252959286845
A058_T3,A058,T3,-1.0395465,0.033312414,66.28,2.7616666666666667,7.626802777777778,1.3248621216013894,-0.7303285343423391,0.001603630566107224,0.04004535636134637
A058_T4,A058,T4,-0.97823644,0.033312414,143.48,5.978333333333333,35.74046944444444,1.942810110802997,-0.7345847950860357,0.018708086905498356,0.13677750877062483
A059_T1,A059,T1,-0.5023268,0.033312414,1.0,0.0416666666666666,0.0017361111111111,0.0408219945202552,-0.35952440264819746,0.0029240400017221716,0.054074393216403005
A059_T2,A059,T2,-0.47173324,0.033312414,30.4,1.2666666666666666,1.6044444444444443,0.8183103235139513,-0.594288551998531,0.0013414484270034234,0.03662578909734811
A059_T3,A059,T3,-0.9825946,0.033312414,79.78,3.3241666666666667,11.050084027777778,1.464219443591648,-0.7566350563042237,0.0019733061715685872,0.04442191094008212
A059_T4,A059,T4,-0.5769608,0.033312414,151.93,6.330416666666667,40.07417517361112,1.9920323583030093,-0.7223227093352653,0.030307793045918453,0.17409133535566454
A060_T1,A060,T1,-0.50129473,0.033312414,1.0,0.0416666666666666,0.0017361111111111,0.0408219945202552,-0.35952440264819746,0.0029240400017221716,0.054074393216403005
A060_T2,A060,T2,-0.3035681,0.033312414,24.87,1.03625,1.0738140625000003,0.7111098809341178,-0.563596696458943,0.0022485412771762405,0.04741878612086396
A060_T3,A060,T3,-0.39956075,0.033312414,94.68,3.945,15.563025,1.5983769650746755,-0.7707199553660387,0.0009257436086630872,0.030426035046701157
A060_T4,A060,T4,-0.35726425,0.033312414,143.91,5.99625,35.9550140625,1.945374291223432,-0.7339635614240128,0.019232648103918868,0.13868182326433
A061_T1,A061,T1,0.49123833,0.033312414,1.0,0.0416666666666666,0.0017361111111111,0.0408219945202552,-0.35952440264819746,0.0029240400017221716,0.054074393216403005
A061_T2,A061,T2,0.10699007,0.033312414,35.16,1.465,2.1462249999999994,0.9021918074946532,-0.6182675411801251,0.0007525613674037262,0.02743285197356859
A061_T3,A061,T3,-0.22055449,0.033312414,82.55,3.439583333333333,11.830733506944444,1.4905605281966805,-0.7604125331579397,0.001880779036650842,0.04336794941717722
A061_T4,A061,T4,-0.2480352,0.033312414,146.56,6.1066666666666665,37.291377777777775,1.961033310629534,-0.7301176025671827,0.022627263821277048,0.15042361457323464
A062_T1,A062,T1,-0.19396584,0.033312414,1.0,0.0416666666666666,0.0017361111111111,0.0408219945202552,-0.35952440264819746,0.0029240400017221716,0.054074393216403005
A062_T2,A062,T2,-0.42571765,0.033312414,44.69,1.862083333333333,3.467354340277778,1.0515497978778447,-0.6604462753644497,0.00028839876955529214,0.016982307545068548
A062_T3,A062,T3,-1.2115375,0.033312414,92.72,3.863333333333333,14.925344444444445,1.5817240738665843,-0.769722023939925,0.0011174305001694896,0.03342798977158946
A062_T4,A062,T4,-0.6887581,0.033312414,149.18,6.215833333333333,38.63658402777778,1.9762776856717092,-0.7263053182192108,0.026246736678578218,0.16200844631863556
A063_T1,A063,T1,-1.2219437,0.033312414,1.0,0.0416666666666666,0.0017361111111111,0.0408219945202552,-0.35952440264819746,0.0029240400017221716,0.054074393216403005
A063_T2,A063,T2,-1.9641893,0.033312414,21.98,0.9158333333333334,0.8387506944444445,0.65015268898709,-0.5461467625275752,0.0027676297653545933,0.05260826708184364
A063_T3,A063,T3,-1.1443956,0.033312414,69.99,2.91625,8.504514062499998,1.3651345632842644,-0.7388772734137629,0.001825210543496925,0.042722482880761095
A063_T4,A063,T4,-1.078894,0.033312414,141.09,5.87875,34.5597015625,1.928436949391832,-0.7380141058143862,0.01592993994304688,0.1262138658905862
A064_T1,A064,T1,-0.14825012,0.033312414,1.0,0.0416666666666666,0.0017361111111111,0.0408219945202552,-0.35952440264819746,0.0029240400017221716,0.054074393216403005
A064_T2,A064,T2,-0.4947842,0.033312414,37.65,1.56875,2.4609765624999995,0.9434193992624076,-0.6300072618382618,0.0005365833052799359,0.023164267855469465
A064_T3,A064,T3,-0.52582866,0.033312414,82.99,3.4579166666666663,11.95718767361111,1.4946815418025694,-0.7609627363496251,0.0018606971042502568,0.04313579840747424
A064_T4,A064,T4,-0.7778792,0.033312414,156.21,6.50875,42.3638265625,2.0160690071822343,-0.716233934857439,0.03710099377378527,0.19261618253351734
A065_T1,A065,T1,-0.79110265,0.033312414,1.0,0.0416666666666666,0.0017361111111111,0.0408219945202552,-0.35952440264819746,0.0029240400017221716,0.054074393216403005
A065_T2,A065,T2,-1.2535007,0.033312414,32.31,1.3462500000000002,1.8123890625000003,0.8528183089185817,-0.6041624929235175,0.001079233574240533,0.032851690584207886
A065_T3,A065,T3,-0.29050693,0.033312414,106.41,4.43375,19.6581390625,1.6926295033208647,-0.7717244483101393,5.383037743079902e-05,0.007336918796797401
A065_T4,A065,T4,-0.641902,0.033312414,187.43,7.809583333333333,60.989591840277775,2.1758401440888315,-0.6853347417207398,0.09048281329141618,0.300803612497284
A066_T1,A066,T1,-0.6773158,0.033312414,1.0,0.0416666666666666,0.0017361111111111,0.0408219945202552,-0.35952440264819746,0.0029240400017221716,0.054074393216403005
A066_T2,A066,T2,-0.52447873,0.033312414,23.35,0.9729166666666668,0.946566840277778,0.6795129892841417,-0.55455168361039,0.002520760362215508,0.050207174409794345
A066_T3,A066,T3,-0.7255086,0.033312414,73.79,3.074583333333333,9.453062673611113,1.404768491976238,-0.7465928051445431,0.0019670381568583,0.0443513038912984
A066_T4,A066,T4,-1.3507166,0.033312414,164.93,6.872083333333333,47.22552934027778,2.063322745737281,-0.704667412146834,0.05223839737502093,0.22855720810121244
A067_T1,A067,T1,-0.489106,0.033312414,1.0,0.0416666666666666,0.0017361111111111,0.0408219945202552,-0.35952440264819746,0.0029240400017221716,0.054074393216403005
A067_T2,A067,T2,-1.0970984,0.033312414,29.91,1.24625,1.5531390625,0.8092621591156317,-0.5916984657963286,0.0014137441337370713,0.037599789011869084
A067_T3,A067,T3,-0.9555565,0.033312414,73.19,3.049583333333333,9.299958506944442,1.3986139951674337,-0.7454443212533272,0.0019512592480065388,0.04417306020649395
A067_T4,A067,T4,-0.61965704,0.033312414,144.19,6.007916666666667,36.09506267361111,1.947040462391396,-0.7335584951468027,0.019578219086129132,0.13992218939871234
A068_T1,A068,T1,0.16652554,0.033312414,1.0,0.0416666666666666,0.0017361111111111,0.0408219945202552,-0.35952440264819746,0.0029240400017221716,0.054074393216403005
A068_T2,A068,T2,-0.106564544,0.033312414,30.49,1.2704166666666663,1.613958506944444,0.8199633682470614,-0.594761709383631,0.0013283821380966488,0.03644697707762125
A068_T3,A068,T3,-0.30650812,0.033312414,82.98,3.4575,11.95430625,1.4945880707551584,-0.7609503826768249,0.0018611694074522967,0.04314127266843546
A068_T4,A068,T4,-0.4836062,0.033312414,155.59,6.482916666666667,42.02820850694445,2.0126226446827,-0.7171041587779947,0.0360847984546834,0.18995999172110795
A069_T1,A069,T1,-0.73993486,0.033312414,1.0,0.0416666666666666,0.0017361111111111,0.0408219945202552,-0.35952440264819746,0.0029240400017221716,0.054074393216403005
A069_T2,A069,T2,-0.8647377,0.033312414,24.96,1.04,1.0816,0.712949807856125,-0.5641234225144696,0.0022325789695327516,0.04725017428044844
A069_T3,A069,T3,-0.7490341,0.033312414,79.75,3.3229166666666665,11.04177517361111,1.463930328762862,-0.756591167360555,0.0019739804397735294,0.04442949965702438
A069_T4,A069,T4,-1.0363842,0.033312414,140.22,5.8425,34.134806250000004,1.9231531619326967,-0.7392498925726428,0.014977303067964265,0.12238179222402434
A070_T1,A070,T1,-0.49851632,0.033312414,1.0,0.0416666666666666,0.0017361111111111,0.0408219945202552,-0.35952440264819746,0.0029240400017221716,0.054074393216403005
A070_T2,A070,T2,-0.4727255,0.033312414,24.25,1.0104166666666667,1.020941840277778,0.6983419974370495,-0.5599416536364876,0.0023590656588978005,0.048570213700351375
A070_T3,A070,T3,-0.9917136,0.033312414,81.92,3.4133333333333336,11.650844444444449,1.4846302618407523,-0.7596010380579732,0.0019070110715216709,0.04366933788737437
A070_T4,A070,T4,-0.9997019,0.033312414,149.2,6.216666666666666,38.64694444444444,1.976393165780389,-0.7262762485217622,0.026275329672108515,0.16209666767737244
A071_T1,A071,T1,-0.06756443,0.033312414,1.0,0.0416666666666666,0.0017361111111111,0.0408219945202552,-0.35952440264819746,0.0029240400017221716,0.054074393216403005
A071_T2,A071,T2,-1.0183284,0.033312414,30.92,1.288333333333333,1.6598027777777775,0.8278237505518246,-0.5970114368894877,0.0012668910320036489,0.035593412761403605
A071_T3,A071,T3,-1.3937839,0.033312414,79.96,3.3316666666666666,11.100002777777776,1.465952379425344,-0.7568970452272384,0.001969111056175028,0.04437466682889042
A071_T4,A071,T4,-0.66643244,0.033312414,153.27,6.38625,40.784189062500005,1.9996201636777475,-0.7203981370504233,0.03237651182201135,0.17993474323212666
A072_T1,A072,T1,-0.08344198,0.033312414,1.0,0.0416666666666666,0.0017361111111111,0.0408219945202552,-0.35952440264819746,0.0029240400017221716,0.054074393216403005
A072_T2,A072,T2,-0.053039327,0.033312414,33.76,1.4066666666666665,1.9787111111111104,0.878242664236625,-0.6114302558524175,0.0009028352338036098,0.030047216739718337
A072_T3,A072,T3,-0.7992932,0.033312414,83.54,3.480833333333333,12.116200694444446,1.4998090410335865,-0.7616313944037307,0.0018335958039821226,0.04282050681603526
A072_T4,A072,T4,-0.64755213,0.033312414,154.89,6.453749999999999,41.65088906249999,2.0087172614551787,-0.7180921300031773,0.03494985190677826,0.18694879487918145
A073_T1,A073,T1,-0.7472555,0.033312414,1.0,0.0416666666666666,0.0017361111111111,0.0408219945202552,-0.35952440264819746,0.0029240400017221716,0.054074393216403005
A073_T2,A073,T2,-0.90187174,0.033312414,66.66,2.7775,7.714506249999999,1.3290624151647576,-0.7312504275117993,0.001629392576335867,0.04036573517645711
A073_T3,A073,T3,-0.8532445,0.033312414,66.9,2.7875,7.77015625,1.3317061708354876,-0.7318272278340943,0.0016453439857316476,0.04056283996136917
A073_T4,A073,T4,-0.94447434,0.033312414,140.12,5.838333333333334,34.08613611111112,1.92254403722604,-0.7393914269036175,0.014869831410182196,0.1219419181831342
A074_T1,A074,T1,-0.10384461,0.033312414,1.0,0.0416666666666666,0.0017361111111111,0.0408219945202552,-0.35952440264819746,0.0029240400017221716,0.054074393216403005
A074_T2,A074,T2,-0.47984323,0.033312414,29.33,1.2220833333333332,1.493487673611111,0.7984451942645651,-0.5886017070855029,0.0015017563250830242,0.03875250088811075
A074_T3,A074,T3,-0.8331525,0.033312414,73.02,3.0425,9.25680625,1.396863312469125,-0.7451141706851347,0.001946316136909073,0.044117073077314106
A074_T4,A074,T4,-0.8946965,0.033312414,147.21,6.13375,37.6228890625,1.9648370428687807,-0.7291716700870632,0.023501432111208535,0.15330176812812218
A075_T1,A075,T1,-0.5195184,0.033312414,1.0,0.0416666666666666,0.0017361111111111,0.0408219945202552,-0.35952440264819746,0.0029240400017221716,0.054074393216403005
A075_T2,A075,T2,-0.4355136,0.033312414,28.68,1.195,1.428025,0.7861820465271347,-0.5850906280998585,0.0016033509696478964,0.04004186521189911
A075_T3,A075,T3,-0.6645374,0.033312414,71.37,2.9737500000000003,8.843189062500002,1.3797102332428757,-0.7418006978658964,0.001887873562325392,0.04344966699901614
A075_T4,A075,T4,-0.8704096,0.033312414,244.53,10.18875,103.81062656250002,2.414908809203012,-0.7471440253016317,0.07844146185154612,0.2800740292343189
A076_T1,A076,T1,-0.88919824,0.033312414,1.0,0.0416666666666666,0.0017361111111111,0.0408219945202552,-0.35952440264819746,0.0029240400017221716,0.054074393216403005
A076_T2,A076,T2,-0.92914766,0.033312414,27.3,1.1375,1.2939062499999998,0.7596369218287783,-0.5774900721462687,0.0018283639573596537,0.04275937274282276
A076_T3,A076,T3,-0.9904418,0.033312414,74.88,3.12,9.734399999999996,1.4158531633614349,-0.7486125077537279,0.0019889046088377798,0.04459713677847245
A076_T4,A076,T4,-1.0130427,0.033312414,149.28,6.22,38.6884,1.9768549529047348,-0.7261599799277272,0.026389843801672527,0.1624495115464264
A077_T1,A077,T1,-0.20553797,0.033312414,1.0,0.0416666666666666,0.0017361111111111,0.0408219945202552,-0.35952440264819746,0.0029240400017221716,0.054074393216403005
A077_T2,A077,T2,-0.53009486,0.033312414,53.88,2.245,5.040025000000001,1.1771153501560534,-0.6944231167214359,0.0006448968927466061,0.025394820195201347
A077_T3,A077,T3,-0.9393,0.033312414,78.36,3.265,10.660225,1.4504421809436423,-0.7544872857092519,0.0019973839977498967,0.04469210218539621
A077_T4,A077,T4,-0.3668686,0.033312414,149.75,6.239583333333333,38.93240017361111,1.979563654096956,-0.7254772678019249,0.027067180112604356,0.16452106282359216
A078_T1,A078,T1,-0.94877625,0.033312414,1.0,0.0416666666666666,0.0017361111111111,0.0408219945202552,-0.35952440264819746,0.0029240400017221716,0.054074393216403005
A078_T2,A078,T2,-0.9174186,0.033312414,26.17,1.0904166666666668,1.1890085069444447,0.7373634081482162,-0.5711128082737873,0.0020206153378656963,0.044951255131149524
A078_T3,A078,T3,-1.0069405,0.033312414,72.3,3.0125,9.07515625,1.389414488456134,-0.7436926253992833,0.0019231150729238668,0.043853335938373796
A078_T4,A078,T4,-1.1135154,0.033312414,140.08,5.836666666666667,34.066677777777784,1.9223002834161795,-0.7394480097771429,0.014826960047417901,0.12176600530286727
A079_T1,A079,T1,-0.5209985,0.033312414,1.0,0.0416666666666666,0.0017361111111111,0.0408219945202552,-0.35952440264819746,0.0029240400017221716,0.054074393216403005
A079_T2,A079,T2,-0.22519995,0.033312414,26.11,1.0879166666666666,1.1835626736111111,0.7361667586236876,-0.5707702023084833,0.0020309928747838,0.04506653830486429
A079_T3,A079,T3,-0.5245844,0.033312414,74.0,3.083333333333333,9.506944444444445,1.4069136483226266,-0.7469886104749721,0.001971939249462504,0.044406522600430036
A079_T4,A079,T4,-0.73008084,0.033312414,194.42,8.100833333333332,65.62350069444443,2.208365984421637,-0.6837766804063125,0.0991285284475196,0.3148468333134694
A080_T1,A080,T1,-0.09753483,0.033312414,1.0,0.0416666666666666,0.0017361111111111,0.0408219945202552,-0.35952440264819746,0.0029240400017221716,0.054074393216403005
A080_T2,A080,T2,-0.39678386,0.033312414,29.03,1.2095833333333337,1.4630918402777782,0.7928039608010932,-0.5869865871989756,0.001548270009607973,0.03934806233613001
A080_T3,A080,T3,-0.71688837,0.033312414,72.87,3.0362500000000003,9.218814062500002,1.3953160430903482,-0.7448211196502139,0.001941783462593327,0.044065672156377314
A080_T4,A080,T4,-1.2722905,0.033312414,145.77,6.07375,36.89043906250001,1.956390749474597,-0.7312664312715882,0.02158655135746604,0.14692362423200034
A081_T1,A081,T1,-0.25508967,0.033312414,1.0,0.0416666666666666,0.0017361111111111,0.0408219945202552,-0.35952440264819746,0.0029240400017221716,0.054074393216403005
A081_T2,A081,T2,-0.49507838,0.033312414,31.39,1.3079166666666666,1.7106460069444442,0.8363452416970668,-0.5994499869155598,0.0012014983310884885,0.034662635951244226
A081_T3,A081,T3,-0.52635825,0.033312414,80.13,3.33875,11.147251562499996,1.4675862881938588,-0.7571423635480967,0.001964913989047581,0.04432735034995416
A081_T4,A081,T4,-0.53006846,0.033312414,154.53,6.43875,41.4575015625,2.0067028239769247,-0.7186023310866771,0.03437144678299412,0.18539537961609
A082_T1,A082,T1,-0.22234312,0.033312414,1.0,0.0416666666666666,0.0017361111111111,0.0408219945202552,-0.35952440264819746,0.0029240400017221716,0.054074393216403005
A082_T2,A082,T2,-0.44037765,0.033312414,27.97,1.1654166666666663,1.358196006944444,0.7726127986724047,-0.5812054150843488,0.001717634457160476,0.04144435374282576
A082_T3,A082,T3,-0.56536925,0.033312414,75.71,3.154583333333333,9.951396006944442,1.424212142492756,-0.7500928490340629,0.001999520964481417,0.04471600344934034
A082_T4,A082,T4,-0.9947171,0.033312414,170.25,7.09375,50.3212890625,2.0910921588998117,-0.6984738468806407,0.06187811924580454,0.2487531291176144
A083_T1,A083,T1,0.004754789,0.033312414,1.0,0.0416666666666666,0.0017361111111111,0.0408219945202552,-0.35952440264819746,0.0029240400017221716,0.054074393216403005
A083_T2,A083,T2,-0.48276672,0.033312414,25.15,1.0479166666666666,1.0981293402777776,0.7168230162452299,-0.565232239366127,0.0021989589203665833,0.04689305833880515
A083_T3,A083,T3,-0.4372354,0.033312414,74.3,3.095833333333333,9.584184027777775,1.4099701968051752,-0.7475485067971451,0.0019783744552400923,0.044478921471187816
A083_T4,A083,T4,-0.5513548,0.033312414,144.91,6.037916666666667,36.45643767361111,1.951312198344308,-0.7325151901033022,0.020481192061011195,0.14311251538915523
A084_T1,A084,T1,-1.4660891,0.033312414,1.0,0.0416666666666666,0.0017361111111111,0.0408219945202552,-0.35952440264819746,0.0029240400017221716,0.054074393216403005
A084_T2,A084,T2,-1.3201833,0.033312414,27.25,1.1354166666666667,1.2891710069444446,0.7586617876705721,-0.5772108673367398,0.0018367313655757963,0.042857104026938125
A084_T3,A084,T3,-1.1787816,0.033312414,91.97,3.832083333333333,14.68486267361111,1.5752777066206662,-0.769273832488774,0.0011892679255896834,0.034485764100418065
A084_T4,A084,T4,-1.2781861,0.033312414,162.51,6.771249999999999,45.84982656249999,2.05043102660141,-0.7077271979785057,0.04791306526993028,0.2188905326183165
A085_T1,A085,T1,-0.4503213,0.033312414,1.0,0.0416666666666666,0.0017361111111111,0.0408219945202552,-0.35952440264819746,0.0029240400017221716,0.054074393216403005
A085_T2,A085,T2,0.00259445,0.033312414,24.51,1.02125,1.0429515625,0.7037161319091797,-0.5614800814071534,0.002312606410846608,0.04808956654874951
A085_T3,A085,T3,-0.16244699,0.033312414,71.4,2.975,8.850625,1.3800247481062953,-0.7418627099346468,0.001889100639916261,0.0434637853841133
A085_T4,A085,T4,-0.76807487,0.033312414,170.65,7.110416666666667,50.55802517361112,2.093149243708519,-0.6980416705672648,0.06260312433777061,0.2502061636686247
A086_T1,A086,T1,-0.079089,0.033312414,1.0,0.0416666666666666,0.0017361111111111,0.0408219945202552,-0.35952440264819746,0.0029240400017221716,0.054074393216403005
A086_T2,A086,T2,-0.18591997,0.033312414,23.47,0.9779166666666668,0.9563210069444444,0.6820441022152811,-0.5552762325225526,0.0024991451608700837,0.04999145087782594
A086_T3,A086,T3,-0.7226914,0.033312414,145.29,6.05375,36.6478890625,1.9535593903012127,-0.7319637104106557,0.020966032545403027,0.14479652117852496
A086_T4,A086,T4,-0.78654015,0.033312414,169.55,7.064583333333334,49.90833767361112,2.087482046675712,-0.6992421537365875,0.06060804872693538,0.24618701981813618
A087_T1,A087,T1,-0.09658217,0.033312414,1.0,0.0416666666666666,0.0017361111111111,0.0408219945202552,-0.35952440264819746,0.0029240400017221716,0.054074393216403005
A087_T2,A087,T2,-0.30566287,0.033312414,31.07,1.2945833333333334,1.6759460069444447,0.8305512729264446,-0.5977920061243873,0.0012458116528180493,0.0352960571851595
A087_T3,A087,T3,-0.5371069,0.033312414,72.8,3.033333333333333,9.20111111111111,1.3945931639345857,-0.7446838035569207,0.001939613619892809,0.04404104471845336
A087_T4,A087,T4,-0.23646314,0.033312414,144.2,6.008333333333333,36.10006944444444,1.947099917190902,-0.7335440211084641,0.019590618981961766,0.13996649235428374
A088_T1,A088,T1,-0.2547915,0.033312414,1.0,0.0416666666666666,0.0017361111111111,0.0408219945202552,-0.35952440264819746,0.0029240400017221716,0.054074393216403005
A088_T2,A088,T2,-0.17022878,0.033312414,24.25,1.0104166666666667,1.020941840277778,0.6983419974370495,-0.5599416536364876,0.0023590656588978005,0.048570213700351375
A088_T3,A088,T3,-0.6985878,0.033312414,74.91,3.12125,9.742201562499998,1.4161565154038038,-0.7486668807036947,0.0019893801307290172,0.04460246776501293
A088_T4,A088,T4,-0.27308685,0.033312414,149.93,6.247083333333333,39.02605017361111,1.9805990890721163,-0.7252159902711572,0.02732863580822126,0.1653137496042639
A089_T1,A089,T1,-0.09992828,0.033312414,1.0,0.0416666666666666,0.0017361111111111,0.0408219945202552,-0.35952440264819746,0.0029240400017221716,0.054074393216403005
A089_T2,A089,T2,-0.39490718,0.033312414,32.14,1.3391666666666666,1.793367361111111,0.8497947405857907,-0.6032977035261189,0.0011012388413217402,0.033184918883760135
A089_T3,A089,T3,-0.6878582,0.033312414,79.34,3.3058333333333336,10.92853402777778,1.4599706925110931,-0.7559849289022686,0.001982480559750339,0.04452505541546623
A089_T4,A089,T4,-0.700304,0.033312414,146.96,6.123333333333334,37.49521111111112,1.9633757806629464,-0.7295355347569897,0.023163320088508608,0.15219500677916017
A090_T1,A090,T1,-1.6835222,0.033312414,1.0,0.0416666666666666,0.0017361111111111,0.0408219945202552,-0.35952440264819746,0.0029240400017221716,0.054074393216403005
A090_T2,A090,T2,-1.0855069,0.033312414,23.54,0.9808333333333332,0.9620340277777778,0.6835176315841023,-0.5556980406346217,0.0024865420157759457,0.04986523855127884
A090_T3,A090,T3,-1.088068,0.033312414,95.42,3.9758333333333336,15.807250694444448,1.6045928607709008,-0.771032246732926,0.0008529161224018962,0.029204727740588445
A090_T4,A090,T4,-0.7511724,0.033312414,144.07,6.002916666666667,36.03500850694444,1.9463267289405293,-0.7337321445007003,0.019429732470749597,0.13939057525797646
A091_T1,A091,T1,-0.2862672,0.033312414,1.0,0.0416666666666666,0.0017361111111111,0.0408219945202552,-0.35952440264819746,0.0029240400017221716,0.054074393216403005
A091_T2,A091,T2,-0.6812923,0.033312414,22.2,0.925,0.8556249999999999,0.6549259677397474,-0.5475132783881266,0.0027280555510169374,0.0522307912156894
A091_T3,A091,T3,-0.81964105,0.033312414,73.64,3.0683333333333334,9.414669444444444,1.4032334151768138,-0.7463081308488311,0.001963338986245323,0.04430958120142102
A091_T4,A091,T4,-0.4983091,0.033312414,142.61,5.942083333333334,35.30835434027778,1.937601921593032,-0.7358381798169787,0.017669678250712362,0.13292734199822234
A092_T1,A092,T1,-0.36225155,0.033312414,1.0,0.0416666666666666,0.0017361111111111,0.0408219945202552,-0.35952440264819746,0.0029240400017221716,0.054074393216403005
A092_T2,A092,T2,-0.58775675,0.033312414,22.83,0.95125,0.9048765624999998,0.6684701928475048,-0.5513905827498459,0.0026145122899243665,0.051132301825014354
A092_T3,A092,T3,-0.9059947,0.033312414,71.31,2.97125,8.8283265625,1.3790809066015888,-0.741676477188536,0.0018854016839322204,0.043421212372896964
A092_T4,A092,T4,-1.0669404,0.033312414,146.16,6.09,37.0881,1.958685340544036,-0.7306994443921391,0.022097316319352633,0.14865166100435148
A093_T1,A093,T1,-0.06434872,0.033312414,1.0,0.0416666666666666,0.0017361111111111,0.0408219945202552,-0.35952440264819746,0.0029240400017221716,0.054074393216403005
A093_T2,A093,T2,-0.8411957,0.033312414,22.09,0.9204166666666668,0.8471668402777778,0.6525421763844713,-0.5468308415513672,0.0027478498973916863,0.05241993797584738
A093_T3,A093,T3,-1.2671429,0.033312414,70.22,2.9258333333333333,8.560500694444444,1.3675786429239494,-0.7393741501668477,0.0018364783908042255,0.042854152550298154
A093_T4,A093,T4,-1.3883843,0.033312414,140.95,5.872916666666666,34.4911501736111,1.9275885673266449,-0.7382134843916814,0.015774511156109824,0.12559662079892844
A094_T1,A094,T1,-0.7272985,0.033312414,1.0,0.0416666666666666,0.0017361111111111,0.0408219945202552,-0.35952440264819746,0.0029240400017221716,0.054074393216403005
A094_T2,A094,T2,-0.8506081,0.033312414,22.98,0.9575,0.91680625,0.6716681488828211,-0.5523060331015207,0.00258746075898209,0.05086708915381428
A094_T3,A094,T3,-1.0895172,0.033312414,76.21,3.1754166666666666,10.083271006944443,1.429214153722292,-0.75096063486156,0.0020033478653900313,0.04475877417211101
A094_T4,A094,T4,-1.1266032,0.033312414,149.99,6.249583333333334,39.05729184027778,1.9809439959506792,-0.7251289232609893,0.027416038078761057,0.1655778912740498
A095_T1,A095,T1,-0.080623694,0.033312414,1.0,0.0416666666666666,0.0017361111111111,0.0408219945202552,-0.35952440264819746,0.0029240400017221716,0.054074393216403005
A095_T2,A095,T2,-0.7292298,0.033312414,29.71,1.2379166666666668,1.5324376736111114,0.8055453735694225,-0.5906344336498752,0.001443801284663491,0.03799738523455911
A095_T3,A095,T3,-0.53817576,0.033312414,78.76,3.2816666666666667,10.769336111111112,1.4543423418937371,-0.7551068533756874,0.0019922243263190615,0.044634340213775554
A095_T4,A095,T4,-1.0688891,0.033312414,148.79,6.199583333333333,38.43483350694444,1.9740231539770847,-0.7268723617280733,0.02569202903527293,0.16028733273491366
A096_T1,A096,T1,-0.2553402,0.033312414,1.0,0.0416666666666666,0.0017361111111111,0.0408219945202552,-0.35952440264819746,0.0029240400017221716,0.054074393216403005
A096_T2,A096,T2,-1.2609805,0.033312414,24.49,1.0204166666666663,1.0412501736111108,0.7033037607693153,-0.5613620330584298,0.0023161749419934323,0.04812665521302548
A096_T3,A096,T3,-0.9994125,0.033312414,71.19,2.96625,8.7986390625,1.3778210639152684,-0.7414272495839298,0.0018803873221313783,0.04336343300675557
A096_T4,A096,T4,-0.838582,0.033312414,143.66,5.985833333333333,35.83020069444444,1.9438842888617656,-0.7343248724340746,0.018926763612361182,0.13757457473080256
A097_T1,A097,T1,-0.7875995,0.033312414,1.0,0.0416666666666666,0.0017361111111111,0.0408219945202552,-0.35952440264819746,0.0029240400017221716,0.054074393216403005
A097_T2,A097,T2,-0.98327124,0.033312414,24.37,1.0154166666666666,1.0310710069444444,0.7008259564869463,-0.5606527218734486,0.0023376049755827787,0.04834878463397791
A097_T3,A097,T3,-1.5329474,0.033312414,70.83,2.95125,8.7098765625,1.3740319845476905,-0.7406732749416507,0.0018647854192915022,0.043183161293396555
A097_T4,A097,T4,-0.78939307,0.033312414,144.85,6.035416666666666,36.42625434027777,1.9509569164836311,-0.7326022167309506,0.02040515863529034,0.14284662626499214
A098_T1,A098,T1,-0.31676105,0.033312414,1.0,0.0416666666666666,0.0017361111111111,0.0408219945202552,-0.35952440264819746,0.0029240400017221716,0.054074393216403005
A098_T2,A098,T2,-0.533716,0.033312414,25.77,1.07375,1.1529390625,0.7293585625225172,-0.5688210179237159,0.0020900829003727365,0.045717424472215586
A098_T3,A098,T3,-0.189416,0.033312414,78.84,3.285,10.791225,1.4551205520497432,-0.7552293948217796,0.001991039493365077,0.044621065578547954
A098_T4,A098,T4,-0.651864,0.033312414,146.29,6.095416666666666,37.15410434027777,1.959449035690568,-0.7305103764428402,0.022268875803930915,0.14922759732680452
A099_T1,A099,T1,-0.26512447,0.033312414,1.0,0.0416666666666666,0.0017361111111111,0.0408219945202552,-0.35952440264819746,0.0029240400017221716,0.054074393216403005
A099_T2,A099,T2,-0.13362212,0.033312414,28.75,1.1979166666666667,1.435004340277778,0.7875099420082304,-0.5854708301060063,0.001592266172034325,0.03990321004674092
A099_T3,A099,T3,-0.30550545,0.033312414,78.57,3.27375,10.7174390625,1.452491661971374,-0.7548139848719425,0.001994834058110643,0.0446635652194341
A099_T4,A099,T4,0.11336677,0.033312414,143.51,5.979583333333333,35.755416840277775,1.9429892206276496,-0.734541487958334,0.018744442136747134,0.13691034342498426
A100_T1,A100,T1,-0.5656639,0.033312414,1.0,0.0416666666666666,0.0017361111111111,0.0408219945202552,-0.35952440264819746,0.0029240400017221716,0.054074393216403005
A100_T2,A100,T2,-0.75647,0.033312414,31.14,1.2975,1.6835062500000002,0.8318215752477052,-0.5981555293975087,0.001236041374951723,0.03515738009226119
A100_T3,A100,T3,-0.64741546,0.033312414,75.34,3.1391666666666667,9.85436736111111,1.4204944793312588,-0.7494390815300449,0.001995441628488974,0.04467036633484187
A100_T4,A100,T4,-1.4772094,0.033312414,146.8,6.116666666666667,37.41361111111112,1.962439451006524,-0.7297683828809649,0.02294816812873112,0.151486527878657
A101_T1,A101,T1,-1.0507481,0.033312414,1.0,0.0416666666666666,0.0017361111111111,0.0408219945202552,-0.35952440264819746,0.0029240400017221716,0.054074393216403005
A101_T2,A101,T2,-1.0536718,0.033312414,29.12,1.2133333333333334,1.4721777777777778,0.7944996748202328,-0.5874720866786612,0.0015342470327132794,0.03916946556583686
A101_T3,A101,T3,-0.74877745,0.033312414,75.21,3.13375,9.820389062499997,1.4191849853138654,-0.749207033806823,0.0019937582211865747,0.04465151980825036
A101_T4,A101,T4,-0.6749849,0.033312414,150.22,6.259166666666666,39.17716736111111,1.9822650380428,-0.7247952922332728,0.027752233669223095,0.1665900167153575
A102_T1,A102,T1,-0.46174812,0.033312414,1.0,0.0416666666666666,0.0017361111111111,0.0408219945202552,-0.35952440264819746,0.0029240400017221716,0.054074393216403005
A102_T2,A102,T2,-0.5995759,0.033312414,29.13,1.21375,1.4731890624999997,0.7946879101149062,-0.5875259799776705,0.0015326925405443716,0.03914961737417585
A102_T3,A102,T3,-0.6292326,0.033312414,75.27,3.13625,9.8360640625,1.419789580253685,-0.7493142843772351,0.00199455128642352,0.04466039953273504
A102_T4,A102,T4,-0.9110322,0.033312414,150.41,6.267083333333333,39.27633350694444,1.9833550189326317,-0.7245198439920146,0.028031332961432204,0.16742560425882358
A103_T1,A103,T1,-1.0606663,0.033312414,1.0,0.0416666666666666,0.0017361111111111,0.0408219945202552,-0.35952440264819746,0.0029240400017221716,0.054074393216403005
A103_T2,A103,T2,-0.7767012,0.033312414,27.26,1.1358333333333337,1.2901173611111114,0.7588568905879793,-0.5772667300416398,0.001835056775761933,0.04283756267298518
A103_T3,A103,T3,-0.5057445,0.033312414,80.24,3.3433333333333333,11.177877777777775,1.4686421024686442,-0.7573000044346716,0.0019620768035310886,0.044295336137465856
A103_T4,A103,T4,-0.3675996,0.033312414,149.72,6.238333333333333,38.916802777777775,1.9793909773186755,-0.7255208247937298,0.027023714032005753,0.16438891091556557
A104_T1,A104,T1,-0.072939284,0.033312414,1.0,0.0416666666666666,0.0017361111111111,0.0408219945202552,-0.35952440264819746,0.0029240400017221716,0.054074393216403005
A104_T2,A104,T2,-0.22977822,0.033312414,22.6,0.9416666666666668,0.8867361111111113,0.6635467107836547,-0.5499811644178679,0.002655987158293202,0.05153627031803138
A104_T3,A104,T3,-0.33483577,0.033312414,72.62,3.0258333333333334,9.155667361111112,1.3927319287783149,-0.7443290713266355,0.0019338754199587336,0.04397585041768645
A104_T4,A104,T4,-0.73633283,0.033312414,145.78,6.074166666666667,36.89550069444444,1.956449650961876,-0.7312518976949405,0.021599574299691063,0.14696793629799346
A105_T1,A105,T1,0.24509619,0.033312414,1.0,0.0416666666666666,0.0017361111111111,0.0408219945202552,-0.35952440264819746,0.0029240400017221716,0.054074393216403005
A105_T2,A105,T2,-0.10634288,0.033312414,22.77,0.94875,0.9001265625,0.6671881413898492,-0.5510235791040912,0.0026253328423490175,0.05123800193556553
A105_T3,A105,T3,-0.65412486,0.033312414,69.46,2.8941666666666666,8.376200694444444,1.3594797069243345,-0.7377176035421765,0.0017980455129752292,0.04240336676462412
A105_T4,A105,T4,-0.9775078,0.033312414,146.2,6.091666666666666,37.10840277777777,1.958920385791328,-0.7306412731042938,0.022150034597371946,0.148828876893471
A106_T1,A106,T1,-0.16558942,0.033312414,1.0,0.0416666666666666,0.0017361111111111,0.0408219945202552,-0.35952440264819746,0.0029240400017221716,0.054074393216403005
A106_T2,A106,T2,-0.61603713,0.033312414,22.64,0.9433333333333334,0.8898777777777778,0.6644047116942914,-0.5502267814310213,0.0026487751484291907,0.05146625251977446
A106_T3,A106,T3,-0.4829895,0.033312414,66.08,2.7533333333333334,7.580844444444445,1.3226443340434346,-0.7298390792595452,0.0015898317435507282,0.03987269420983147
A106_T4,A106,T4,-0.33196145,0.033312414,147.13,6.130416666666666,37.58200850694444,1.9643696712414147,-0.7292881109028446,0.02339297993052851,0.15294763787168636
A107_T1,A107,T1,-0.5755745,0.033312414,1.0,0.0416666666666666,0.0017361111111111,0.0408219945202552,-0.35952440264819746,0.0029240400017221716,0.054074393216403005
A107_T2,A107,T2,-1.7364719,0.033312414,26.22,1.0925,1.19355625,0.7383595233814935,-0.5713980016391398,0.002011979349261787,0.044855092790694204
A107_T3,A107,T3,-0.97584885,0.033312414,71.45,2.9770833333333333,8.863025173611112,1.3805487198238109,-0.7419659178087388,0.0018911326056747868,0.043487154490433
A107_T4,A107,T4,-1.0911231,0.033312414,145.95,6.08125,36.9816015625,1.9574504457941797,-0.7310047886631316,0.021821557825141343,0.14772121657074633
A108_T1,A108,T1,-0.70196605,0.033312414,1.0,0.0416666666666666,0.0017361111111111,0.0408219945202552,-0.35952440264819746,0.0029240400017221716,0.054074393216403005
A108_T2,A108,T2,-0.9441194,0.033312414,27.61,1.1504166666666666,1.3234585069444444,0.7656616218126902,-0.5792151010531277,0.0017768018036481664,0.04215212691725254
A108_T3,A108,T3,-0.901651,0.033312414,68.96,2.873333333333333,8.256044444444443,1.3541154627556553,-0.7366047790444741,0.0017709329441719117,0.04208245411299003
A108_T4,A108,T4,-1.4801294,0.033312414,152.12,6.338333333333334,40.17446944444445,1.9931117505396077,-0.7220490253396404,0.030597676939965655,0.17492191669418003
A109_T1,A109,T1,-0.9348919,0.033312414,1.0,0.0416666666666666,0.0017361111111111,0.0408219945202552,-0.35952440264819746,0.0029240400017221716,0.054074393216403005
A109_T2,A109,T2,-1.394195,0.033312414,24.65,1.0270833333333331,1.0549001736111112,0.7065979782840686,-0.5623050638681241,0.002287653199881429,0.04782941772467473
A109_T3,A109,T3,-0.90227175,0.033312414,71.17,2.9654166666666666,8.793696006944444,1.3776109357363064,-0.7413856097174563,0.0018795424784442823,0.043353690482406254
A109_T4,A109,T4,-1.5509698,0.033312414,149.87,6.244583333333334,38.99482100694445,1.980254063191753,-0.7253030702444754,0.02724135855512324,0.16504956393496845
