composite_ID,UID,test,theta_All,se_All,TSVR_hours,Days,Days_squared,log_Days_plus1
A010_T1,A010,T1,-0.20957583,0.03239922,1.0,0.041666666666666664,0.001736111111111111,0.0408219945202552
A010_T2,A010,T2,-0.57934135,0.03239922,21.9,0.9125,0.83265625,0.6484112867185539
A010_T3,A010,T3,-0.74879074,0.03239922,80.88,3.3699999999999997,11.356899999999998,1.4747630091074986
A010_T4,A010,T4,-0.7038349,0.03239922,145.31,6.054583333333333,36.65797934027778,1.9536775237921948
A011_T1,A011,T1,0.15715638,0.03239922,1.0,0.041666666666666664,0.001736111111111111,0.0408219945202552
A011_T2,A011,T2,-0.38281262,0.03239922,24.57,1.02375,1.0480640625,0.7049522260097076
A011_T3,A011,T3,-0.58646375,0.03239922,72.55,3.0229166666666667,9.138025173611112,1.392007178526578
A011_T4,A011,T4,-1.0588089,0.03239922,148.85,6.202083333333333,38.46583767361111,1.974370336019688
A012_T1,A012,T1,-0.16911593,0.03239922,1.0,0.041666666666666664,0.001736111111111111,0.0408219945202552
A012_T2,A012,T2,-0.6359274,0.03239922,25.6,1.0666666666666667,1.1377777777777778,0.7259370033829361
A012_T3,A012,T3,-0.47277012,0.03239922,166.33,6.930416666666667,48.030675173611115,2.070705577351747
A012_T4,A012,T4,-0.82501715,0.03239922,166.87,6.952916666666667,48.34305017361111,2.0735387376938554
A013_T1,A013,T1,-0.59617066,0.03239922,1.0,0.041666666666666664,0.001736111111111111,0.0408219945202552
A013_T2,A013,T2,-0.77536535,0.03239922,24.77,1.0320833333333332,1.0651960069444442,0.7090615393740157
A013_T3,A013,T3,-0.5955725,0.03239922,79.66,3.3191666666666664,11.016867361111109,1.4630624824136147
A013_T4,A013,T4,-1.3194972,0.03239922,147.13,6.130416666666666,37.58200850694444,1.9643696712414147
A014_T1,A014,T1,-0.25741094,0.03239922,1.0,0.041666666666666664,0.001736111111111111,0.0408219945202552
A014_T2,A014,T2,-0.29170483,0.03239922,25.66,1.0691666666666666,1.143117361111111,0.727145949732075
A014_T3,A014,T3,-0.5319482,0.03239922,70.56,2.94,8.6436,1.3711807233098425
A014_T4,A014,T4,-0.847529,0.03239922,148.87,6.202916666666667,38.47617517361111,1.9744860365867498
A015_T1,A015,T1,0.043815885,0.03239922,1.0,0.041666666666666664,0.001736111111111111,0.0408219945202552
A015_T2,A015,T2,-0.28529143,0.03239922,23.69,0.9870833333333334,0.9743335069444446,0.6866679019621874
A015_T3,A015,T3,-0.2977964,0.03239922,70.59,2.94125,8.650951562500001,1.3714979318771336
A015_T4,A015,T4,-0.51830524,0.03239922,146.54,6.105833333333333,37.28120069444444,1.9609160429659578
A016_T1,A016,T1,-0.31276742,0.03239922,1.0,0.041666666666666664,0.001736111111111111,0.0408219945202552
A016_T2,A016,T2,-0.5990368,0.03239922,32.85,1.3687500000000001,1.8734765625000003,0.8623623898485996
A016_T3,A016,T3,-0.9046484,0.03239922,80.64,3.36,11.289599999999998,1.4724720573609429
A016_T4,A016,T4,-1.4929777,0.03239922,150.8,6.283333333333334,39.480277777777786,1.9855886328734895
A017_T1,A017,T1,-0.0271169,0.03239922,1.0,0.041666666666666664,0.001736111111111111,0.0408219945202552
A017_T2,A017,T2,0.22379328,0.03239922,20.61,0.85875,0.7374515625,0.6199042187922278
A017_T3,A017,T3,0.17680177,0.03239922,61.28,2.5533333333333332,6.519511111111111,1.2678861300695887
A017_T4,A017,T4,-0.075293295,0.03239922,140.49,5.853750000000001,34.26638906250001,1.9247959477361212
A018_T1,A018,T1,-0.22358075,0.03239922,1.0,0.041666666666666664,0.001736111111111111,0.0408219945202552
A018_T2,A018,T2,-0.36170173,0.03239922,34.03,1.4179166666666667,2.0104876736111112,0.8829062878545713
A018_T3,A018,T3,-0.8365012,0.03239922,83.64,3.485,12.145225,1.5007384955107592
A018_T4,A018,T4,-0.8759893,0.03239922,150.87,6.28625,39.5169390625,1.9859890103776225
A019_T1,A019,T1,-2.1701155,0.03239922,1.0,0.041666666666666664,0.001736111111111111,0.0408219945202552
A019_T2,A019,T2,-2.0689542,0.03239922,28.69,1.1954166666666668,1.4290210069444447,0.7863718538732487
A019_T3,A019,T3,-2.408587,0.03239922,83.68,3.486666666666667,12.156844444444445,1.5011100355484719
A019_T4,A019,T4,-2.301303,0.03239922,154.76,6.448333333333333,41.581002777777776,2.007990293717305
A020_T1,A020,T1,-0.31470525,0.03239922,1.0,0.041666666666666664,0.001736111111111111,0.0408219945202552
A020_T2,A020,T2,-0.44827634,0.03239922,26.85,1.1187500000000001,1.2516015625000003,0.7508262921466236
A020_T3,A020,T3,-0.99652964,0.03239922,78.25,3.2604166666666665,10.630316840277777,1.4493669645749654
A020_T4,A020,T4,-1.4274912,0.03239922,145.78,6.074166666666667,36.89550069444444,1.956449650961876
A021_T1,A021,T1,-0.40132454,0.03239922,1.0,0.041666666666666664,0.001736111111111111,0.0408219945202552
A021_T2,A021,T2,-0.47624522,0.03239922,30.21,1.25875,1.5844515625000002,0.8148115629243012
A021_T3,A021,T3,-0.47902867,0.03239922,74.19,3.09125,9.5558265625,1.4088505468332533
A021_T4,A021,T4,-0.32457483,0.03239922,140.39,5.8495833333333325,34.217625173611104,1.9241878231734733
A022_T1,A022,T1,-1.0160766,0.03239922,1.0,0.041666666666666664,0.001736111111111111,0.0408219945202552
A022_T2,A022,T2,-1.6580129,0.03239922,24.15,1.0062499999999999,1.0125390624999997,0.6962673078961887
A022_T3,A022,T3,-0.81057113,0.03239922,74.46,3.1024999999999996,9.625506249999997,1.4115965439821088
A022_T4,A022,T4,-2.0358698,0.03239922,141.71,5.904583333333334,34.864104340277784,1.932185442293757
A023_T1,A023,T1,-0.39503428,0.03239922,1.0,0.041666666666666664,0.001736111111111111,0.0408219945202552
A023_T2,A023,T2,-0.5634649,0.03239922,25.63,1.0679166666666666,1.1404460069444444,0.7265416592514038
A023_T3,A023,T3,-0.6200839,0.03239922,72.2,3.0083333333333333,9.050069444444444,1.388375527323715
A023_T4,A023,T4,-0.49981073,0.03239922,145.07,6.044583333333333,36.5369876736111,1.9522590000009294
A024_T1,A024,T1,-0.5877851,0.03239922,1.0,0.041666666666666664,0.001736111111111111,0.0408219945202552
A024_T2,A024,T2,-0.43305665,0.03239922,29.57,1.2320833333333334,1.518029340277778,0.8029353795449234
A024_T3,A024,T3,-0.5878253,0.03239922,91.47,3.81125,14.5256265625,1.5709569256158187
A024_T4,A024,T4,-0.89577574,0.03239922,145.65,6.0687500000000005,36.82972656250001,1.9556836608822936
A025_T1,A025,T1,-0.23495999,0.03239922,1.0,0.041666666666666664,0.001736111111111111,0.0408219945202552
A025_T2,A025,T2,-0.4364632,0.03239922,23.33,0.9720833333333333,0.9449460069444444,0.679090513570211
A025_T3,A025,T3,-0.86236525,0.03239922,72.94,3.0391666666666666,9.236534027777777,1.3960384000692843
A025_T4,A025,T4,-1.5483915,0.03239922,137.74,5.739166666666667,32.93803402777778,1.9079362773197304
A026_T1,A026,T1,-0.4476065,0.03239922,1.0,0.041666666666666664,0.001736111111111111,0.0408219945202552
A026_T2,A026,T2,-0.4697712,0.03239922,26.48,1.1033333333333333,1.2173444444444443,0.7435233878850122
A026_T3,A026,T3,-0.5246494,0.03239922,75.46,3.1441666666666666,9.885784027777778,1.421701722938647
A026_T4,A026,T4,-0.45085892,0.03239922,147.65,6.152083333333334,37.84812934027778,1.9674036895557554
A027_T1,A027,T1,-0.27403343,0.03239922,1.0,0.041666666666666664,0.001736111111111111,0.0408219945202552
A027_T2,A027,T2,-0.43625194,0.03239922,28.26,1.1775,1.38650625,0.7781774297445209
A027_T3,A027,T3,-1.096507,0.03239922,74.58,3.1075,9.65655625,1.412814570929286
A027_T4,A027,T4,-1.3719811,0.03239922,145.92,6.079999999999999,36.96639999999999,1.9572739077056283
A028_T1,A028,T1,0.027455771,0.03239922,1.0,0.041666666666666664,0.001736111111111111,0.0408219945202552
A028_T2,A028,T2,-0.3824805,0.03239922,22.82,0.9508333333333333,0.9040840277777777,0.668256631714819
A028_T3,A028,T3,-0.609303,0.03239922,72.26,3.0108333333333337,9.065117361111113,1.388999033527018
A028_T4,A028,T4,-0.8850471,0.03239922,138.91,5.787916666666667,33.49997934027778,1.9151440707301324
A029_T1,A029,T1,0.051426064,0.03239922,1.0,0.041666666666666664,0.001736111111111111,0.0408219945202552
A029_T2,A029,T2,-0.22277704,0.03239922,28.43,1.1845833333333333,1.4032376736111112,0.7814251162364958
A029_T3,A029,T3,-0.38151622,0.03239922,93.26,3.8858333333333337,15.099700694444447,1.5863398611881236
A029_T4,A029,T4,-0.47751236,0.03239922,143.14,5.964166666666666,35.57128402777777,1.9407779542253445
A030_T1,A030,T1,-0.6474536,0.03239922,1.0,0.041666666666666664,0.001736111111111111,0.0408219945202552
A030_T2,A030,T2,-0.33693773,0.03239922,32.95,1.3729166666666668,1.8849001736111115,0.8641198595452456
A030_T3,A030,T3,-0.68452954,0.03239922,71.93,2.9970833333333338,8.982508506944447,1.3855649284819107
A030_T4,A030,T4,-0.44758588,0.03239922,150.46,6.269166666666667,39.302450694444445,1.9836416586571268
A031_T1,A031,T1,0.11944521,0.03239922,1.0,0.041666666666666664,0.001736111111111111,0.0408219945202552
A031_T2,A031,T2,-0.25079858,0.03239922,32.41,1.3504166666666666,1.8236251736111109,0.8545926174039392
A031_T3,A031,T3,-0.7986006,0.03239922,71.56,2.981666666666667,8.890336111111113,1.3817004921096632
A031_T4,A031,T4,-1.289443,0.03239922,143.85,5.9937499999999995,35.92503906249999,1.9450168930780982
A032_T1,A032,T1,-0.25118843,0.03239922,1.0,0.041666666666666664,0.001736111111111111,0.0408219945202552
A032_T2,A032,T2,-0.66263956,0.03239922,57.18,2.3825,5.67630625,1.218615081062806
A032_T3,A032,T3,-0.49235332,0.03239922,80.16,3.34,11.1556,1.4678743481123135
A032_T4,A032,T4,-0.4666232,0.03239922,144.51,6.021249999999999,36.25545156249999,1.9489412648645053
A033_T1,A033,T1,-0.35680985,0.03239922,1.0,0.041666666666666664,0.001736111111111111,0.0408219945202552
A033_T2,A033,T2,-0.6204748,0.03239922,29.16,1.215,1.4762250000000001,0.7952524034970989
A033_T3,A033,T3,-0.24171394,0.03239922,72.6,3.025,9.150625,1.3925249108705269
A033_T4,A033,T4,-0.6206486,0.03239922,168.33,7.013750000000001,49.19268906250001,2.08115881631933
A034_T1,A034,T1,-0.024934776,0.03239922,1.0,0.041666666666666664,0.001736111111111111,0.0408219945202552
A034_T2,A034,T2,-0.032090925,0.03239922,26.08,1.0866666666666667,1.1808444444444444,0.7355678964438975
A034_T3,A034,T3,-0.3094087,0.03239922,74.28,3.095,9.579025000000001,1.409766717305033
A034_T4,A034,T4,-0.77715975,0.03239922,145.38,6.0575,36.69330625,1.9540908811455073
A035_T1,A035,T1,-0.6060147,0.03239922,1.0,0.041666666666666664,0.001736111111111111,0.0408219945202552
A035_T2,A035,T2,-0.39708763,0.03239922,44.76,1.865,3.478225,1.052568350166703
A035_T3,A035,T3,-0.7474553,0.03239922,79.98,3.3325,11.10555625,1.466144742607624
A035_T4,A035,T4,-1.0058789,0.03239922,152.47,6.352916666666666,40.359550173611105,1.995097059907196
A036_T1,A036,T1,-1.3648155,0.03239922,1.0,0.041666666666666664,0.001736111111111111,0.0408219945202552
A036_T2,A036,T2,-2.1989202,0.03239922,21.63,0.90125,0.8122515625,0.6425115645913656
A036_T3,A036,T3,-1.7293134,0.03239922,71.47,2.9779166666666668,8.867987673611111,1.3807582316619962
A036_T4,A036,T4,-2.2460833,0.03239922,143.85,5.9937499999999995,35.92503906249999,1.9450168930780982
A037_T1,A037,T1,-0.12586787,0.03239922,1.0,0.041666666666666664,0.001736111111111111,0.0408219945202552
A037_T2,A037,T2,-0.5515411,0.03239922,23.7,0.9874999999999999,0.9751562499999998,0.6868775675463499
A037_T3,A037,T3,-0.7772938,0.03239922,72.08,3.0033333333333334,9.020011111111112,1.3871273474237826
A037_T4,A037,T4,-0.9160848,0.03239922,143.66,5.985833333333333,35.830200694444436,1.9438842888617656
A038_T1,A038,T1,-0.31440485,0.03239922,1.0,0.041666666666666664,0.001736111111111111,0.0408219945202552
A038_T2,A038,T2,-0.32522953,0.03239922,71.85,2.99375,8.9625390625,1.3847306391437078
A038_T3,A038,T3,-0.32334778,0.03239922,72.86,3.035833333333333,9.216284027777776,1.3952128066271372
A038_T4,A038,T4,-0.33071452,0.03239922,152.89,6.370416666666666,40.58220850694444,1.9974742401074705
A039_T1,A039,T1,-0.010293229,0.03239922,1.0,0.041666666666666664,0.001736111111111111,0.0408219945202552
A039_T2,A039,T2,0.018154912,0.03239922,28.65,1.1937499999999999,1.4250390624999998,0.7856124082320387
A039_T3,A039,T3,-0.2639552,0.03239922,98.84,4.118333333333333,16.96066944444444,1.632828865224676
A039_T4,A039,T4,-0.52685374,0.03239922,246.24,10.26,105.2676,2.421256622711544
A040_T1,A040,T1,-0.40566486,0.03239922,1.0,0.041666666666666664,0.001736111111111111,0.0408219945202552
A040_T2,A040,T2,-0.54702044,0.03239922,26.26,1.0941666666666667,1.1972006944444447,0.7391557017675006
A040_T3,A040,T3,-0.8045523,0.03239922,71.28,2.97,8.820900000000002,1.3787660946990992
A040_T4,A040,T4,-0.9931349,0.03239922,143.53,5.980416666666667,35.765383506944445,1.9431086093574954
A041_T1,A041,T1,-0.07340929,0.03239922,1.0,0.041666666666666664,0.001736111111111111,0.0408219945202552
A041_T2,A041,T2,-0.48033568,0.03239922,31.78,1.3241666666666667,1.7534173611111112,0.8433615518513973
A041_T3,A041,T3,-0.4068252,0.03239922,75.74,3.1558333333333333,9.959284027777777,1.424512969770031
A041_T4,A041,T4,-0.4012176,0.03239922,141.84,5.91,34.9281,1.9329696377795786
A042_T1,A042,T1,-0.8877299,0.03239922,1.0,0.041666666666666664,0.001736111111111111,0.0408219945202552
A042_T2,A042,T2,-1.2076592,0.03239922,28.93,1.2054166666666666,1.4530293402777776,0.7909164555219504
A042_T3,A042,T3,-1.04334,0.03239922,72.17,3.0070833333333336,9.042550173611112,1.388063628376445
A042_T4,A042,T4,-1.2660758,0.03239922,146.02,6.084166666666667,37.017084027777784,1.9578622468412672
A043_T1,A043,T1,0.12524743,0.03239922,1.0,0.041666666666666664,0.001736111111111111,0.0408219945202552
A043_T2,A043,T2,0.074096754,0.03239922,25.62,1.0675000000000001,1.1395562500000003,0.7263401479157092
A043_T3,A043,T3,-0.20584522,0.03239922,64.94,2.705833333333333,7.321534027777776,1.3099081547346048
A043_T4,A043,T4,-0.46216238,0.03239922,149.33,6.222083333333334,38.71432100694445,1.9771434616052734
A044_T1,A044,T1,-1.2214564,0.03239922,1.0,0.041666666666666664,0.001736111111111111,0.0408219945202552
A044_T2,A044,T2,-0.9994921,0.03239922,47.66,1.9858333333333331,3.943534027777777,1.093878881528862
A044_T3,A044,T3,-1.3985013,0.03239922,91.63,3.8179166666666666,14.57648767361111,1.5723416077929249
A044_T4,A044,T4,-1.8987845,0.03239922,155.27,6.4695833333333335,41.855508506944446,2.0108392189188016
A045_T1,A045,T1,-0.65096277,0.03239922,1.0,0.041666666666666664,0.001736111111111111,0.0408219945202552
A045_T2,A045,T2,-0.71755517,0.03239922,24.66,1.0275,1.0557562500000002,0.7068035070074309
A045_T3,A045,T3,-0.6275152,0.03239922,72.23,3.0095833333333335,9.057591840277778,1.3886873290203638
A045_T4,A045,T4,-1.0182396,0.03239922,151.52,6.3133333333333335,39.858177777777776,1.9896991661789745
A046_T1,A046,T1,-0.8491575,0.03239922,1.0,0.041666666666666664,0.001736111111111111,0.0408219945202552
A046_T2,A046,T2,-1.0824164,0.03239922,24.32,1.0133333333333334,1.0268444444444447,0.699791723278614
A046_T3,A046,T3,-1.9777021,0.03239922,73.05,3.0437499999999997,9.264414062499998,1.3971724792670734
A046_T4,A046,T4,-1.1210321,0.03239922,147.94,6.164166666666667,37.99695069444444,1.9690917483983523
A047_T1,A047,T1,-0.8782938,0.03239922,1.0,0.041666666666666664,0.001736111111111111,0.0408219945202552
A047_T2,A047,T2,-0.8611226,0.03239922,23.46,0.9775,0.9555062500000001,0.6818334206596719
A047_T3,A047,T3,-1.4937862,0.03239922,76.85,3.202083333333333,10.253337673611108,1.4355804340522749
A047_T4,A047,T4,-2.1195989,0.03239922,144.22,6.009166666666666,36.11008402777777,1.9472188161863455
A048_T1,A048,T1,-0.34669858,0.03239922,1.0,0.041666666666666664,0.001736111111111111,0.0408219945202552
A048_T2,A048,T2,-0.4959219,0.03239922,23.91,0.99625,0.9925140625,0.6912704205470851
A048_T3,A048,T3,-0.50358874,0.03239922,81.15,3.38125,11.4328515625,1.477334071800763
A048_T4,A048,T4,-0.65342605,0.03239922,146.3,6.095833333333334,37.15918402777779,1.9595077573206972
A049_T1,A049,T1,-0.028904282,0.03239922,1.0,0.041666666666666664,0.001736111111111111,0.0408219945202552
A049_T2,A049,T2,-0.62687474,0.03239922,27.12,1.1300000000000001,1.2769000000000004,0.7561219797213337
A049_T3,A049,T3,-0.39411706,0.03239922,111.38,4.640833333333333,21.537334027777774,1.730031808732516
A049_T4,A049,T4,-0.56187904,0.03239922,168.86,7.035833333333334,49.50295069444445,2.083910706734293
A050_T1,A050,T1,-0.3329283,0.03239922,1.0,0.041666666666666664,0.001736111111111111,0.0408219945202552
A050_T2,A050,T2,-0.40956235,0.03239922,24.73,1.0304166666666668,1.0617585069444446,0.7082410265074691
A050_T3,A050,T3,-1.0704428,0.03239922,93.39,3.89125,15.141826562499999,1.587447894542485
A050_T4,A050,T4,-1.1886486,0.03239922,148.69,6.195416666666667,38.38318767361111,1.973444249248633
A051_T1,A051,T1,-0.12532425,0.03239922,1.0,0.041666666666666664,0.001736111111111111,0.0408219945202552
A051_T2,A051,T2,-0.22170891,0.03239922,17.16,0.715,0.5112249999999999,0.5394130806179032
A051_T3,A051,T3,-0.6670417,0.03239922,65.63,2.734583333333333,7.4779460069444434,1.3176362550213248
A051_T4,A051,T4,-0.717612,0.03239922,146.99,6.124583333333334,37.51052100694445,1.963551244912556
A052_T1,A052,T1,-0.46720344,0.03239922,1.0,0.041666666666666664,0.001736111111111111,0.0408219945202552
A052_T2,A052,T2,-0.65881974,0.03239922,31.76,1.3233333333333335,1.7512111111111115,0.8430029361043228
A052_T3,A052,T3,-0.8427525,0.03239922,80.98,3.374166666666667,11.385000694444447,1.4757160254762083
A052_T4,A052,T4,-0.68798685,0.03239922,153.27,6.38625,40.784189062500005,1.9996201636777473
A053_T1,A053,T1,-0.36268333,0.03239922,1.0,0.041666666666666664,0.001736111111111111,0.0408219945202552
A053_T2,A053,T2,-1.3348268,0.03239922,32.71,1.3629166666666668,1.8575418402777781,0.8598967316779912
A053_T3,A053,T3,-1.3800142,0.03239922,78.28,3.2616666666666667,10.638469444444445,1.4496603200750402
A053_T4,A053,T4,-1.5003244,0.03239922,148.9,6.204166666666667,38.49168402777778,1.9746595623412992
A054_T1,A054,T1,0.029103631,0.03239922,1.0,0.041666666666666664,0.001736111111111111,0.0408219945202552
A054_T2,A054,T2,-0.35212585,0.03239922,16.9,0.7041666666666666,0.49585069444444435,0.5330762327008104
A054_T3,A054,T3,-0.26147947,0.03239922,72.83,3.0345833333333334,9.208696006944445,1.3949030332754941
A054_T4,A054,T4,-0.19586188,0.03239922,136.83,5.701250000000001,32.50425156250001,1.9022940761596105
A055_T1,A055,T1,-0.36088526,0.03239922,1.0,0.041666666666666664,0.001736111111111111,0.0408219945202552
A055_T2,A055,T2,-0.88480955,0.03239922,23.24,0.9683333333333333,0.9376694444444443,0.6771871609812159
A055_T3,A055,T3,-0.97435224,0.03239922,74.48,3.1033333333333335,9.630677777777779,1.4117996515282525
A055_T4,A055,T4,-1.0537004,0.03239922,149.21,6.217083333333334,38.65212517361112,1.9764509008342432
A056_T1,A056,T1,-0.582606,0.03239922,1.0,0.041666666666666664,0.001736111111111111,0.0408219945202552
A056_T2,A056,T2,-1.0420797,0.03239922,33.61,1.4004166666666666,1.9611668402777778,0.8756423333963461
A056_T3,A056,T3,-0.8380181,0.03239922,71.46,2.9774999999999996,8.865506249999997,1.3806534812298048
A056_T4,A056,T4,-1.098275,0.03239922,147.84,6.16,37.9456,1.9685099809725544
A057_T1,A057,T1,-0.44464478,0.03239922,1.0,0.041666666666666664,0.001736111111111111,0.0408219945202552
A057_T2,A057,T2,-0.6047262,0.03239922,24.78,1.0325,1.06605625,0.7092665624398284
A057_T3,A057,T3,-0.8740242,0.03239922,73.83,3.07625,9.4633140625,1.405177448121392
A057_T4,A057,T4,-1.4554442,0.03239922,145.06,6.0441666666666665,36.53195069444444,1.952199851152836
A058_T1,A058,T1,-0.28630787,0.03239922,1.0,0.041666666666666664,0.001736111111111111,0.0408219945202552
A058_T2,A058,T2,-0.6994882,0.03239922,22.96,0.9566666666666667,0.9152111111111111,0.6712423451718953
A058_T3,A058,T3,-0.69834685,0.03239922,66.28,2.7616666666666667,7.626802777777778,1.3248621216013894
A058_T4,A058,T4,-1.1754528,0.03239922,143.48,5.978333333333333,35.740469444444436,1.942810110802997
A059_T1,A059,T1,-0.64515376,0.03239922,1.0,0.041666666666666664,0.001736111111111111,0.0408219945202552
A059_T2,A059,T2,-0.53046274,0.03239922,30.4,1.2666666666666666,1.6044444444444443,0.8183103235139513
A059_T3,A059,T3,-0.7437777,0.03239922,79.78,3.3241666666666667,11.050084027777778,1.464219443591648
A059_T4,A059,T4,-0.6217994,0.03239922,151.93,6.330416666666667,40.07417517361112,1.9920323583030093
A060_T1,A060,T1,-0.60953146,0.03239922,1.0,0.041666666666666664,0.001736111111111111,0.0408219945202552
A060_T2,A060,T2,-0.41698605,0.03239922,24.87,1.0362500000000001,1.0738140625000003,0.7111098809341178
A060_T3,A060,T3,-0.3879077,0.03239922,94.68,3.9450000000000003,15.563025000000001,1.5983769650746755
A060_T4,A060,T4,-0.16003492,0.03239922,143.91,5.99625,35.9550140625,1.9453742912234322
A061_T1,A061,T1,0.39475346,0.03239922,1.0,0.041666666666666664,0.001736111111111111,0.0408219945202552
A061_T2,A061,T2,0.07737372,0.03239922,35.16,1.4649999999999999,2.1462249999999994,0.9021918074946533
A061_T3,A061,T3,-0.27888015,0.03239922,82.55,3.439583333333333,11.830733506944444,1.4905605281966805
A061_T4,A061,T4,-0.22784275,0.03239922,146.56,6.1066666666666665,37.291377777777775,1.9610333106295341
A062_T1,A062,T1,-0.29300952,0.03239922,1.0,0.041666666666666664,0.001736111111111111,0.0408219945202552
A062_T2,A062,T2,-0.7434287,0.03239922,44.69,1.8620833333333333,3.467354340277778,1.0515497978778447
A062_T3,A062,T3,-0.974193,0.03239922,92.72,3.8633333333333333,14.925344444444445,1.5817240738665845
A062_T4,A062,T4,-1.5529231,0.03239922,149.18,6.215833333333333,38.63658402777778,1.9762776856717095
A063_T1,A063,T1,-1.294402,0.03239922,1.0,0.041666666666666664,0.001736111111111111,0.0408219945202552
A063_T2,A063,T2,-1.960685,0.03239922,21.98,0.9158333333333334,0.8387506944444445,0.65015268898709
A063_T3,A063,T3,-2.3275664,0.03239922,69.99,2.91625,8.504514062499998,1.3651345632842644
A063_T4,A063,T4,-2.3662431,0.03239922,141.09,5.87875,34.5597015625,1.9284369493918316
A064_T1,A064,T1,-0.26187485,0.03239922,1.0,0.041666666666666664,0.001736111111111111,0.0408219945202552
A064_T2,A064,T2,-0.5493429,0.03239922,37.65,1.5687499999999999,2.4609765624999995,0.9434193992624076
A064_T3,A064,T3,-0.7581485,0.03239922,82.99,3.4579166666666663,11.95718767361111,1.4946815418025694
A064_T4,A064,T4,-0.6732313,0.03239922,156.21,6.50875,42.3638265625,2.0160690071822343
A065_T1,A065,T1,-0.62954164,0.03239922,1.0,0.041666666666666664,0.001736111111111111,0.0408219945202552
A065_T2,A065,T2,-1.5046363,0.03239922,32.31,1.3462500000000002,1.8123890625000005,0.8528183089185817
A065_T3,A065,T3,-2.19694,0.03239922,106.41,4.43375,19.6581390625,1.6926295033208647
A065_T4,A065,T4,-1.9216951,0.03239922,187.43,7.809583333333333,60.989591840277775,2.1758401440888315
A066_T1,A066,T1,-0.63675797,0.03239922,1.0,0.041666666666666664,0.001736111111111111,0.0408219945202552
A066_T2,A066,T2,-0.66337293,0.03239922,23.35,0.9729166666666668,0.9465668402777779,0.6795129892841417
A066_T3,A066,T3,-0.80307025,0.03239922,73.79,3.0745833333333334,9.453062673611111,1.404768491976238
A066_T4,A066,T4,-1.436064,0.03239922,164.93,6.872083333333333,47.22552934027778,2.063322745737281
A067_T1,A067,T1,-0.5694425,0.03239922,1.0,0.041666666666666664,0.001736111111111111,0.0408219945202552
A067_T2,A067,T2,-1.584414,0.03239922,29.91,1.24625,1.5531390625000001,0.8092621591156317
A067_T3,A067,T3,-1.3810449,0.03239922,73.19,3.049583333333333,9.299958506944442,1.3986139951674335
A067_T4,A067,T4,-1.5942382,0.03239922,144.19,6.007916666666667,36.09506267361111,1.947040462391396
A068_T1,A068,T1,0.05259034,0.03239922,1.0,0.041666666666666664,0.001736111111111111,0.0408219945202552
A068_T2,A068,T2,-0.09444047,0.03239922,30.49,1.2704166666666665,1.613958506944444,0.8199633682470614
A068_T3,A068,T3,-0.34372416,0.03239922,82.98,3.4575,11.95430625,1.4945880707551584
A068_T4,A068,T4,-0.62895495,0.03239922,155.59,6.482916666666667,42.02820850694445,2.0126226446826996
A069_T1,A069,T1,-0.779753,0.03239922,1.0,0.041666666666666664,0.001736111111111111,0.0408219945202552
A069_T2,A069,T2,-1.4553812,0.03239922,24.96,1.04,1.0816000000000001,0.712949807856125
A069_T3,A069,T3,-1.9952551,0.03239922,79.75,3.3229166666666665,11.04177517361111,1.463930328762862
A069_T4,A069,T4,-1.3238999,0.03239922,140.22,5.8425,34.134806250000004,1.9231531619326971
A070_T1,A070,T1,-0.39143047,0.03239922,1.0,0.041666666666666664,0.001736111111111111,0.0408219945202552
A070_T2,A070,T2,-0.5367628,0.03239922,24.25,1.0104166666666667,1.020941840277778,0.6983419974370495
A070_T3,A070,T3,-1.1602048,0.03239922,81.92,3.4133333333333336,11.650844444444447,1.4846302618407525
A070_T4,A070,T4,-1.4078444,0.03239922,149.2,6.216666666666666,38.646944444444436,1.976393165780389
A071_T1,A071,T1,-0.14597252,0.03239922,1.0,0.041666666666666664,0.001736111111111111,0.0408219945202552
A071_T2,A071,T2,-0.79447585,0.03239922,30.92,1.2883333333333333,1.6598027777777777,0.8278237505518246
A071_T3,A071,T3,-1.1807591,0.03239922,79.96,3.3316666666666666,11.100002777777776,1.465952379425344
A071_T4,A071,T4,-0.9274221,0.03239922,153.27,6.38625,40.784189062500005,1.9996201636777473
A072_T1,A072,T1,-0.07698649,0.03239922,1.0,0.041666666666666664,0.001736111111111111,0.0408219945202552
A072_T2,A072,T2,-0.17906797,0.03239922,33.76,1.4066666666666665,1.9787111111111106,0.878242664236625
A072_T3,A072,T3,-0.63983804,0.03239922,83.54,3.4808333333333334,12.116200694444446,1.4998090410335863
A072_T4,A072,T4,-0.78499377,0.03239922,154.89,6.453749999999999,41.65088906249999,2.0087172614551787
A073_T1,A073,T1,-0.9464443,0.03239922,1.0,0.041666666666666664,0.001736111111111111,0.0408219945202552
A073_T2,A073,T2,-1.0748329,0.03239922,66.66,2.7775,7.7145062499999995,1.3290624151647576
A073_T3,A073,T3,-1.0401857,0.03239922,66.9,2.7875,7.77015625,1.3317061708354876
A073_T4,A073,T4,-1.1978265,0.03239922,140.12,5.838333333333334,34.08613611111112,1.9225440372260398
A074_T1,A074,T1,-0.2753581,0.03239922,1.0,0.041666666666666664,0.001736111111111111,0.0408219945202552
A074_T2,A074,T2,-0.56440675,0.03239922,29.33,1.2220833333333332,1.4934876736111107,0.7984451942645651
A074_T3,A074,T3,-0.77584785,0.03239922,73.02,3.0425,9.25680625,1.396863312469125
A074_T4,A074,T4,-0.6229088,0.03239922,147.21,6.13375,37.6228890625,1.9648370428687807
A075_T1,A075,T1,-0.62350225,0.03239922,1.0,0.041666666666666664,0.001736111111111111,0.0408219945202552
A075_T2,A075,T2,-0.5367367,0.03239922,28.68,1.195,1.428025,0.7861820465271347
A075_T3,A075,T3,-1.659776,0.03239922,71.37,2.9737500000000003,8.843189062500002,1.3797102332428755
A075_T4,A075,T4,-1.0047041,0.03239922,244.53,10.18875,103.81062656250002,2.4149088092030118
A076_T1,A076,T1,-0.81635565,0.03239922,1.0,0.041666666666666664,0.001736111111111111,0.0408219945202552
A076_T2,A076,T2,-1.0190922,0.03239922,27.3,1.1375,1.2939062499999998,0.7596369218287783
A076_T3,A076,T3,-1.1428466,0.03239922,74.88,3.1199999999999997,9.734399999999997,1.4158531633614349
A076_T4,A076,T4,-1.7313646,0.03239922,149.28,6.22,38.688399999999994,1.9768549529047348
A077_T1,A077,T1,-0.24665096,0.03239922,1.0,0.041666666666666664,0.001736111111111111,0.0408219945202552
A077_T2,A077,T2,-0.6777829,0.03239922,53.88,2.245,5.040025000000001,1.1771153501560534
A077_T3,A077,T3,-0.72803897,0.03239922,78.36,3.265,10.660225,1.4504421809436425
A077_T4,A077,T4,-0.5165177,0.03239922,149.75,6.239583333333333,38.93240017361111,1.979563654096956
A078_T1,A078,T1,-1.0498971,0.03239922,1.0,0.041666666666666664,0.001736111111111111,0.0408219945202552
A078_T2,A078,T2,-1.0143214,0.03239922,26.17,1.0904166666666668,1.1890085069444447,0.7373634081482162
A078_T3,A078,T3,-1.1214714,0.03239922,72.3,3.0124999999999997,9.07515625,1.3894144884561341
A078_T4,A078,T4,-1.6873485,0.03239922,140.08,5.836666666666667,34.066677777777784,1.9223002834161795
A079_T1,A079,T1,-0.49855325,0.03239922,1.0,0.041666666666666664,0.001736111111111111,0.0408219945202552
A079_T2,A079,T2,-0.46944922,0.03239922,26.11,1.0879166666666666,1.1835626736111111,0.7361667586236876
A079_T3,A079,T3,-0.8536412,0.03239922,74.0,3.0833333333333335,9.506944444444445,1.4069136483226266
A079_T4,A079,T4,-0.9906872,0.03239922,194.42,8.100833333333332,65.62350069444443,2.208365984421637
A080_T1,A080,T1,-0.23843512,0.03239922,1.0,0.041666666666666664,0.001736111111111111,0.0408219945202552
A080_T2,A080,T2,-0.3311896,0.03239922,29.03,1.2095833333333335,1.4630918402777782,0.7928039608010932
A080_T3,A080,T3,-0.7038517,0.03239922,72.87,3.0362500000000003,9.218814062500002,1.3953160430903482
A080_T4,A080,T4,-0.98882383,0.03239922,145.77,6.07375,36.89043906250001,1.9563907494745967
A081_T1,A081,T1,-0.3435203,0.03239922,1.0,0.041666666666666664,0.001736111111111111,0.0408219945202552
A081_T2,A081,T2,-0.6007961,0.03239922,31.39,1.3079166666666666,1.7106460069444442,0.8363452416970668
A081_T3,A081,T3,-0.5386554,0.03239922,80.13,3.3387499999999997,11.147251562499997,1.4675862881938588
A081_T4,A081,T4,-0.7554152,0.03239922,154.53,6.43875,41.4575015625,2.0067028239769247
A082_T1,A082,T1,-0.41337654,0.03239922,1.0,0.041666666666666664,0.001736111111111111,0.0408219945202552
A082_T2,A082,T2,-0.4638854,0.03239922,27.97,1.1654166666666665,1.358196006944444,0.7726127986724047
A082_T3,A082,T3,-0.6287514,0.03239922,75.71,3.154583333333333,9.951396006944442,1.4242121424927559
A082_T4,A082,T4,-1.046765,0.03239922,170.25,7.09375,50.3212890625,2.0910921588998113
A083_T1,A083,T1,-0.08576379,0.03239922,1.0,0.041666666666666664,0.001736111111111111,0.0408219945202552
A083_T2,A083,T2,-0.5397279,0.03239922,25.15,1.0479166666666666,1.0981293402777776,0.7168230162452299
A083_T3,A083,T3,-0.5241375,0.03239922,74.3,3.095833333333333,9.584184027777777,1.4099701968051752
A083_T4,A083,T4,-0.65276164,0.03239922,144.91,6.037916666666667,36.45643767361111,1.951312198344308
A084_T1,A084,T1,-1.6027489,0.03239922,1.0,0.041666666666666664,0.001736111111111111,0.0408219945202552
A084_T2,A084,T2,-1.6199543,0.03239922,27.25,1.1354166666666667,1.2891710069444446,0.7586617876705721
A084_T3,A084,T3,-1.2407274,0.03239922,91.97,3.8320833333333333,14.68486267361111,1.5752777066206662
A084_T4,A084,T4,-1.7568634,0.03239922,162.51,6.771249999999999,45.84982656249999,2.05043102660141
A085_T1,A085,T1,-0.28282008,0.03239922,1.0,0.041666666666666664,0.001736111111111111,0.0408219945202552
A085_T2,A085,T2,-0.11497447,0.03239922,24.51,1.02125,1.0429515624999999,0.7037161319091797
A085_T3,A085,T3,-0.17873314,0.03239922,71.4,2.975,8.850625,1.3800247481062953
A085_T4,A085,T4,-0.70443094,0.03239922,170.65,7.110416666666667,50.558025173611114,2.093149243708519
A086_T1,A086,T1,-0.20132072,0.03239922,1.0,0.041666666666666664,0.001736111111111111,0.0408219945202552
A086_T2,A086,T2,-0.2530813,0.03239922,23.47,0.9779166666666667,0.9563210069444444,0.6820441022152811
A086_T3,A086,T3,-0.8615502,0.03239922,145.29,6.05375,36.6478890625,1.9535593903012127
A086_T4,A086,T4,-0.8833708,0.03239922,169.55,7.064583333333334,49.90833767361112,2.087482046675712
A087_T1,A087,T1,-0.020451887,0.03239922,1.0,0.041666666666666664,0.001736111111111111,0.0408219945202552
A087_T2,A087,T2,-0.25518396,0.03239922,31.07,1.2945833333333334,1.6759460069444447,0.8305512729264446
A087_T3,A087,T3,-0.45908406,0.03239922,72.8,3.033333333333333,9.20111111111111,1.3945931639345857
A087_T4,A087,T4,-0.35256618,0.03239922,144.2,6.008333333333333,36.100069444444436,1.947099917190902
A088_T1,A088,T1,-0.30305225,0.03239922,1.0,0.041666666666666664,0.001736111111111111,0.0408219945202552
A088_T2,A088,T2,-0.26626092,0.03239922,24.25,1.0104166666666667,1.020941840277778,0.6983419974370495
A088_T3,A088,T3,-0.47492886,0.03239922,74.91,3.12125,9.742201562499998,1.4161565154038038
A088_T4,A088,T4,-0.31291902,0.03239922,149.93,6.247083333333333,39.02605017361111,1.9805990890721163
A089_T1,A089,T1,-0.18910767,0.03239922,1.0,0.041666666666666664,0.001736111111111111,0.0408219945202552
A089_T2,A089,T2,-0.28618926,0.03239922,32.14,1.3391666666666666,1.793367361111111,0.8497947405857907
A089_T3,A089,T3,-0.6501386,0.03239922,79.34,3.3058333333333336,10.92853402777778,1.4599706925110931
A089_T4,A089,T4,-0.55882245,0.03239922,146.96,6.123333333333334,37.49521111111112,1.9633757806629466
A090_T1,A090,T1,-1.6122016,0.03239922,1.0,0.041666666666666664,0.001736111111111111,0.0408219945202552
A090_T2,A090,T2,-1.270214,0.03239922,23.54,0.9808333333333333,0.9620340277777778,0.6835176315841023
A090_T3,A090,T3,-2.2576284,0.03239922,95.42,3.9758333333333336,15.807250694444447,1.6045928607709008
A090_T4,A090,T4,-2.1510363,0.03239922,144.07,6.002916666666667,36.03500850694444,1.9463267289405295
A091_T1,A091,T1,-0.41315272,0.03239922,1.0,0.041666666666666664,0.001736111111111111,0.0408219945202552
A091_T2,A091,T2,-0.7300191,0.03239922,22.2,0.9249999999999999,0.8556249999999999,0.6549259677397474
A091_T3,A091,T3,-1.0173005,0.03239922,73.64,3.0683333333333334,9.414669444444444,1.4032334151768138
A091_T4,A091,T4,-0.5843677,0.03239922,142.61,5.942083333333334,35.30835434027778,1.9376019215930318
A092_T1,A092,T1,-0.41257405,0.03239922,1.0,0.041666666666666664,0.001736111111111111,0.0408219945202552
A092_T2,A092,T2,-0.54433435,0.03239922,22.83,0.9512499999999999,0.9048765624999998,0.6684701928475048
A092_T3,A092,T3,-0.81644744,0.03239922,71.31,2.97125,8.8283265625,1.3790809066015888
A092_T4,A092,T4,-1.3193033,0.03239922,146.16,6.09,37.0881,1.958685340544036
A093_T1,A093,T1,-0.14142773,0.03239922,1.0,0.041666666666666664,0.001736111111111111,0.0408219945202552
A093_T2,A093,T2,-1.8081375,0.03239922,22.09,0.9204166666666667,0.8471668402777778,0.6525421763844713
A093_T3,A093,T3,-2.169132,0.03239922,70.22,2.9258333333333333,8.560500694444444,1.3675786429239494
A093_T4,A093,T4,-2.456655,0.03239922,140.95,5.872916666666666,34.4911501736111,1.9275885673266446
A094_T1,A094,T1,-0.9670996,0.03239922,1.0,0.041666666666666664,0.001736111111111111,0.0408219945202552
A094_T2,A094,T2,-0.9523416,0.03239922,22.98,0.9575,0.91680625,0.6716681488828211
A094_T3,A094,T3,-1.2079843,0.03239922,76.21,3.1754166666666666,10.083271006944443,1.429214153722292
A094_T4,A094,T4,-1.1736983,0.03239922,149.99,6.249583333333334,39.057291840277784,1.9809439959506792
A095_T1,A095,T1,-0.17896686,0.03239922,1.0,0.041666666666666664,0.001736111111111111,0.0408219945202552
A095_T2,A095,T2,-0.8196811,0.03239922,29.71,1.2379166666666668,1.5324376736111114,0.8055453735694225
A095_T3,A095,T3,-0.5895861,0.03239922,78.76,3.2816666666666667,10.769336111111112,1.4543423418937371
A095_T4,A095,T4,-1.0815564,0.03239922,148.79,6.199583333333333,38.43483350694444,1.9740231539770847
A096_T1,A096,T1,-0.28072336,0.03239922,1.0,0.041666666666666664,0.001736111111111111,0.0408219945202552
A096_T2,A096,T2,-0.81060374,0.03239922,24.49,1.0204166666666665,1.0412501736111108,0.7033037607693153
A096_T3,A096,T3,-0.74574685,0.03239922,71.19,2.96625,8.7986390625,1.3778210639152684
A096_T4,A096,T4,-0.53927916,0.03239922,143.66,5.985833333333333,35.830200694444436,1.9438842888617656
A097_T1,A097,T1,-0.926214,0.03239922,1.0,0.041666666666666664,0.001736111111111111,0.0408219945202552
A097_T2,A097,T2,-2.2715406,0.03239922,24.37,1.0154166666666666,1.0310710069444444,0.7008259564869463
A097_T3,A097,T3,-1.8982385,0.03239922,70.83,2.95125,8.7098765625,1.3740319845476905
A097_T4,A097,T4,-2.0885553,0.03239922,144.85,6.035416666666666,36.42625434027777,1.9509569164836311
A098_T1,A098,T1,-0.2911234,0.03239922,1.0,0.041666666666666664,0.001736111111111111,0.0408219945202552
A098_T2,A098,T2,-0.5022525,0.03239922,25.77,1.07375,1.1529390625,0.7293585625225172
A098_T3,A098,T3,-0.19104534,0.03239922,78.84,3.285,10.791225,1.4551205520497432
A098_T4,A098,T4,-0.53968745,0.03239922,146.29,6.095416666666666,37.15410434027777,1.9594490356905676
A099_T1,A099,T1,-0.23160914,0.03239922,1.0,0.041666666666666664,0.001736111111111111,0.0408219945202552
A099_T2,A099,T2,-0.36688483,0.03239922,28.75,1.1979166666666667,1.435004340277778,0.7875099420082304
A099_T3,A099,T3,-0.33982933,0.03239922,78.57,3.2737499999999997,10.717439062499999,1.452491661971374
A099_T4,A099,T4,0.06057843,0.03239922,143.51,5.979583333333333,35.755416840277775,1.9429892206276496
A100_T1,A100,T1,-1.1643945,0.03239922,1.0,0.041666666666666664,0.001736111111111111,0.0408219945202552
A100_T2,A100,T2,-1.4355785,0.03239922,31.14,1.2975,1.6835062500000002,0.8318215752477052
A100_T3,A100,T3,-1.1984288,0.03239922,75.34,3.1391666666666667,9.85436736111111,1.4204944793312588
A100_T4,A100,T4,-2.3907359,0.03239922,146.8,6.116666666666667,37.413611111111116,1.962439451006524
A101_T1,A101,T1,-1.1384091,0.03239922,1.0,0.041666666666666664,0.001736111111111111,0.0408219945202552
A101_T2,A101,T2,-1.1739205,0.03239922,29.12,1.2133333333333334,1.4721777777777778,0.7944996748202328
A101_T3,A101,T3,-2.128937,0.03239922,75.21,3.1337499999999996,9.820389062499997,1.4191849853138654
A101_T4,A101,T4,-2.3174284,0.03239922,150.22,6.259166666666666,39.17716736111111,1.9822650380428002
A102_T1,A102,T1,-0.5412505,0.03239922,1.0,0.041666666666666664,0.001736111111111111,0.0408219945202552
A102_T2,A102,T2,-0.43843967,0.03239922,29.13,1.2137499999999999,1.4731890624999997,0.7946879101149062
A102_T3,A102,T3,-0.71332,0.03239922,75.27,3.13625,9.8360640625,1.419789580253685
A102_T4,A102,T4,-0.61318415,0.03239922,150.41,6.267083333333333,39.27633350694444,1.9833550189326314
A103_T1,A103,T1,-1.7304054,0.03239922,1.0,0.041666666666666664,0.001736111111111111,0.0408219945202552
A103_T2,A103,T2,-2.1286194,0.03239922,27.26,1.1358333333333335,1.2901173611111114,0.7588568905879793
A103_T3,A103,T3,-2.0230885,0.03239922,80.24,3.3433333333333333,11.177877777777777,1.4686421024686442
A103_T4,A103,T4,-2.303955,0.03239922,149.72,6.238333333333333,38.916802777777775,1.9793909773186755
A104_T1,A104,T1,-0.14757402,0.03239922,1.0,0.041666666666666664,0.001736111111111111,0.0408219945202552
A104_T2,A104,T2,-0.25256503,0.03239922,22.6,0.9416666666666668,0.8867361111111113,0.6635467107836547
A104_T3,A104,T3,-0.44039676,0.03239922,72.62,3.0258333333333334,9.155667361111112,1.3927319287783149
A104_T4,A104,T4,-1.2884427,0.03239922,145.78,6.074166666666667,36.89550069444444,1.956449650961876
A105_T1,A105,T1,0.123756826,0.03239922,1.0,0.041666666666666664,0.001736111111111111,0.0408219945202552
A105_T2,A105,T2,-0.18362878,0.03239922,22.77,0.94875,0.9001265625,0.6671881413898492
A105_T3,A105,T3,-0.60006315,0.03239922,69.46,2.8941666666666666,8.376200694444444,1.3594797069243345
A105_T4,A105,T4,-0.7357671,0.03239922,146.2,6.091666666666666,37.10840277777777,1.958920385791328
A106_T1,A106,T1,-0.17586444,0.03239922,1.0,0.041666666666666664,0.001736111111111111,0.0408219945202552
A106_T2,A106,T2,-0.6606748,0.03239922,22.64,0.9433333333333334,0.8898777777777778,0.6644047116942914
A106_T3,A106,T3,-0.46094087,0.03239922,66.08,2.7533333333333334,7.580844444444445,1.3226443340434346
A106_T4,A106,T4,-0.46960342,0.03239922,147.13,6.130416666666666,37.58200850694444,1.9643696712414147
A107_T1,A107,T1,-2.125878,0.03239922,1.0,0.041666666666666664,0.001736111111111111,0.0408219945202552
A107_T2,A107,T2,-2.8372936,0.03239922,26.22,1.0925,1.19355625,0.7383595233814935
A107_T3,A107,T3,-1.7667851,0.03239922,71.45,2.9770833333333333,8.863025173611112,1.3805487198238109
A107_T4,A107,T4,-2.3184922,0.03239922,145.95,6.08125,36.981601562499996,1.9574504457941793
A108_T1,A108,T1,-0.8059673,0.03239922,1.0,0.041666666666666664,0.001736111111111111,0.0408219945202552
A108_T2,A108,T2,-1.1446744,0.03239922,27.61,1.1504166666666666,1.3234585069444444,0.7656616218126902
A108_T3,A108,T3,-1.0165296,0.03239922,68.96,2.873333333333333,8.256044444444443,1.3541154627556553
A108_T4,A108,T4,-1.0938103,0.03239922,152.12,6.338333333333334,40.17446944444445,1.9931117505396074
A109_T1,A109,T1,-1.310192,0.03239922,1.0,0.041666666666666664,0.001736111111111111,0.0408219945202552
A109_T2,A109,T2,-1.6407058,0.03239922,24.65,1.0270833333333333,1.0549001736111112,0.7065979782840686
A109_T3,A109,T3,-1.1137226,0.03239922,71.17,2.9654166666666666,8.793696006944444,1.3776109357363064
A109_T4,A109,T4,-2.4055374,0.03239922,149.87,6.244583333333334,38.99482100694445,1.980254063191753
