model_name,AIC,BIC,log_likelihood,n_params,converged,delta_AIC,akaike_weight,cumulative_weight,renorm_weight
Sin+Cos,1068.9809666080318,1096.9212184377875,-527.4904833040159,6.0,False,0.0,0.217142582697317,0.217142582697317,0.22276036512083722
Tanh+Log,1072.0442779995128,1099.9845298292687,-529.0221389997564,6.0,False,3.063311391480965,0.046941329112098,0.264083911809415,0.0481557669729123
PowerLaw_10,1073.1265070356967,1097.0752943183445,-530.5632535178484,5.0,False,4.145540427664855,0.0273245068700448,0.2914084186794599,0.028031430093113707
Reciprocal,1073.1265070356967,1097.0752943183445,-530.5632535178484,5.0,False,4.145540427664855,0.0273245068700448,0.3187329255495047,0.028031430093113707
Recip_sq,1073.1285909414237,1097.0773782240717,-530.5642954707118,5.0,True,4.147624333391832,0.0272960508493587,0.3460289763988635,0.028002237875358993
PowerLaw_09,1073.219380249815,1097.1681675324628,-530.6096901249075,5.0,False,4.238413641783154,0.0260846594240558,0.3721136358229193,0.02675950605899813
FourthRoot,1073.2627463332165,1097.2115336158645,-530.6313731666082,5.0,False,4.281779725184606,0.0255251524931163,0.3976387883160357,0.026185523900936317
Root_033,1073.3226761705282,1097.271463453176,-530.6613380852641,5.0,False,4.341709562496362,0.0247716392372468,0.4224104275532825,0.02541251620287989
CubeRoot,1073.3230498684998,1097.2718371511476,-530.6615249342499,5.0,False,4.342083260467916,0.0247670111139728,0.4471774386672554,0.025407768343581476
PowerLaw_08,1073.335878143091,1097.2846654257385,-530.6679390715453,5.0,False,4.354911535058818,0.0246086604885097,0.4717860991557652,0.025245320965885675
PowerLaw_07,1073.4774814939874,1097.4262687766352,-530.7387407469937,5.0,True,4.496514885955548,0.0229265759133899,0.4947126750691552,0.023519718509364625
Cubic,1073.4793314769754,1105.4110478538394,-528.7396657384877,7.0,False,4.498364868943554,0.0229053788307554,0.5176180538999107,0.02349797302854505
LogLog,1073.5403120078136,1097.4890992904614,-530.7701560039068,5.0,False,4.559345399781705,0.0222175274246086,0.5398355813245193,0.02279232594413264
SquareRoot+Recip,1073.6321787270008,1101.572430556757,-529.8160893635004,6.0,False,4.651212118968942,0.0212200850545981,0.5610556663791174,0.021769078344465596
Exp_slow,1073.635039291049,1097.5838265736968,-530.8175196455245,5.0,False,4.654072683017148,0.0211897560430849,0.5822454224222023,0.02173796467899054
SquareRoot,1073.635039291049,1097.5838265736968,-530.8175196455245,5.0,False,4.654072683017148,0.0211897560430849,0.6034351784652873,0.02173796467899054
PowerLaw_06,1073.6454874748897,1097.5942747575375,-530.8227437374449,5.0,False,4.664520866857856,0.0210793474531551,0.6245145259184425,0.021624699664364075
PowerLaw_05,1073.8409431899645,1097.7897304726123,-530.9204715949822,5.0,False,4.859976581932642,0.0191167690370097,0.6436312949554522,0.019611346598704765
Root_067,1074.0352259699648,1097.9840132526126,-531.0176129849824,5.0,False,5.054259361932964,0.0173470856795516,0.6609783806350038,0.017795879056784873
PowerLaw_04,1074.064561616127,1098.0133488987751,-531.0322808080637,5.0,False,5.083595008095472,0.017094498675129,0.6780728793101328,0.01753675727315762
PowerLaw+Recip+Log,1074.2839775303746,1106.2156939072386,-529.1419887651873,7.0,True,5.303010922342764,0.0153183083886262,0.6933911876987591,0.015714614458834646
PowerLaw_03,1074.3166089627748,1098.2653962454226,-531.1583044813874,5.0,False,5.335642354742959,0.0150704070594649,0.708461594758224,0.015460299575443539
Log+PowerLaw05,1074.5826178994562,1102.522869729212,-530.2913089497281,6.0,False,5.601651291424332,0.0131935563509948,0.7216551511092189,0.01353489211320068
PowerLaw_Log,1074.5826178994575,1102.5228697292134,-530.2913089497288,6.0,False,5.601651291425696,0.0131935563509858,0.7348487074602047,0.013534892113191447
Quartic,1074.5937288639443,1110.516909787916,-528.2968644319722,8.0,False,5.6127622559124575,0.013120463005335,0.7479691704655398,0.013459907740422094
PowerLaw_02,1074.596742954211,1098.545530236859,-531.2983714771055,5.0,False,5.615776346179246,0.0131007047674326,0.7610698752329724,0.013439638329260957
Recip+Log,1074.800989171339,1102.741241001095,-530.4004945856695,6.0,False,5.820022563307248,0.0118288672281816,0.7728987424611541,0.012134896573412622
Log+Recip,1074.800989171339,1102.741241001095,-530.4004945856695,6.0,False,5.820022563307248,0.0118288672281816,0.7847276096893357,0.012134896573412622
Log+LogLog,1074.8535152171123,1102.7937670468684,-530.4267576085563,6.0,False,5.872548609080695,0.0115222493968469,0.7962498590861827,0.011820346109785291
Recip+PowerLaw,1074.875872070229,1102.8161238999849,-530.4379360351145,6.0,False,5.89490546219713,0.0113941659973587,0.8076440250835415,0.011688949013547925
Recip+PowerLaw05,1074.875872070229,1102.8161238999849,-530.4379360351145,6.0,False,5.89490546219713,0.0113941659973587,0.8190381910809003,0.011688949013547925
PowerLaw_01,1074.9037631796846,1098.8525504623324,-531.4518815898423,5.0,False,5.922796571652725,0.0112363708595352,0.8302745619404355,0.011527071494734155
Lin+Quad+Log,1075.0413956489574,1106.9731120258214,-529.5206978244787,7.0,False,6.060429040925556,0.0104891320725298,0.8407636940129654,0.010760500594830092
Quad+Log,1075.0413956489574,1106.9731120258214,-529.5206978244787,7.0,False,6.060429040925556,0.0104891320725298,0.8512528260854952,0.010760500594830092
Exp+Recip,1075.1357597621554,1103.0760115919113,-530.5678798810777,6.0,False,6.154793154123581,0.010005726947615,0.8612585530331103,0.01026458910299061
Recip+Lin,1075.1357597621568,1103.076011591913,-530.5678798810784,6.0,False,6.154793154124945,0.0100057269476081,0.8712642799807184,0.01026458910298353
Root_Multi,1075.2222256054488,1103.162477435205,-530.6111128027244,6.0,False,6.241258997416935,0.0095823676082248,0.8808466475889433,0.009830276865158676
Log,1075.235197979881,1099.1839852625287,-531.6175989899405,5.0,False,6.254231371849073,0.0095204157109428,0.8903670632998861,0.00976672218561568
Log10,1075.2351979798814,1099.1839852625292,-531.6175989899407,5.0,False,6.254231371849528,0.0095204157109406,0.8998874790108268,0.009766722185613422
Log2,1075.2351979798818,1099.1839852625296,-531.6175989899409,5.0,False,6.254231371849983,0.0095204157109385,0.9094078947217652,0.009766722185611266
CubeRoot+Log,1075.281054451316,1103.2213062810715,-530.6405272256579,6.0,False,6.300087843284018,0.0093046128191339,0.9187125075408992,0.009545336171060933
SquareRoot+Log,1075.334995999763,1103.2752478295183,-530.6674979998813,6.0,False,6.354029391730819,0.0090570141799406,0.92776952172084,0.009291331808650797
Log+SquareRoot,1075.3349959997631,1103.275247829519,-530.6674979998816,6.0,False,6.354029391731274,0.0090570141799385,0.9368265359007784,0.009291331808648644
Quad+Log+SquareRoot,1075.420599497906,1111.343780421878,-528.710299748953,8.0,False,6.439632889874247,0.008677537202252,0.9455040731030304,0.0089020372306145
SquareRoot+PowerLaw,1075.6718543888787,1103.6121062186346,-530.8359271944394,6.0,False,6.690887780846879,0.0076530962955424,0.953157169398573,0.00785109260432968
SquareRoot+Lin,1075.6967119038554,1103.6369637336113,-530.8483559519277,6.0,False,6.715745295823581,0.0075585664785988,0.960715735877172,0.007754117168762928
PowerLaw_Lin,1075.8409457650614,1103.7811975948173,-530.9204728825307,6.0,False,6.8599791570295565,0.0070326572554458,0.9677483931326176,0.007214601938195369
Exp+PowerLaw,1075.8409457650623,1103.7811975948182,-530.9204728825312,6.0,False,6.859979157030466,0.0070326572554426,0.9747810503880604,0.007214601938192085
