TSVR_hours,domain,probability,predicted_probability,UID
1.0,what,0.9864325365860115,0.8716013357097662,A010
1.0,what,0.9162499216301792,0.8716013357097662,A011
1.0,what,0.9202554397130212,0.8716013357097662,A012
1.0,what,0.6828699223796244,0.8716013357097662,A013
1.0,what,0.9235961648551085,0.8716013357097662,A014
1.0,what,0.9422016452734548,0.8716013357097662,A015
1.0,what,0.9770499910132654,0.8716013357097662,A016
1.0,what,0.48121405641702086,0.8716013357097662,A017
1.0,what,0.8510211288070286,0.8716013357097662,A018
1.0,what,0.6822136168776775,0.8716013357097662,A019
1.0,what,0.8820826274443894,0.8716013357097662,A020
1.0,what,0.9233811094313342,0.8716013357097662,A021
1.0,what,0.9017119681686269,0.8716013357097662,A022
1.0,what,0.8064120139347399,0.8716013357097662,A023
1.0,what,0.8494737081277663,0.8716013357097662,A024
1.0,what,0.9092279909581498,0.8716013357097662,A025
1.0,what,0.9241485581194476,0.8716013357097662,A026
1.0,what,0.8252755590496261,0.8716013357097662,A027
1.0,what,0.9668086422198519,0.8716013357097662,A028
1.0,what,0.967996559479923,0.8716013357097662,A029
1.0,what,0.8936094042959641,0.8716013357097662,A030
1.0,what,0.9836084941962073,0.8716013357097662,A031
1.0,what,0.8856506384822092,0.8716013357097662,A032
1.0,what,0.8872844250120343,0.8716013357097662,A033
1.0,what,0.9241029069296122,0.8716013357097662,A034
1.0,what,0.7496704452939384,0.8716013357097662,A035
1.0,what,0.9366653954141038,0.8716013357097662,A036
1.0,what,0.9580414571393924,0.8716013357097662,A037
1.0,what,0.9233725280741406,0.8716013357097662,A038
1.0,what,0.985017086751147,0.8716013357097662,A039
1.0,what,0.7167336102110912,0.8716013357097662,A040
1.0,what,0.9167339143684874,0.8716013357097662,A041
1.0,what,0.7408130906257931,0.8716013357097662,A042
1.0,what,0.8638435627334955,0.8716013357097662,A043
1.0,what,0.8052450852696729,0.8716013357097662,A044
1.0,what,0.6127660988620823,0.8716013357097662,A045
1.0,what,0.6240857050287669,0.8716013357097662,A046
1.0,what,0.8309120977787071,0.8716013357097662,A047
1.0,what,0.9690361260831396,0.8716013357097662,A048
1.0,what,0.9888693072040703,0.8716013357097662,A049
1.0,what,0.6652254210702178,0.8716013357097662,A050
1.0,what,0.9158830890164612,0.8716013357097662,A051
1.0,what,0.9624761756295077,0.8716013357097662,A052
1.0,what,0.9372472434767225,0.8716013357097662,A053
1.0,what,0.8474863845922914,0.8716013357097662,A054
1.0,what,0.7352280298510847,0.8716013357097662,A055
1.0,what,0.9258652396159659,0.8716013357097662,A056
1.0,what,0.9144511046208988,0.8716013357097662,A057
1.0,what,0.7976584877558622,0.8716013357097662,A058
1.0,what,0.923679007135451,0.8716013357097662,A059
1.0,what,0.7419729492772829,0.8716013357097662,A060
1.0,what,0.9771539462017279,0.8716013357097662,A061
1.0,what,0.9512037977569934,0.8716013357097662,A062
1.0,what,0.8665663942398724,0.8716013357097662,A063
1.0,what,0.9653341371689351,0.8716013357097662,A064
1.0,what,0.31364998232652336,0.8716013357097662,A065
1.0,what,0.9106400113927068,0.8716013357097662,A066
1.0,what,0.7653125944388068,0.8716013357097662,A067
1.0,what,0.9484843262216732,0.8716013357097662,A068
1.0,what,0.7561443496564679,0.8716013357097662,A069
1.0,what,0.960229417115398,0.8716013357097662,A070
1.0,what,0.8879417706748277,0.8716013357097662,A071
1.0,what,0.8896268784699382,0.8716013357097662,A072
1.0,what,0.8630035474494345,0.8716013357097662,A073
1.0,what,0.8434701937163193,0.8716013357097662,A074
1.0,what,0.804802962048871,0.8716013357097662,A075
1.0,what,0.5411460895020156,0.8716013357097662,A076
1.0,what,0.9343206838318695,0.8716013357097662,A077
1.0,what,0.8116348901013867,0.8716013357097662,A078
1.0,what,0.7526817465364629,0.8716013357097662,A079
1.0,what,0.8903074745361045,0.8716013357097662,A080
1.0,what,0.9420293015319168,0.8716013357097662,A081
1.0,what,0.9066732152067588,0.8716013357097662,A082
1.0,what,0.9618117225773631,0.8716013357097662,A083
1.0,what,0.85801490219434,0.8716013357097662,A084
1.0,what,0.7607899925697214,0.8716013357097662,A085
1.0,what,0.9327259366767249,0.8716013357097662,A086
1.0,what,0.8984959144814471,0.8716013357097662,A087
1.0,what,0.8821271435351922,0.8716013357097662,A088
1.0,what,0.8949569647108034,0.8716013357097662,A089
1.0,what,0.8800563048141266,0.8716013357097662,A090
1.0,what,0.6976609391351717,0.8716013357097662,A091
1.0,what,0.6688855351198696,0.8716013357097662,A092
1.0,what,0.8003040836862724,0.8716013357097662,A093
1.0,what,0.7506044229854929,0.8716013357097662,A094
1.0,what,0.9195304162876139,0.8716013357097662,A095
1.0,what,0.7217173526156799,0.8716013357097662,A096
1.0,what,0.961858180554201,0.8716013357097662,A097
1.0,what,0.7997489230823138,0.8716013357097662,A098
1.0,what,0.9203730967758771,0.8716013357097662,A099
1.0,what,0.6089671847346702,0.8716013357097662,A100
1.0,what,0.47998748736680075,0.8716013357097662,A101
1.0,what,0.6657470403163762,0.8716013357097662,A102
1.0,what,0.9573490819650041,0.8716013357097662,A103
1.0,what,0.9649906483108701,0.8716013357097662,A104
1.0,what,0.9554855556935625,0.8716013357097662,A105
1.0,what,0.9709057953722285,0.8716013357097662,A106
1.0,what,0.6134727256109818,0.8716013357097662,A107
1.0,what,0.47550525068912314,0.8716013357097662,A108
1.0,what,0.7906229672296812,0.8716013357097662,A109
16.9,what,0.7955802216012745,0.8378412017137864,A054
17.16,what,0.6767485582661781,0.8373632675600988,A051
20.61,what,0.899457926024921,0.8311934365094825,A017
21.63,what,0.6946519075392558,0.8294273205610798,A036
21.9,what,0.821154070106636,0.8289640183125243,A010
21.98,what,0.8739874476606191,0.8288270760888965,A063
22.09,what,0.8742927680866937,0.828639027491913,A093
22.2,what,0.7500952561726194,0.8284512639203474,A091
22.6,what,0.49837320299564974,0.8277708739582115,A104
22.64,what,0.8250295793204967,0.827703039653801,A106
22.77,what,0.7930692326276846,0.8274828336236546,A105
22.82,what,0.8188409180827556,0.8273982427852898,A028
22.83,what,0.74897579225658,0.8273813315228209,A092
22.96,what,0.6368283656919163,0.827161694144582,A058
22.98,what,0.721044761319597,0.8271279381761366,A094
23.24,what,0.8290154961966334,0.8266899416678039,A055
23.33,what,0.9909133896076282,0.8265386856863107,A025
23.35,what,0.7475517342282544,0.8265050981648921,A066
23.46,what,0.6983998196402462,0.8263205283942324,A047
23.47,what,0.7291881401044535,0.8263037628647637,A086
23.54,what,0.394229313431462,0.8261864672215381,A090
23.69,what,0.9891977889862652,0.8259354901386872,A015
23.7,what,0.9501077462688374,0.8259187762642829,A037
23.91,what,0.7660657276800465,0.8255683006591922,A048
24.15,what,0.7109958417686589,0.8251689569994627,A022
24.25,what,0.9479153419781657,0.8250029393915213,A070
24.25,what,0.9850495234752694,0.8250029393915213,A088
24.32,what,0.3608288588691457,0.824886857961329,A046
24.37,what,0.7324085080085475,0.8248040085013909,A097
24.49,what,0.48419405031242035,0.8246053931233543,A096
24.51,what,0.909687236239767,0.8245723211527877,A085
24.57,what,0.8655782316005013,0.8244731575771216,A011
24.65,what,0.3307168835527643,0.8243410613924824,A109
24.66,what,0.6477138852998718,0.824324559151122,A045
24.73,what,0.6416319215173499,0.8242091042255467,A050
24.77,what,0.7578376679169859,0.8241431776666324,A013
24.78,what,0.8652998388373513,0.8241267014388967,A057
24.87,what,0.8580439782015455,0.8239785126653617,A060
24.96,what,0.3219580099406732,0.8238304986482874,A069
25.15,what,0.7540185988894389,0.8235185963367359,A083
25.6,what,0.7140443268211021,0.8227829524759651,A012
25.62,what,0.8445379501256026,0.822750356794776,A043
25.63,what,0.7073581467606888,0.8227340621175376,A023
25.66,what,0.9707995824842826,0.8226851907315875,A014
25.77,what,0.8934539980110549,0.8225061576918805,A098
26.08,what,0.8451179656084444,0.8220029738427765,A034
26.11,what,0.635022939670386,0.8219543849920861,A079
26.17,what,0.7823737920643505,0.821857263373994,A078
26.22,what,0.3672130893284541,0.8217763857342766,A107
26.26,what,0.9324156520986494,0.8217117209032315,A040
26.48,what,0.8330535349641564,0.821356654855539,A026
26.85,what,0.8180038226727492,0.8207617379650826,A020
27.12,what,0.798923506412506,0.8203293672473005,A049
27.25,what,0.6315241734238242,0.8201217137313351,A084
27.26,what,0.5629390349842434,0.820105754461209,A103
27.3,what,0.7971640646485296,0.8200419374556621,A076
27.61,what,0.6111508232179405,0.8195484409100184,A108
27.97,what,0.9821790379313416,0.8189777440962567,A082
28.26,what,0.897688585404274,0.8185198712290039,A027
28.43,what,0.928083284379944,0.8182522265406863,A029
28.65,what,0.879862046611154,0.8179066951299657,A039
28.68,what,0.6182732046388285,0.817859649672495,A075
28.69,what,0.6396242271481607,0.8178439717084074,A019
28.75,what,0.8609278033588663,0.8177499443635621,A099
28.93,what,0.6419393901795915,0.8174682772921329,A042
29.03,what,0.8749962797063093,0.8173120636760826,A080
29.12,what,0.4872473952037097,0.8171716345747051,A101
29.13,what,0.9390218222688392,0.8171560408642848,A102
29.16,what,0.9168842151912927,0.8171092711466629,A033
29.33,what,0.3940454067426911,0.8168445654928411,A074
29.57,what,0.7767391418491456,0.816471793595201,A024
29.71,what,0.6911050063716254,0.8162548436422663,A095
29.91,what,0.6215064554170722,0.8159455511801861,A067
30.21,what,0.9335251031261275,0.8154830071704467,A021
30.4,what,0.9134717085028395,0.8151909227292369,A059
30.49,what,0.8207657113039735,0.8150527985016002,A068
30.92,what,0.865219612138316,0.8143949128704976,A071
31.07,what,0.8344402985216788,0.8141662072279976,A087
31.14,what,0.885942484583246,0.8140596168212669,A100
31.39,what,0.7635239595247911,0.8136796552332887,A081
31.76,what,0.9242746377931064,0.8131193593260483,A052
31.78,what,0.5865775123975284,0.8130891422678485,A041
32.14,what,0.8862297703946821,0.8125464408186299,A089
32.31,what,0.33437841307877575,0.8122909552581387,A065
32.41,what,0.8046071310003605,0.8121409050743815,A031
32.71,what,0.8805206204092322,0.8116917956135152,A053
32.85,what,0.641961002266992,0.8114827430625245,A016
32.95,what,0.8529981668888231,0.8113336260402145,A030
33.61,what,0.8112089585943598,0.8103537297794876,A056
33.76,what,0.8508913585128399,0.8101320536039609,A072
34.03,what,0.671978864009633,0.8097339864785479,A018
35.16,what,0.9301789798281851,0.8080810782380035,A061
37.65,what,0.8393479786954106,0.8045109140609632,A064
44.69,what,0.8883451709802683,0.7949091925776254,A062
44.76,what,0.9261357340653991,0.7948171059558887,A035
47.66,what,0.7778443549222822,0.7910563955803742,A044
53.88,what,0.4887234687482858,0.7833256289202299,A077
57.18,what,0.7906566576334401,0.7793947138730712,A032
61.28,what,0.8392052400176756,0.7746616457385751,A017
64.94,what,0.9013946167826067,0.7705683815040429,A043
65.63,what,0.6071794626140121,0.7698099479927198,A051
66.08,what,0.7309781258191486,0.7693175189758652,A106
66.28,what,0.4867299890616809,0.769099215250339,A058
66.66,what,0.5081660869465858,0.7686853712533738,A073
66.9,what,0.7597637688862633,0.7684246231190632,A073
68.96,what,0.5048195953263087,0.7662062006764654,A108
69.46,what,0.7217528192226011,0.7656729787000096,A105
69.99,what,0.8250127931852453,0.7651099558717449,A063
70.22,what,0.7714900388393197,0.7648663223874764,A093
70.56,what,0.8938945442291142,0.7645069368419837,A014
70.59,what,0.9880331290004952,0.7644752702131357,A015
70.83,what,0.7577919932368766,0.7642221923803953,A097
71.17,what,0.6362401430444229,0.7638644394945976,A109
71.19,what,0.377776530547974,0.7638434233762611,A096
71.28,what,0.37204314738564775,0.7637488894815828,A040
71.31,what,0.5982938008751026,0.7637173922228075,A092
71.37,what,0.4647047192080273,0.7636544187438786,A075
71.4,what,0.6341616151363163,0.7636229425168835,A085
71.45,what,0.5486276775785639,0.763570497700774,A107
71.46,what,0.6553326537663572,0.7635600110707466,A056
71.47,what,0.7484254401798297,0.7635495252181557,A036
71.56,what,0.7948607567970734,0.7634551875086614,A031
71.85,what,0.7087548807899972,0.7631516376555407,A038
71.93,what,0.6528418524205837,0.76306801423011,A030
72.08,what,0.7577399436701502,0.7629113533473383,A037
72.17,what,0.8491277224761632,0.7628174399687842,A042
72.2,what,0.9205515584032682,0.7627861493476584,A023
72.23,what,0.5604819749386378,0.7627548656401489,A045
72.26,what,0.6398886887097363,0.7627235888429119,A028
72.3,what,0.6532053002023613,0.7626818971901339,A078
72.55,what,0.6792322311078904,0.7624216020637691,A011
72.6,what,0.9204204059317921,0.7623696003896981,A033
72.62,what,0.8558026128495857,0.7623488050636734,A104
72.8,what,0.7579838957663099,0.7621617843526688,A087
72.83,what,0.9784122905325093,0.7621306382187039,A054
72.86,what,0.9116489813990868,0.7620994989286751,A038
72.87,what,0.7932088955251908,0.7620891206856383,A080
72.94,what,0.7015862243578186,0.7620164942561635,A025
73.02,what,0.5828173266144633,0.7619335381659575,A074
73.05,what,0.31631103854814185,0.7619024421445629,A046
73.19,what,0.5029808876855677,0.7617574174990356,A067
73.64,what,0.4061833308375238,0.7612922688834332,A091
73.79,what,0.653333194559009,0.7611375576835328,A066
73.83,what,0.8094588154494414,0.7610963298375233,A057
74.0,what,0.46586514000756224,0.7609212449900881,A079
74.19,what,0.8725360660444547,0.7607258171630928,A021
74.28,what,0.7818533634254303,0.7606333398989619,A034
74.3,what,0.7595596587890747,0.7606127975727927,A083
74.46,what,0.6551790805991843,0.7604485658553004,A022
74.48,what,0.8484255020841569,0.760428050238037,A055
74.58,what,0.6177877381143105,0.7603255165776446,A027
74.88,what,0.5897141515278601,0.7600183588770154,A076
74.91,what,0.806468697800668,0.7599876795951676,A088
75.21,what,0.3366789280051545,0.7596812504566977,A101
75.27,what,0.6091907643182158,0.759620043815706,A102
75.34,what,0.8556485144650495,0.759548669354071,A100
75.46,what,0.86422924868245,0.7594263964237925,A026
75.71,what,0.8193241692524554,0.7591719982863364,A082
75.74,what,0.8398406850949947,0.7591415010615659,A041
76.21,what,0.38658484929499193,0.7586645626052554,A094
76.85,what,0.45251107855377587,0.758017673119266,A047
78.25,what,0.8061549589089307,0.7566127568552953,A020
78.28,what,0.6607806747619654,0.7565828024291829,A053
78.36,what,0.7986660455424616,0.7565029546805084,A077
78.57,what,0.569256871084244,0.7562935665986031,A099
78.76,what,0.7268050631096054,0.756104384482941,A095
78.84,what,0.9609246399540132,0.7560248037741027,A098
79.34,what,0.8310075788074195,0.7555284262982257,A089
79.66,what,0.7701014388694843,0.7552116472121317,A013
79.75,what,0.6950233993809436,0.7551226794288822,A069
79.78,what,0.9254057332649251,0.7550930357993061,A059
79.96,what,0.46845736326065707,0.7549153029589256,A071
79.98,what,0.6710033951266394,0.754895568493997,A035
80.13,what,0.8701857598648145,0.7547476467365346,A081
80.16,what,0.9232398619697475,0.7547180807329572,A032
80.24,what,0.23650754866023185,0.754639267918284,A103
80.64,what,0.8680518195198585,0.7542458537164481,A016
80.88,what,0.7457031254682482,0.7540103232342015,A010
80.98,what,0.83621452995242,0.7539122997826059,A052
81.15,what,0.9308103357666472,0.7537458137621833,A048
81.92,what,0.8039322157726767,0.7529941436258839,A070
82.55,what,0.7587932523337297,0.7523820592975563,A061
82.98,what,0.844852102668248,0.7519657822102874,A068
82.99,what,0.88983257610684,0.7519561157019831,A064
83.54,what,0.6983919960008523,0.751425457712724,A072
83.64,what,0.5265028111237554,0.7513291847993947,A018
83.68,what,0.6241278486741267,0.7512906936966471,A019
91.47,what,0.8739682689659334,0.743984070346934,A024
91.63,what,0.527591729458763,0.7438378057436675,A044
91.97,what,0.7591178458857949,0.7435274831049896,A084
92.72,what,0.7239150423781155,0.7428452892482076,A062
93.26,what,0.9274665330600682,0.7423560902189269,A029
93.39,what,0.7219102268823616,0.7422385661505028,A050
94.68,what,0.6895089145336489,0.7410774958840354,A060
95.42,what,0.22993052597121774,0.7404156225586314,A090
98.84,what,0.69901827594326,0.7373952300968646,A039
106.41,what,0.3546707997037526,0.7309241336156331,A065
111.38,what,0.8845597721792205,0.7268259464899403,A049
136.83,what,0.8429361364674479,0.7074567172192914,A054
137.74,what,0.4707539902815159,0.7068088330901882,A025
138.91,what,0.45363999606819727,0.7059799545984413,A028
140.08,what,0.7434691130317473,0.7051556565959337,A078
140.12,what,0.9526207389952901,0.705127555813087,A073
140.22,what,0.5003156121792337,0.7050573269969815,A069
140.39,what,0.9720525183567015,0.7049380138023765,A021
140.49,what,0.8125207810050914,0.7048678741004871,A017
140.95,what,0.84108904143473,0.7045456553145776,A093
141.09,what,0.8084209953919956,0.70444772662284,A063
141.71,what,0.7652593420251191,0.7040148128859363,A022
141.84,what,0.8579140929172221,0.7039241996160084,A041
142.61,what,0.6918195072526335,0.7033886145856866,A091
143.14,what,0.8484964674647726,0.7030210778573888,A029
143.48,what,0.6701868130346293,0.7027857747706294,A058
143.51,what,0.8016354197640977,0.7027650305138649,A099
143.53,what,0.3067427902221434,0.7027512026091829,A040
143.66,what,0.746338872442886,0.7026613524074216,A037
143.66,what,0.42396990754273584,0.7026613524074216,A096
143.85,what,0.6756138639078956,0.702530129989556,A031
143.85,what,0.8193819474714075,0.702530129989556,A036
143.91,what,0.9159952641913033,0.7024887152596913,A060
144.07,what,0.5817157874202106,0.7023783320585117,A090
144.19,what,0.5380256646562905,0.7022955981289699,A067
144.2,what,0.7661196711854662,0.7022887057017585,A087
144.22,what,0.4891525436217933,0.702274921800841,A047
144.51,what,0.9460991401292485,0.7020751979587007,A032
144.85,what,0.7083653131344895,0.7018413783222166,A097
144.91,what,0.6909525142741776,0.7018001539724952,A083
145.06,what,0.6881430517945306,0.7016971428062075,A057
145.07,what,0.7135985607553589,0.7016902779182091,A023
145.29,what,0.47643975936006455,0.7015393300786734,A086
145.31,what,0.9411976903627423,0.7015256151019469,A010
145.38,what,0.6805408843578024,0.7014776225884674,A034
145.65,what,0.5929688770232636,0.7012926527742718,A024
145.77,what,0.7084400505746814,0.7012105173575405,A080
145.78,what,0.3330269919577772,0.701203674775499,A020
145.78,what,0.3991602535695779,0.701203674775499,A104
145.92,what,0.6246377245786137,0.7011079114883841,A027
145.95,what,0.5606057783677996,0.701087398760104,A107
146.02,what,0.5449395453620639,0.7010395466667388,A042
146.16,what,0.3556443548630923,0.7009438883902039,A092
146.2,what,0.8597615130959739,0.7009165686884915,A105
146.29,what,0.7416092308388965,0.7008551176000517,A098
146.3,what,0.7024529142288063,0.7008482912596574,A048
146.54,what,0.7795918391931964,0.7006845524892812,A015
146.56,what,0.8554964147112906,0.7006709156794515,A061
146.8,what,0.7726804727153314,0.700507370861191,A100
146.96,what,0.8537163900158382,0.7003984402353942,A089
146.99,what,0.8085498816868976,0.700378024570833,A051
147.13,what,0.6910781314664989,0.7002827882911759,A013
147.13,what,0.9657554043974669,0.7002827882911759,A106
147.21,what,0.4208136304202874,0.7002283947680107,A074
147.65,what,0.7757680762158133,0.699929583363868,A026
147.84,what,0.6283401341866461,0.6998007354191926,A056
147.94,what,0.5234147316348114,0.6997329652488332,A046
148.69,what,0.6862274032372911,0.6992256648501965,A050
148.79,what,0.8908868944128164,0.6991581545291655,A095
148.85,what,0.7789205936999108,0.699117662947139,A011
148.87,what,0.6363033422158781,0.6991041681868652,A014
148.9,what,0.8671645410483749,0.6990839283273002,A053
149.18,what,0.7194383058181593,0.6988951548209811,A062
149.2,what,0.6426173201712144,0.6988816801037877,A070
149.21,what,0.7239294439170023,0.6988749431999869,A055
149.28,what,0.27815544959473,0.6988277933602729,A076
149.33,what,0.7615998109866446,0.6987941239927631,A043
149.72,what,0.5881053521068612,0.6985317624730035,A103
149.75,what,0.8987110437144225,0.6985115998475249,A077
149.87,what,0.5124699408195582,0.6984309764857213,A109
149.93,what,0.8126016118410846,0.6983906810783064,A088
149.99,what,0.4681002986447955,0.6983503965118295,A094
150.22,what,0.39353268795512364,0.698196072660973,A101
150.41,what,0.8023682804554616,0.6980687075866407,A102
150.46,what,0.8799429943592921,0.6980352084576255,A030
150.8,what,0.49510562087827925,0.6978076128786531,A016
150.87,what,0.8812057772798603,0.6977607978675414,A018
151.52,what,0.3268207962875696,0.6973267843625013,A045
151.93,what,0.8752073806573492,0.6970536673020472,A059
152.12,what,0.5594033837281186,0.6969272694816144,A108
152.47,what,0.6026294451239453,0.6966947101378898,A035
152.89,what,0.7879746537701543,0.6964161144957378,A038
153.27,what,0.6697029707076456,0.6961644972494573,A052
153.27,what,0.7979762262374677,0.6961644972494573,A071
154.53,what,0.8934941929073918,0.6953331966233574,A081
154.76,what,0.7464449057559638,0.6951819475072573,A019
154.89,what,0.7736256287381273,0.695096526312501,A072
155.27,what,0.5652888016378327,0.6948471122218154,A044
155.59,what,0.7244529267282134,0.6946374005518319,A068
156.21,what,0.716310765050032,0.6942319167034405,A064
162.51,what,0.7774551400437465,0.6901726317613922,A084
164.93,what,0.7336964093486399,0.6886420574069977,A066
166.33,what,0.9757721178959826,0.687763665112622,A012
166.87,what,0.6542442653248922,0.6874262232020333,A012
168.33,what,0.9061555794202149,0.6865176526357939,A033
168.86,what,0.6413678873962483,0.6861891819351539,A049
169.55,what,0.42825454691805315,0.6857626219155492,A086
170.25,what,0.8679553680884846,0.6853311118817771,A082
170.65,what,0.5713350579976955,0.6850850890642752,A085
187.43,what,0.13105447758787067,0.6751104523647632,A065
194.42,what,0.6355470258737058,0.6711423931012834,A079
244.53,what,0.6800407611021838,0.6453897058960921,A075
246.24,what,0.8913541917636743,0.6445837773302022,A039
1.0,when,0.05673315129707437,0.09081237500425986,A010
1.0,when,0.022509682065824894,0.09081237500425986,A011
1.0,when,0.1395398634055281,0.09081237500425986,A012
1.0,when,0.16534703076452786,0.09081237500425986,A013
1.0,when,0.09138234177625333,0.09081237500425986,A014
1.0,when,0.45759687645115077,0.09081237500425986,A015
1.0,when,0.010447054443533145,0.09081237500425986,A016
1.0,when,0.02319925770343583,0.09081237500425986,A017
1.0,when,0.09661085461691084,0.09081237500425986,A018
1.0,when,0.14757937263790552,0.09081237500425986,A019
1.0,when,0.007639706065082851,0.09081237500425986,A020
1.0,when,0.41299303393963116,0.09081237500425986,A021
1.0,when,0.00998175035354789,0.09081237500425986,A022
1.0,when,0.08926705036919765,0.09081237500425986,A023
1.0,when,0.1791116558657474,0.09081237500425986,A024
1.0,when,0.26200667078566586,0.09081237500425986,A025
1.0,when,0.11168214132545919,0.09081237500425986,A026
1.0,when,0.16349012831930257,0.09081237500425986,A027
1.0,when,0.053265185364665575,0.09081237500425986,A028
1.0,when,0.011462462629004985,0.09081237500425986,A029
1.0,when,0.01571215589615867,0.09081237500425986,A030
1.0,when,0.08342646980224636,0.09081237500425986,A031
1.0,when,0.26686288653836665,0.09081237500425986,A032
1.0,when,0.10416391353307557,0.09081237500425986,A033
1.0,when,0.21121331472570748,0.09081237500425986,A034
1.0,when,0.05251060194374401,0.09081237500425986,A035
1.0,when,0.07970581119049139,0.09081237500425986,A036
1.0,when,0.22124474493776444,0.09081237500425986,A037
1.0,when,0.6596595151936163,0.09081237500425986,A038
1.0,when,0.5321272594761745,0.09081237500425986,A039
1.0,when,0.04015400376008318,0.09081237500425986,A040
1.0,when,0.23724887752723806,0.09081237500425986,A041
1.0,when,0.09609392070616277,0.09081237500425986,A042
1.0,when,0.02523099594291625,0.09081237500425986,A043
1.0,when,0.10030159600251552,0.09081237500425986,A044
1.0,when,0.04703094547835803,0.09081237500425986,A045
1.0,when,0.39567296617731784,0.09081237500425986,A046
1.0,when,0.017857247167760718,0.09081237500425986,A047
1.0,when,0.24357138811626422,0.09081237500425986,A048
1.0,when,0.3365680438807469,0.09081237500425986,A049
1.0,when,0.006296714042510763,0.09081237500425986,A050
1.0,when,0.0074452581448535005,0.09081237500425986,A051
1.0,when,0.210859605638251,0.09081237500425986,A052
1.0,when,0.08214870339634245,0.09081237500425986,A053
1.0,when,0.1579032029316555,0.09081237500425986,A054
1.0,when,0.0251684363521916,0.09081237500425986,A055
1.0,when,0.01187997996404453,0.09081237500425986,A056
1.0,when,0.06382729599546769,0.09081237500425986,A057
1.0,when,0.2618864645616824,0.09081237500425986,A058
1.0,when,0.15271476894894176,0.09081237500425986,A059
1.0,when,0.012382554382600832,0.09081237500425986,A060
1.0,when,0.9388858089659039,0.09081237500425986,A061
1.0,when,0.31399090512615396,0.09081237500425986,A062
1.0,when,0.04127966481803007,0.09081237500425986,A063
1.0,when,0.29849765027894803,0.09081237500425986,A064
1.0,when,0.013868617077668477,0.09081237500425986,A065
1.0,when,0.26049834369642433,0.09081237500425986,A066
1.0,when,0.2134983678153136,0.09081237500425986,A067
1.0,when,0.26007393578270244,0.09081237500425986,A068
1.0,when,0.0500911951759416,0.09081237500425986,A069
1.0,when,0.06127200967026428,0.09081237500425986,A070
1.0,when,0.11933322508964206,0.09081237500425986,A071
1.0,when,0.015978253807873464,0.09081237500425986,A072
1.0,when,0.017602930557310506,0.09081237500425986,A073
1.0,when,0.5278043280212222,0.09081237500425986,A074
1.0,when,0.030803754557514728,0.09081237500425986,A075
1.0,when,0.012745098038336086,0.09081237500425986,A076
1.0,when,0.40302245854975083,0.09081237500425986,A077
1.0,when,0.021053339545353825,0.09081237500425986,A078
1.0,when,0.06136337046865827,0.09081237500425986,A079
1.0,when,0.12763315294509706,0.09081237500425986,A080
1.0,when,0.11287576618513731,0.09081237500425986,A081
1.0,when,0.19125479288895988,0.09081237500425986,A082
1.0,when,0.20264599005587103,0.09081237500425986,A083
1.0,when,0.5013399750398012,0.09081237500425986,A084
1.0,when,0.0777173429925908,0.09081237500425986,A085
1.0,when,0.23476589572025947,0.09081237500425986,A086
1.0,when,0.2674040390814519,0.09081237500425986,A087
1.0,when,0.05210903754315025,0.09081237500425986,A088
1.0,when,0.1748940618103371,0.09081237500425986,A089
1.0,when,0.47125873257486867,0.09081237500425986,A090
1.0,when,0.19624569617643298,0.09081237500425986,A091
1.0,when,0.04019440913585337,0.09081237500425986,A092
1.0,when,0.01310023580091721,0.09081237500425986,A093
1.0,when,0.3085665243023578,0.09081237500425986,A094
1.0,when,0.21003509065585402,0.09081237500425986,A095
1.0,when,0.02735884936674323,0.09081237500425986,A096
1.0,when,0.038128469347658185,0.09081237500425986,A097
1.0,when,0.09825082907271944,0.09081237500425986,A098
1.0,when,0.010617081788574496,0.09081237500425986,A099
1.0,when,0.3161637866416795,0.09081237500425986,A100
1.0,when,0.12769948158315514,0.09081237500425986,A101
1.0,when,0.017436377735521542,0.09081237500425986,A102
1.0,when,0.018676408128516987,0.09081237500425986,A103
1.0,when,0.39448057322000596,0.09081237500425986,A104
1.0,when,0.10189588776918804,0.09081237500425986,A105
1.0,when,0.08455993879161683,0.09081237500425986,A106
1.0,when,0.09999787118140531,0.09081237500425986,A107
1.0,when,0.05001735540589783,0.09081237500425986,A108
1.0,when,0.009413271254619101,0.09081237500425986,A109
16.9,when,0.269571779071801,0.08097538428529095,A054
17.16,when,0.07271585040484298,0.08085532146951553,A051
20.61,when,0.09364379325906898,0.07934434606426984,A017
21.63,when,0.20177027245163812,0.07892462621875244,A036
21.9,when,0.218720052071624,0.07881542857472768,A010
21.98,when,0.07675848429377527,0.07878322346970189,A063
22.09,when,0.28521996599838345,0.07873905240824768,A093
22.2,when,0.18925806811582557,0.07869500921015983,A091
22.6,when,0.42733239170532683,0.07853591941015378,A104
22.64,when,0.25067091946183256,0.07852010170957573,A106
22.77,when,0.10695505970296934,0.07846880777169606,A105
22.82,when,0.14830927969846916,0.07844912543200462,A028
22.83,when,0.035098646380328904,0.0784451920280869,A092
22.96,when,0.09592218415404936,0.07839415044228303,A058
22.98,when,0.08075730995301461,0.0783863131268033,A094
23.24,when,0.08570364435413248,0.07828479539295559,A055
23.33,when,0.0687206358036904,0.07824981268071,A025
23.35,when,0.03813838728375213,0.0782420497189925,A066
23.46,when,0.22531707658071945,0.07819942451930123,A047
23.47,when,0.009178717675291992,0.07819555545377206,A086
23.54,when,0.010268739966728627,0.07816849969226004,A090
23.69,when,0.028966107129734967,0.07811068569641516,A015
23.7,when,0.157788999981236,0.0781068392874156,A037
23.91,when,0.13177244727117055,0.07802629028996343,A048
24.15,when,0.031201600814217658,0.07793475793696439,A022
24.25,when,0.22389313750134995,0.07789678292295311,A070
24.25,when,0.029988567160707247,0.07789678292295311,A088
24.32,when,0.09401206425862461,0.07787025726886983,A046
24.37,when,0.11321619597692152,0.07785133894385964,A097
24.49,when,0.010050470139348879,0.07780603175040215,A096
24.51,when,0.03868275390533176,0.07779849379761956,A085
24.57,when,0.06619366080889746,0.07777590257808374,A011
24.65,when,0.41860485716114954,0.0777458336480315,A109
24.66,when,0.006236122841578356,0.07774207925666636,A045
24.73,when,0.1451791495232971,0.07771582474178346,A050
24.77,when,0.009973147569777303,0.07770084272963064,A013
24.78,when,0.08785245794107188,0.0776970995596083,A057
24.87,when,0.05853672055396782,0.0776634529351298,A060
24.96,when,0.03540918007849529,0.07762988152541807,A069
25.15,when,0.06271336067372306,0.07755925418112956,A083
25.6,when,0.2302858154553294,0.07739329419138365,A012
25.62,when,0.24342289112742527,0.07738596070090274,A043
25.63,when,0.009744320902353998,0.07738229530267206,A023
25.66,when,0.16694153821543792,0.07737130449122734,A014
25.77,when,0.3723171940244254,0.07733107378096506,A098
26.08,when,0.12689791821541574,0.07721827525119271,A034
26.11,when,0.05659546782127951,0.07720740431806558,A079
26.17,when,0.03651284594712949,0.07718568616367708,A078
26.22,when,0.07919132677171072,0.07716761180309306,A107
26.26,when,0.12956003635492255,0.07715316805542963,A040
26.48,when,0.042838537991900384,0.07707397641564334,A026
26.85,when,0.15530801930089017,0.07694173198058753,A020
27.12,when,0.04939875682122942,0.07684596530392067,A049
27.25,when,0.057739443097860436,0.07680007445650473,A084
27.26,when,0.04124512610642555,0.0767965502536457,A103
27.3,when,0.011839074795405226,0.07678246179532658,A076
27.61,when,0.06633282489985327,0.07667372707036067,A108
27.97,when,0.3272206895307567,0.07654844659349694,A082
28.26,when,0.01272095841395316,0.07644829104117835,A027
28.43,when,0.008627226374644005,0.07638989279985738,A029
28.65,when,0.03821228915367146,0.07631465944362313,A039
28.68,when,0.016999192356032866,0.07630442996815413,A075
28.69,when,0.02091800507396903,0.07630102171691439,A019
28.75,when,0.08734738099556735,0.07628058871253052,A099
28.93,when,0.23120910581788756,0.07621945885440583,A042
29.03,when,0.11455871782619596,0.07618560694171178,A080
29.12,when,0.11241783951855784,0.0761552065192075,A101
29.13,when,0.04444578812489027,0.07615183256086654,A102
29.16,when,0.09974011242499434,0.0761417153171472,A033
29.33,when,0.02623976572061159,0.07608451510901904,A074
29.57,when,0.22239209890616454,0.07600413824656446,A024
29.71,when,0.058842266278034135,0.075957453693427,A095
29.91,when,0.10519554366945018,0.07589101755887696,A067
30.21,when,0.028560220083402494,0.07579192333029629,A021
30.4,when,0.28191852225603575,0.07572950795801989,A059
30.49,when,0.16899455735249755,0.07570003524606844,A068
30.92,when,0.2554049910356487,0.07556003379123148,A071
31.07,when,0.07497951144739282,0.07551150941531079,A087
31.14,when,0.06471991433598676,0.07548891968954631,A100
31.39,when,0.07273946595019085,0.07540852593680865,A081
31.76,when,0.06011086771335018,0.07529034966132962,A052
31.78,when,0.032300258996982543,0.07528398894427318,A041
32.14,when,0.25250901179142254,0.07516996820409556,A089
32.31,when,0.06678247345049275,0.07511643381812469,A065
32.41,when,0.0799930166581482,0.07508503476069918,A031
32.71,when,0.029308039430045153,0.0749912423782782,A053
32.85,when,0.012851163610045197,0.0749476789366229,A016
32.95,when,0.040956400348649905,0.07491664202165037,A030
33.61,when,0.09987770176937728,0.07471344756498187,A056
33.76,when,0.3143035786295367,0.07466766183487969,A072
34.03,when,0.11585194473949265,0.07458561096610988,A018
35.16,when,0.11124999062282337,0.0742471848904315,A061
37.65,when,0.02398850240763915,0.07352844774121785,A064
44.69,when,0.07830700883651065,0.07167370194874563,A062
44.76,when,0.04422676737100574,0.07165643782989528,A035
47.66,when,0.06510824883291869,0.07095946455743125,A044
53.88,when,0.0382432875692574,0.06957411968596723,A077
57.18,when,0.16091687666253038,0.06889280508011265,A032
61.28,when,0.4357455405600642,0.06809193021494492,A017
64.94,when,0.07852919381872589,0.06741571196770917,A043
65.63,when,0.04987439531906614,0.06729203154462383,A051
66.08,when,0.5566094024919833,0.06721199476531213,A106
66.28,when,0.23110710150897723,0.06717657934907419,A058
66.66,when,0.09946261395031496,0.0671095531341212,A073
66.9,when,0.0769929867201285,0.06706739721605597,A073
68.96,when,0.01815301469289403,0.06671105651948768,A108
69.46,when,0.056612093172257565,0.06662601829460676,A105
69.99,when,0.2190135961961514,0.06653648205470333,A063
70.22,when,0.7146239527467854,0.06649781828557151,A093
70.56,when,0.02284511532774303,0.0664408737265305,A014
70.59,when,0.16011482675744126,0.06643586121107325,A015
70.83,when,0.041145595493429304,0.06639583083450296,A097
71.17,when,0.040409135041664705,0.06633933238414866,A109
71.19,when,0.05343593602196098,0.06633601662295759,A096
71.28,when,0.34606375366491154,0.06632110621674657,A040
71.31,when,0.02635892553041207,0.06631613990233974,A092
71.37,when,0.33390040241723806,0.06630621299703472,A075
71.4,when,0.016948783606556952,0.06630125240347906,A085
71.45,when,0.12264709156168511,0.06629298897866535,A107
71.46,when,0.2686879735732184,0.06629133692792775,A056
71.47,when,0.3043719556450461,0.06628968508848411,A036
71.56,when,0.14569873925147656,0.06627482803363863,A031
71.85,when,0.014138835855234257,0.06622707127576535,A038
71.93,when,0.08440728357985092,0.06621392803842317,A030
72.08,when,0.045191720523864866,0.06618932050296729,A037
72.17,when,0.00803076566040225,0.06617457848702463,A042
72.2,when,0.12679914389921434,0.06616966822482573,A023
72.23,when,0.09998079616682973,0.06616475983203071,A045
72.26,when,0.01164047911221037,0.06615985330734918,A028
72.3,when,0.034893315762087034,0.06615331417816708,A078
72.55,when,0.0232597861278983,0.06611251962250392,A011
72.6,when,0.031110985798063512,0.06610437618863428,A033
72.62,when,0.011927423347222757,0.06610112025609835,A104
72.8,when,0.025803181984876758,0.06607185384719574,A087
72.83,when,0.09660009818224728,0.06606698257321286,A054
72.86,when,0.0181481988648791,0.06606211314180546,A038
72.87,when,0.0971323648429089,0.06606049040724578,A080
72.94,when,0.05063246102330255,0.06604913698992712,A025
73.02,when,0.010384821541033876,0.06603617390790921,A074
73.05,when,0.06548343531939092,0.06603131611685513,A046
73.19,when,0.022691817138532463,0.06600867064581702,A067
73.64,when,0.07041380172356476,0.06593615055525255,A091
73.79,when,0.09099868893055899,0.06591206784249003,A066
73.83,when,0.06311732620475684,0.06590565340371649,A057
74.0,when,0.131884232178892,0.06587842772622013,A079
74.19,when,0.01923475173954581,0.06584806719773514,A021
74.28,when,0.4155895819832455,0.06583371092505297,A034
74.3,when,0.062132599314352166,0.06583052282249369,A083
74.46,when,0.006996152842714827,0.06580504648578848,A022
74.48,when,0.12053035148109435,0.065801865498832,A055
74.58,when,0.07849837178118402,0.06578597238963187,A027
74.88,when,0.013778057673660544,0.06573841094676075,A076
74.91,when,0.010791008194611502,0.06573366449673419,A088
75.21,when,0.31707020587433415,0.06568629648422863,A101
75.27,when,0.06930897885554521,0.0656768438725116,A102
75.34,when,0.033852126378520406,0.06566582464057652,A100
75.46,when,0.013157707662755593,0.06564695657379262,A026
75.71,when,0.021267097975315768,0.06560773724712937,A082
75.74,when,0.02860232256685117,0.06560303899935258,A041
76.21,when,0.03843436541092096,0.06552965767607873,A094
76.85,when,0.09286327487576494,0.06543040733188629,A047
78.25,when,0.12307195243063929,0.06521595425230421,A020
78.28,when,0.04901966916178268,0.06521139814297272,A053
78.36,when,0.04079725176038605,0.06519925649452565,A077
78.57,when,0.01782447789583166,0.06516743974069807,A099
78.76,when,0.017792405834246728,0.06513872164534072,A095
78.84,when,0.15391489220020407,0.06512664921458378,A098
79.34,when,0.023696196426227868,0.06505145553551651,A089
79.66,when,0.2127105299021242,0.06500356443878086,A013
79.75,when,0.25160535401883655,0.06499012760119635,A069
79.78,when,0.18342460937558472,0.06498565181938216,A059
79.96,when,0.0479611162300599,0.06495883028017244,A071
79.98,when,0.026035445408748057,0.0649558536115314,A035
80.13,when,0.08313624622418299,0.06493355086897197,A081
80.16,when,0.10281269769077477,0.0649290950302473,A032
80.24,when,0.19397647431259746,0.06491722045471683,A103
80.64,when,0.2010014258551149,0.06485801412556873,A016
80.88,when,0.01968054573576968,0.0648226228907866,A010
80.98,when,0.044615162809763395,0.06480790573341942,A052
81.15,when,0.03525707257033044,0.06478292583179197,A048
81.92,when,0.059228168971025376,0.06467039626077974,A070
82.55,when,0.00883463955137841,0.06457906748444417,A061
82.98,when,0.030975909447284955,0.06451710999228685,A068
82.99,when,0.24196879976494173,0.06451567274257972,A064
83.54,when,0.026036302584788857,0.0644368758369382,A072
83.64,when,0.08028873396709714,0.06442260203153503,A018
83.68,when,0.017243526761412057,0.06441689704573747,A019
91.47,when,0.028489486838747205,0.06335272111126546,A024
91.63,when,0.012605936287408196,0.06333179090909415,A044
91.97,when,0.07587146619613025,0.06328743155302932,A084
92.72,when,0.03659023093571413,0.06319013974923622,A062
93.26,when,0.08256746077748449,0.06312056168366965,A029
93.39,when,0.017685527812076787,0.06310386990162047,A050
94.68,when,0.06841978435854791,0.0629394511824515,A060
95.42,when,0.061045619765862195,0.06284611659460462,A090
98.84,when,0.10113774601682633,0.062423763194674235,A039
106.41,when,0.062153748529732655,0.061538000889179496,A065
111.38,when,0.049960220339477786,0.06098998481500909,A049
136.83,when,0.05849366875601684,0.05852444826858953,A054
137.74,when,0.25856594154054785,0.058445295115989136,A025
138.91,when,0.019809800971821317,0.058344324689507336,A028
140.08,when,0.06492897805263015,0.058244238726668646,A078
140.12,when,0.22670215560913895,0.05824083245229942,A073
140.22,when,0.05958379397632537,0.058232321214157695,A069
140.39,when,0.10829011190479394,0.058217866671337166,A021
140.49,when,0.6399553641084421,0.05820937255072627,A017
140.95,when,0.16506291101632783,0.05817038091756351,A093
141.09,when,0.01965020948031491,0.05815854033347696,A063
141.71,when,0.39446023112739154,0.05810625093872894,A022
141.84,when,0.013013760236761002,0.0580953174279943,A041
142.61,when,0.45562069666274463,0.05803077197856675,A091
143.14,when,0.28148699194454985,0.05798655657642507,A029
143.48,when,0.29531311956474865,0.057958282327792016,A058
143.51,when,0.09824173986286618,0.05795579091804187,A099
143.53,when,0.023833367490945678,0.05795413028190906,A040
143.66,when,0.04432534803759996,0.05794334206450344,A037
143.66,when,0.0036776361454432887,0.05794334206450344,A096
143.85,when,0.036243447240027545,0.057927593092504746,A031
143.85,when,0.009412036485938767,0.057927593092504746,A036
143.91,when,0.22841746810203792,0.0579226242703812,A060
144.07,when,0.01142559459646415,0.05790938470672324,A090
144.19,when,0.022191598084990806,0.05789946516435206,A067
144.2,when,0.1192679380295637,0.05789863892727005,A087
144.22,when,0.7446121523755991,0.057896986633655466,A047
144.51,when,0.15785900415624335,0.05787305539056053,A032
144.85,when,0.4242971004895651,0.05784506225322939,A097
144.91,when,0.2303331664078815,0.057840129457352965,A083
145.06,when,0.05549856925724327,0.057827806855019474,A057
145.07,when,0.06276878294383434,0.05782698582455632,A023
145.29,when,0.20775979697665645,0.0578089381941954,A086
145.31,when,0.5030439384632766,0.057807298925670436,A010
145.38,when,0.005927215101472464,0.05780156335380175,A034
145.65,when,0.07335827217015607,0.057779467609958356,A024
145.77,when,0.008373626150312764,0.057769661106121556,A080
145.78,when,0.009926270710384466,0.05776884428087555,A020
145.78,when,0.06593782978874715,0.05776884428087555,A104
145.92,when,0.04349085725866018,0.05775741491364727,A027
145.95,when,0.07152939458208067,0.05775496726471618,A107
146.02,when,0.022475876270713038,0.05774925814218059,A042
146.16,when,0.004383663590565707,0.05773784853296144,A092
146.2,when,0.05778218766753745,0.05773459075721686,A105
146.29,when,0.007945783947610559,0.05772726419074471,A098
146.3,when,0.28119978834726067,0.05772645042069803,A048
146.54,when,0.07264411169119976,0.0577069374873261,A015
146.56,when,0.07216189165427704,0.057705312928568404,A061
146.8,when,0.008622717050441563,0.05768583641226065,A100
146.96,when,0.07274932568665281,0.0576728706892976,A089
146.99,when,0.004167228686083765,0.05767044127160993,A051
147.13,when,0.03169863683490572,0.05765911089109038,A013
147.13,when,0.044006965059517025,0.05765911089109038,A106
147.21,when,0.05588419173183089,0.05765264148643806,A074
147.65,when,0.10305744917071108,0.057617125852697154,A026
147.84,when,0.035337980303097316,0.057601824027442856,A056
147.94,when,0.06685752287275963,0.057593778760360724,A046
148.69,when,0.06734572563477234,0.05753362145087708,A050
148.79,when,0.022092562907652564,0.057525624669871905,A095
148.85,when,0.012445863867025229,0.057520829323073175,A011
148.87,when,0.008548476203505486,0.05751923132742485,A014
148.9,when,0.655358506774891,0.05751683475870653,A053
149.18,when,0.02683067129844709,0.05749449132844586,A062
149.2,when,0.3366624217976317,0.05749289706336966,A070
149.21,when,0.0036907926084849925,0.05749210001543075,A055
149.28,when,0.4515012669227943,0.057486522258369456,A076
149.33,when,0.06005974506902471,0.057482539836505815,A043
149.72,when,0.01954295525557921,0.05745152518414395,A103
149.75,when,0.03975010036333389,0.05744914297652676,A077
149.87,when,0.035255683773819525,0.05743961918426723,A109
149.93,when,0.4324878933307927,0.05743486030836201,A088
149.99,when,0.23475119076545828,0.057430103443884446,A094
150.22,when,0.03396590699197434,0.05741188740265532,A101
150.41,when,0.35330879136127497,0.057396861583421915,A102
150.46,when,0.013942171566525885,0.05739291075438003,A030
150.8,when,0.002735646862163976,0.057366081866156896,A016
150.87,when,0.18892153166922,0.05736056621006114,A018
151.52,when,0.01194190371484121,0.05730947827519892,A045
151.93,when,0.047798925673326026,0.05727737268298729,A059
152.12,when,0.004367524342430476,0.057262525560012496,A108
152.47,when,0.009354892993244214,0.05723522691579345,A035
152.89,when,0.472072659378983,0.057202556002585885,A038
153.27,when,0.03904440131102606,0.057173078423275,A052
153.27,when,0.06878933701936495,0.057173078423275,A071
154.53,when,0.011856900577755817,0.057075888368369784,A081
154.76,when,0.4027744201972873,0.057058238062892196,A019
154.89,when,0.097145911723277,0.057048274111356954,A072
155.27,when,0.4066753688040137,0.05701919952686682,A044
155.59,when,0.1556632751197409,0.05699477419567372,A068
156.21,when,0.018164380203666806,0.05694760157123568,A064
162.51,when,0.2624434367555993,0.05647926850547368,A084
164.93,when,0.003733385530668892,0.056304498200622236,A066
166.33,when,0.059419637881491544,0.0562046398498699,A012
166.87,when,0.05352919846353626,0.05616636346480655,A012
168.33,when,0.42134831059003863,0.05606353676538538,A033
168.86,when,0.3167518464084738,0.05602644580391217,A049
169.55,when,0.11419896944978025,0.05597834442471673,A086
170.25,when,0.0027990875668436194,0.055929760317816914,A082
170.65,when,0.2772291262367592,0.055902094261255995,A085
187.43,when,0.0036954776947350004,0.05480057659753033,A065
194.42,when,0.3034749280177402,0.054372930764106896,A079
244.53,when,0.024527244578228483,0.05172992949903451,A075
246.24,when,0.07875170341565435,0.05165065525066774,A039
1.0,where,0.8008363586894031,0.6057468813010307,A010
1.0,where,0.5503503393073528,0.6057468813010307,A011
1.0,where,0.7171551565898406,0.6057468813010307,A012
1.0,where,0.462374789753044,0.6057468813010307,A013
1.0,where,0.7112021996439567,0.6057468813010307,A014
1.0,where,0.8124379772610769,0.6057468813010307,A015
1.0,where,0.6873222707626063,0.6057468813010307,A016
1.0,where,0.40336552589588726,0.6057468813010307,A017
1.0,where,0.6480316568778407,0.6057468813010307,A018
1.0,where,0.4239021366119246,0.6057468813010307,A019
1.0,where,0.4822677636751356,0.6057468813010307,A020
1.0,where,0.6855637312741728,0.6057468813010307,A021
1.0,where,0.289539524214237,0.6057468813010307,A022
1.0,where,0.5939092075505852,0.6057468813010307,A023
1.0,where,0.5039499877919155,0.6057468813010307,A024
1.0,where,0.6807848635190876,0.6057468813010307,A025
1.0,where,0.7788170718489361,0.6057468813010307,A026
1.0,where,0.7463901705739042,0.6057468813010307,A027
1.0,where,0.7927016735985847,0.6057468813010307,A028
1.0,where,0.8191267181175966,0.6057468813010307,A029
1.0,where,0.4464114561341482,0.6057468813010307,A030
1.0,where,0.8454812139700848,0.6057468813010307,A031
1.0,where,0.6849501421605634,0.6057468813010307,A032
1.0,where,0.5558695732070904,0.6057468813010307,A033
1.0,where,0.7647419766797963,0.6057468813010307,A034
1.0,where,0.4565197059148494,0.6057468813010307,A035
1.0,where,0.6418642957247498,0.6057468813010307,A036
1.0,where,0.7052754441985077,0.6057468813010307,A037
1.0,where,0.7481542255231527,0.6057468813010307,A038
1.0,where,0.8847284050589572,0.6057468813010307,A039
1.0,where,0.32807030551685773,0.6057468813010307,A040
1.0,where,0.7258317696562007,0.6057468813010307,A041
1.0,where,0.2359788828457096,0.6057468813010307,A042
1.0,where,0.7180720205037401,0.6057468813010307,A043
1.0,where,0.3298599426789135,0.6057468813010307,A044
1.0,where,0.3567685133221365,0.6057468813010307,A045
1.0,where,0.33646022304807127,0.6057468813010307,A046
1.0,where,0.49237022370327593,0.6057468813010307,A047
1.0,where,0.6019669701585366,0.6057468813010307,A048
1.0,where,0.8298086561909488,0.6057468813010307,A049
1.0,where,0.3211929626852807,0.6057468813010307,A050
1.0,where,0.7792525721615677,0.6057468813010307,A051
1.0,where,0.4033759564942129,0.6057468813010307,A052
1.0,where,0.7264620749216405,0.6057468813010307,A053
1.0,where,0.5922833407050144,0.6057468813010307,A054
1.0,where,0.6075804271874274,0.6057468813010307,A055
1.0,where,0.47227740740132607,0.6057468813010307,A056
1.0,where,0.5204355304523877,0.6057468813010307,A057
1.0,where,0.7452999583094997,0.6057468813010307,A058
1.0,where,0.6574640033815707,0.6057468813010307,A059
1.0,where,0.6125778889223117,0.6057468813010307,A060
1.0,where,0.8871943652347368,0.6057468813010307,A061
1.0,where,0.8065385404752456,0.6057468813010307,A062
1.0,where,0.6379047971237698,0.6057468813010307,A063
1.0,where,0.6127615461809598,0.6057468813010307,A064
1.0,where,0.13069754871407746,0.6057468813010307,A065
1.0,where,0.5000692935738837,0.6057468813010307,A066
1.0,where,0.618368886005111,0.6057468813010307,A067
1.0,where,0.8477395642511955,0.6057468813010307,A068
1.0,where,0.3028518126275204,0.6057468813010307,A069
1.0,where,0.5144290121926518,0.6057468813010307,A070
1.0,where,0.7018101379249739,0.6057468813010307,A071
1.0,where,0.7950697055500947,0.6057468813010307,A072
1.0,where,0.7155930326251199,0.6057468813010307,A073
1.0,where,0.6932180782706907,0.6057468813010307,A074
1.0,where,0.7115156696753335,0.6057468813010307,A075
1.0,where,0.43705453745483325,0.6057468813010307,A076
1.0,where,0.6395808631550252,0.6057468813010307,A077
1.0,where,0.5697795201640083,0.6057468813010307,A078
1.0,where,0.7305192258873808,0.6057468813010307,A079
1.0,where,0.5337735129089145,0.6057468813010307,A080
1.0,where,0.5569937986572826,0.6057468813010307,A081
1.0,where,0.6269284178677395,0.6057468813010307,A082
1.0,where,0.7520665494339687,0.6057468813010307,A083
1.0,where,0.557126160611219,0.6057468813010307,A084
1.0,where,0.5220858012438665,0.6057468813010307,A085
1.0,where,0.7386000420100515,0.6057468813010307,A086
1.0,where,0.6516350867729882,0.6057468813010307,A087
1.0,where,0.8625284695056825,0.6057468813010307,A088
1.0,where,0.7758265741255683,0.6057468813010307,A089
1.0,where,0.5145935473113834,0.6057468813010307,A090
1.0,where,0.7066362415172336,0.6057468813010307,A091
1.0,where,0.47630125468926265,0.6057468813010307,A092
1.0,where,0.520619588167672,0.6057468813010307,A093
1.0,where,0.29175500056355735,0.6057468813010307,A094
1.0,where,0.7838978493500602,0.6057468813010307,A095
1.0,where,0.41321523884909545,0.6057468813010307,A096
1.0,where,0.49778047813510135,0.6057468813010307,A097
1.0,where,0.7179036215121474,0.6057468813010307,A098
1.0,where,0.6741556191787966,0.6057468813010307,A099
1.0,where,0.4916674847058434,0.6057468813010307,A100
1.0,where,0.45768130672022544,0.6057468813010307,A101
1.0,where,0.587846773916484,0.6057468813010307,A102
1.0,where,0.8288861409530367,0.6057468813010307,A103
1.0,where,0.7099723493973803,0.6057468813010307,A104
1.0,where,0.4906603629318623,0.6057468813010307,A105
1.0,where,0.6951292446518119,0.6057468813010307,A106
1.0,where,0.38752512031102254,0.6057468813010307,A107
1.0,where,0.4892093793521239,0.6057468813010307,A108
1.0,where,0.462356481994055,0.6057468813010307,A109
16.9,where,0.7163436916320847,0.5500154176749956,A054
17.16,where,0.44353301456560723,0.5492865399919349,A051
20.61,where,0.5617557614095303,0.5400109108158316,A017
21.63,where,0.5024521556110195,0.5374004123286218,A036
21.9,where,0.7262672070942839,0.536718820659964,A010
21.98,where,0.6694001458047695,0.5365176110640032,A063
22.09,where,0.5344841781160952,0.5362414994028372,A093
22.2,where,0.5200485233228596,0.535966023791575,A091
22.6,where,0.5289488706044754,0.5349696117785331,A104
22.64,where,0.5244427438229394,0.5348704259865392,A106
22.77,where,0.6357189994894068,0.534548639691606,A105
22.82,where,0.3888275610119603,0.5344251061796906,A028
22.83,where,0.27374375889042546,0.5344004148018845,A092
22.96,where,0.27561493727242004,0.5340798905705854,A058
22.98,where,0.5845273089743604,0.5340306554199328,A094
23.24,where,0.8211677882590651,0.5333924393043713,A055
23.33,where,0.780663954086057,0.5331723109976114,A025
23.35,where,0.2892920793578377,0.5331234486880428,A066
23.46,where,0.36303393866788863,0.5328550630538001,A047
23.47,where,0.4134867951473346,0.5328306942687854,A086
23.54,where,0.5025370992893341,0.5326602520032215,A090
23.69,where,0.7378162999944345,0.5322958365821777,A015
23.7,where,0.6379875841249765,0.532271581763038,A037
23.91,where,0.5418054010732334,0.5317633668705868,A048
24.15,where,0.6330949614250017,0.5311851903925967,A022
24.25,where,0.397374944483178,0.5309451089223123,A070
24.25,where,0.8133611865526723,0.5309451089223123,A088
24.32,where,0.3028000231475178,0.5307773392595985,A046
24.37,where,0.4448486601527896,0.5306576482678772,A097
24.49,where,0.42453446734677175,0.5303708796157021,A096
24.51,where,0.6789137262211394,0.5303231518944799,A085
24.57,where,0.5841500646072386,0.5301800833869338,A011
24.65,where,0.32281478144621917,0.529989592361539,A109
24.66,where,0.23991125119234413,0.5299658023964364,A045
24.73,where,0.41306594191869916,0.5297994056059971,A050
24.77,where,0.4997120873642999,0.5297044260388686,A013
24.78,where,0.2846415914422611,0.5296806929827483,A057
24.87,where,0.7433880457186293,0.5294673081405735,A060
24.96,where,0.11871352294674481,0.5292543051688325,A069
25.15,where,0.652317332534942,0.5288058804027397,A083
25.6,where,0.3129879842297964,0.527750516817875,A012
25.62,where,0.5534363131087672,0.5277038284803098,A043
25.63,where,0.2701553263349418,0.5276804911862325,A023
25.66,where,0.6878821712219595,0.527610506782175,A014
25.77,where,0.5026804742561376,0.527354249276387,A098
26.08,where,0.7208334051510041,0.5266350281750717,A034
26.11,where,0.34509836753725176,0.5265656566593866,A079
26.17,where,0.6573530152725091,0.5264270350659391,A078
26.22,where,0.237505623039999,0.5263116405436957,A107
26.26,where,0.3692381027460348,0.5262194055940961,A040
26.48,where,0.5112988867065287,0.5257133901979233,A026
26.85,where,0.38585170369791905,0.5248671995706186,A020
27.12,where,0.5043979384769576,0.5242534963828143,A049
27.25,where,0.3200761798899667,0.5239591386695575,A084
27.26,where,0.23551641699123796,0.5239365260133924,A103
27.3,where,0.3611387832466412,0.5238461185012458,A076
27.61,where,0.26347659692840886,0.5231477889595787,A108
27.97,where,0.6755452623783793,0.52234195818546,A082
28.26,where,0.421802329297884,0.5216967818166659,A027
28.43,where,0.37767221142465485,0.5213202038395749,A029
28.65,where,0.8079870245058713,0.5208346403759568,A039
28.68,where,0.689851567627071,0.5207685813651105,A075
28.69,where,0.2154451124434581,0.520746569892911,A019
28.75,where,0.787639020085429,0.5206145870377744,A099
28.93,where,0.2954365861541706,0.5202195202100119,A042
29.03,where,0.5266117242966637,0.5200006078473096,A080
29.12,where,0.36991329674943796,0.5198039328323208,A101
29.13,where,0.7452147031197808,0.5197821002457521,A102
29.16,where,0.5502174552597986,0.5197166266805112,A033
29.33,where,0.468671173546472,0.5193462936345871,A074
29.57,where,0.4317345232665993,0.5188254394137434,A024
29.71,where,0.2924014949162118,0.5185226654564952,A095
29.91,where,0.20250276839854947,0.5180914740447643,A067
30.21,where,0.5467923438154414,0.5174476271221278,A021
30.4,where,0.5608796772143636,0.5170416677934985,A059
30.49,where,0.29200613148505394,0.5168498580354708,A068
30.92,where,0.5958519675063932,0.5159377177250857,A071
31.07,where,0.7808358026591952,0.5156211834236935,A087
31.14,where,0.6636106688739551,0.5154737580635201,A100
31.39,where,0.4786648859302316,0.5149487407489938,A081
31.76,where,0.4617244828111805,0.5141759881882341,A052
31.78,where,0.2410487590037792,0.514134362026351,A041
32.14,where,0.642822562932695,0.5133875997747723,A089
32.31,where,0.3950707766310433,0.5130366041906989,A065
32.41,where,0.4723842330126682,0.5128306248502593,A031
32.71,where,0.8375925148549807,0.5122148449078398,A053
32.85,where,0.698079474565721,0.5119285821448386,A016
32.95,where,0.6944122712283847,0.5117245352331189,A030
33.61,where,0.5997058195171209,0.5103866516630705,A056
33.76,where,0.5486369134409453,0.5100847039238342,A072
34.03,where,0.55061151915878,0.5095431504642581,A018
35.16,where,0.6534527021716876,0.5073034364167169,A061
37.65,where,0.7063037120287148,0.5025146219722737,A064
44.69,where,0.45745475231606636,0.4899547399827955,A062
44.76,where,0.6245479529103437,0.4898364654731058,A035
47.66,where,0.30561721387459917,0.4850405836454159,A044
53.88,where,0.36763758771695376,0.475386642707117,A077
57.18,where,0.44049910866543057,0.47057982905816165,A032
61.28,where,0.43874964876861566,0.4648800314462324,A017
64.94,where,0.5398141927462631,0.4600259983683677,A043
65.63,where,0.41733462640738533,0.4591341102206752,A051
66.08,where,0.546778515840229,0.4585562749458406,A106
66.28,where,0.6201046044077798,0.4583004207505289,A058
66.66,where,0.4795707580645886,0.45781591589103804,A073
66.9,where,0.34115915813478487,0.4575109988979659,A073
68.96,where,0.5135997927902585,0.45492772887517896,A108
69.46,where,0.4292776075986448,0.45430971070677173,A105
69.99,where,0.5350338810975707,0.4536583633476986,A063
70.22,where,0.608086085722381,0.4533768941391314,A093
70.56,where,0.44884160274070994,0.4529621196866647,A014
70.59,where,0.7717359057037378,0.45292559669011395,A015
70.83,where,0.7448793505805433,0.452633847273542,A097
71.17,where,0.4314472038444352,0.45222185255132674,A109
71.19,where,0.1287455539328929,0.45219766545474044,A096
71.28,where,0.1897190968844872,0.4520888891634087,A040
71.31,where,0.5045103237641337,0.4520526542472207,A092
71.37,where,0.16537671905590354,0.4519802201425077,A075
71.4,where,0.5010411279090955,0.4519440209394324,A085
71.45,where,0.25701300555843276,0.45188371535256994,A107
71.46,where,0.369187788304564,0.4518716581955176,A056
71.47,where,0.4972760047749867,0.45185960235794537,A036
71.56,where,0.6610572067437671,0.45175115915212977,A031
71.85,where,0.44503528523929636,0.45140245562010156,A038
71.93,where,0.5125232629494069,0.4513064555603146,A030
72.08,where,0.5014510484439316,0.4511266807908125,A037
72.17,where,0.412598779620246,0.451018956708938,A042
72.2,where,0.42534350536225,0.45098307210228,A023
72.23,where,0.22706873539094433,0.45094719919411247,A045
72.26,where,0.5443470477845855,0.45091133797734906,A028
72.3,where,0.2933481391560841,0.45086354119605704,A078
72.55,where,0.4165505635703314,0.45056528088874304,A011
72.6,where,0.663926555643604,0.450505725759212,A033
72.62,where,0.6387777766003185,0.4504819127349595,A104
72.8,where,0.48186295771612214,0.4502678272652583,A087
72.83,where,0.5291955774682101,0.4502321868471932,A054
72.86,where,0.799294825857523,0.4501965579801321,A038
72.87,where,0.5812061158413546,0.4501846842567993,A080
72.94,where,0.38865496730558957,0.45010160408667754,A025
73.02,where,0.4275957875833923,0.45000673215260784,A074
73.05,where,0.23611332858579084,0.44997117628066774,A046
73.19,where,0.18165251707969854,0.44980540082422976,A067
73.64,where,0.40412895351154743,0.44927423918302045,A091
73.79,where,0.2236412026541155,0.4490977547087667,A066
73.83,where,0.3357628121586408,0.4490507400613793,A057
74.0,where,0.3252171076143716,0.44885115217957505,A079
74.19,where,0.5961665527622668,0.44862851211845717,A021
74.28,where,0.49649805671687075,0.44852320852723565,A034
74.3,where,0.6553936385869338,0.4484998214511188,A083
74.46,where,0.5009022206797217,0.44831290415505964,A022
74.48,where,0.410516824885383,0.44828956187762337,A055
74.58,where,0.4387004409925123,0.44817292496813677,A027
74.88,where,0.387684788326738,0.44782375696220855,A076
74.91,where,0.5973632405846576,0.4477889012632697,A088
75.21,where,0.13962655089785134,0.4474409527698883,A101
75.27,where,0.4534682183484409,0.4473714954952492,A102
75.34,where,0.4652379141800898,0.44729051764111105,A100
75.46,where,0.6852284650911407,0.4471518376230969,A026
75.71,where,0.5738581341334917,0.44686348387683816,A082
75.74,where,0.5803532297253403,0.44682893241677707,A041
76.21,where,0.33968684436538626,0.4462890457588149,A094
76.85,where,0.27490878341572195,0.44555814063617155,A047
78.25,where,0.2993599975368626,0.4439761362747051,A020
78.28,where,0.3964741151798103,0.4439424859548032,A053
78.36,where,0.5083638266928083,0.44385280251190773,A077
78.57,where,0.4429855132545006,0.44361773392951387,A099
78.76,where,0.3250817184593542,0.4434054888510491,A095
78.84,where,0.8139329576971331,0.4433162460472112,A098
79.34,where,0.6145473640309611,0.44276012917687596,A089
79.66,where,0.47350672972082253,0.4424056994856481,A013
79.75,where,0.35037351509462783,0.4423062237846337,A069
79.78,where,0.7630881805557496,0.4422730854202059,A059
79.96,where,0.29810956016249657,0.4420744669620525,A071
79.98,where,0.38764662609446116,0.44205242061733346,A035
80.13,where,0.7556040896266614,0.4418872153466572,A081
80.16,where,0.506982841608174,0.44185420439207396,A032
80.24,where,0.28320713879591053,0.44176622415129874,A103
80.64,where,0.5416467246838211,0.4413273880210266,A016
80.88,where,0.5345972212319499,0.44106493458799834,A010
80.98,where,0.3709211535752815,0.4409557658907625,A052
81.15,where,0.4434984507416032,0.44077043062260385,A048
81.92,where,0.3456663562554012,0.4399349116426282,A070
82.55,where,0.6757855101271611,0.43925606105522313,A061
82.98,where,0.5758099401875824,0.43879514884348747,A068
82.99,where,0.4015867923033897,0.4387844532617873,A064
83.54,where,0.3923808282097039,0.4381978179436715,A072
83.64,where,0.4324324251023582,0.4380914978432568,A018
83.68,where,0.19624556343947316,0.4380489990472216,A019
91.47,where,0.5343858797578646,0.4300763426754727,A024
91.63,where,0.269436071103402,0.4299186403824947,A044
91.97,where,0.6796348559192673,0.42958429339301435,A084
92.72,where,0.49371108346649756,0.4288504418447614,A062
93.26,where,0.8323093756815813,0.4283251746456923,A029
93.39,where,0.40399098270981487,0.4281991066968483,A050
94.68,where,0.509315022680111,0.42695613919810327,A060
95.42,where,0.3290073939817119,0.426249613198711,A090
98.84,where,0.6692108032480304,0.4230440142196876,A039
106.41,where,0.19369307802993402,0.4162765856704491,A065
111.38,where,0.46495856340654235,0.41205971486123666,A049
136.83,where,0.6389153690642456,0.3928131954749416,A054
137.74,where,0.305709180479299,0.3921880517108615,A025
138.91,where,0.276996267178956,0.3913899578939931,A028
140.08,where,0.1709103106862765,0.39059814962712575,A078
140.12,where,0.6732434731241405,0.3905711892972741,A073
140.22,where,0.142214447645978,0.3905038201317939,A069
140.39,where,0.6166688817230351,0.39038939621616736,A021
140.49,where,0.6407530287619295,0.39032214891845335,A017
140.95,where,0.5761437856957327,0.390013390542219,A093
141.09,where,0.29974827067869314,0.38991960893236294,A063
141.71,where,0.3880335552250075,0.3895053416046398,A022
141.84,where,0.5576215980788416,0.38941869583687433,A041
142.61,where,0.28998711674872435,0.38890701735576333,A091
143.14,where,0.7577169774197914,0.38855633656562266,A029
143.48,where,0.2442254699516036,0.3883320170286205,A058
143.51,where,0.7896557774816471,0.3883122482635659,A099
143.53,where,0.22432880324883486,0.3882990712578178,A040
143.66,where,0.3832202703483996,0.3882134630236077,A037
143.66,where,0.19507118269450424,0.3882134630236077,A096
143.85,where,0.330488794128304,0.3880884750165755,A031
143.85,where,0.22178241329227139,0.3880884750165755,A036
143.91,where,0.5410391220674419,0.388049037566985,A060
144.07,where,0.25380402967195237,0.38794394705332896,A090
144.19,where,0.20875920686830732,0.3878652016329052,A067
144.2,where,0.547758532844948,0.38785864231499334,A087
144.22,where,0.1538132049456567,0.3878455249709155,A047
144.51,where,0.7674235052390436,0.3876555167818164,A032
144.85,where,0.4960936359372574,0.38743320793617836,A097
144.91,where,0.5210071471411807,0.38739402829305675,A083
145.06,where,0.29922924588805033,0.38729614640835797,A057
145.07,where,0.45706764788352466,0.3872896243609047,A023
145.29,where,0.3416265315678546,0.38714624704397843,A086
145.31,where,0.5159519518951448,0.3871332229514833,A010
145.38,where,0.4895738957640129,0.3870876520106677,A034
145.65,where,0.25403891404580603,0.38691207311234577,A024
145.77,where,0.27951553233229376,0.3868341371403018,A080
145.78,where,0.15176878008227568,0.38682764522422114,A020
145.78,where,0.14661408624455527,0.38682764522422114,A104
145.92,where,0.4263435864025676,0.3867368027466669,A027
145.95,where,0.29146928699508057,0.3867173472639482,A107
146.02,where,0.281222372632126,0.38667196589563263,A042
146.16,where,0.2241470835401597,0.3865812650840508,A092
146.2,where,0.4375143519234294,0.38655536571682586,A105
146.29,where,0.4245523970111057,0.38649711673372544,A098
146.3,where,0.4832472577858287,0.38649064672531164,A048
146.54,where,0.6548127782864755,0.38633549240387555,A015
146.56,where,0.5248042784474198,0.386322573775141,A061
146.8,where,0.41509432238450106,0.38616768074993657,A100
146.96,where,0.5912747691065148,0.386064552378606,A089
146.99,where,0.3073617443048928,0.38604522769168786,A051
147.13,where,0.3729100000524793,0.38595509537068456,A013
147.13,where,0.5437013944982559,0.38595509537068456,A106
147.21,where,0.26880777044357224,0.38590362779429915,A074
147.65,where,0.4066485512016886,0.38562103078667725,A026
147.84,where,0.2882934336168934,0.3854992478979497,A056
147.94,where,0.4280640018137961,0.38543521146531257,A046
148.69,where,0.2708663975283904,0.3849562480061008,A050
148.79,where,0.15696390972317828,0.38489256020435236,A095
148.85,where,0.3885017240424417,0.38485436710474963,A011
148.87,where,0.41220767446022105,0.3848416393328408,A014
148.9,where,0.44930474691194205,0.3848225507311325,A053
149.18,where,0.23443651707171886,0.3846445670716034,A062
149.2,where,0.22056700113128963,0.384631866146407,A070
149.21,where,0.2775516299642366,0.3846255162927429,A055
149.28,where,0.14809792589208373,0.3845810786794583,A076
149.33,where,0.41373980656948767,0.3845493496949401,A043
149.72,where,0.24583637186022717,0.38430221092892625,A103
149.75,where,0.4855195591013613,0.38428322571028056,A077
149.87,where,0.3629541460259767,0.3842073211250338,A109
149.93,where,0.7735168949669085,0.3841693905883479,A088
149.99,where,0.21329368366726995,0.3841314745421774,A094
150.22,where,0.38732712418028986,0.3839862637557976,A101
150.41,where,0.4384702362448245,0.3838664671088761,A102
150.46,where,0.5795386297722982,0.38383496570551734,A030
150.8,where,0.29369028103892586,0.3836210211022663,A016
150.87,where,0.4144112193800613,0.3835770309261798,A018
151.52,where,0.20412282946477706,0.3831694803543223,A045
151.93,where,0.46838307809054985,0.38291326955121363,A059
152.12,where,0.35074296249794307,0.38279476210962377,A108
152.47,where,0.3473467980245461,0.3825768296018303,A035
152.89,where,0.5893619765264811,0.38231594254030465,A038
153.27,where,0.34987271888454025,0.3820804933102089,A052
153.27,where,0.5081699606076397,0.3820804933102089,A071
154.53,where,0.5515361605352944,0.3813037822275826,A081
154.76,where,0.13740355633808551,0.3811626585210489,A019
154.89,where,0.365312435006848,0.38108298210700575,A072
155.27,where,0.14330790026507687,0.380850450004064,A044
155.59,where,0.4888226246729933,0.38065505773028496,A068
156.21,where,0.3536158109140512,0.3802775835169289,A064
162.51,where,0.4814089716940202,0.3765219499462252,A084
164.93,where,0.28164264179416637,0.3751167274163014,A066
166.33,where,0.5893549319874968,0.3743129291472119,A012
166.87,where,0.46619400330329813,0.37400465545323774,A012
168.33,where,0.2789196149434722,0.3731760293243547,A033
168.86,where,0.5333843832786899,0.37287696458754543,A049
169.55,where,0.2064268514741596,0.3724889902405316,A086
170.25,where,0.4938849147146194,0.3720969706903996,A082
170.65,where,0.5665711062319277,0.3718736684890187,A085
187.43,where,0.2701859202680349,0.36294350601995623,A065
194.42,where,0.31211289899707856,0.3594562503634898,A079
244.53,where,0.34003521840798034,0.337668993475044,A075
246.24,where,0.6909720261428514,0.33700962612740465,A039
