UID,test,composite_ID,TSVR_hours,theta_accuracy,se_accuracy,theta_confidence,se_confidence,z_theta_accuracy,z_theta_confidence
A010,T1,A010_T1,1.0,2.7277744,,-0.13905293,0.033312414,2.8830530689398013,1.1420481607901403
A010,T2,A010_T2,21.9,0.4830945,,-0.483975,0.033312414,0.5052076791127328,0.34420536130340024
A010,T3,A010_T3,80.88,-0.063471645,,-0.68631816,0.033312414,-0.07378346707421485,-0.12383669014141849
A010,T4,A010_T4,145.31,0.7356485,,-0.68651795,0.033312414,0.7727444288214043,-0.12429882645212045
A011,T1,A011_T1,1.0,0.99576205,,0.1330746,0.033312414,1.0482891983446903,1.7715091586109284
A011,T2,A011_T2,24.57,0.40040046,,-0.600107,0.033312414,0.4176078205403924,0.07557923369725995
A011,T3,A011_T3,72.55,-0.62277347,,-0.56184554,0.033312414,-0.6662658366531093,0.1640822116564549
A011,T4,A011_T4,148.85,-0.48618072,,-1.3168331,0.033312414,-0.521569730597497,-1.582287304356432
A012,T1,A012_T1,1.0,1.5109797,,-0.09271885,0.033312414,1.594072102094145,1.2492239993754837
A012,T2,A012_T2,25.6,-0.3742091,,-0.73501015,0.033312414,-0.40295540148604175,-0.2364666346798482
A012,T3,A012_T3,166.33,0.8594104,,-0.4385995,0.033312414,0.9038484955309777,0.4491638985988264
A012,T4,A012_T4,166.87,-0.57650775,,-0.81121576,0.033312414,-0.6172554058077001,-0.4127386175628068
A013,T1,A013_T1,1.0,0.2579466,,-0.5214896,0.033312414,0.26670289451326906,0.257429952917311
A013,T2,A013_T2,24.77,-0.576954,,-0.8025816,0.033312414,-0.6177281295600757,-0.39276685296793357
A013,T3,A013_T3,79.66,0.15941933,,-0.57931006,0.033312414,0.16233050059565665,0.12368485022205278
A013,T4,A013_T4,147.13,-0.50066453,,-1.0235835,0.033312414,-0.5369127916885822,-0.9039686284527222
A014,T1,A014_T1,1.0,0.9670465,,-0.13213211,0.033312414,1.0178701001989596,1.1580567809504674
A014,T2,A014_T2,25.66,1.7351536,,-0.22750956,0.033312414,1.8315451042066309,0.9374382171226829
A014,T3,A014_T3,70.56,0.37096328,,-0.47540674,0.033312414,0.3864242817416044,0.3640246919282288
A014,T4,A014_T4,148.87,-0.60555935,,-0.9524173,0.033312414,-0.6480304900979368,-0.7393533568441725
A015,T1,A015_T1,1.0,1.7906865,,0.17578323,0.033312414,1.8903724899059138,1.8702989313890042
A015,T2,A015_T2,23.69,1.9530646,,-0.33134136,0.033312414,2.0623836601818533,0.6972638090665465
A015,T3,A015_T3,70.59,1.7458305,,-0.14433615,0.033312414,1.8428554106082895,1.129827490088772
A015,T4,A015_T4,146.54,0.74841046,,-0.5226083,0.033312414,0.7862634912726506,0.25484227640306
A016,T1,A016_T1,1.0,1.3865802,,-0.3108059,0.033312414,1.462292609805827,0.744764593505037
A016,T2,A016_T2,32.85,0.23833106,,-0.9208703,0.033312414,0.24592366387197875,-0.6663816655998047
A016,T3,A016_T3,80.64,-0.063229874,,-0.775769,0.033312414,-0.07352735302528347,-0.33074635121947155
A016,T4,A016_T4,150.8,-1.1086501,,-1.2670994,0.033312414,-1.1809670662895544,-1.4672477696672377
A017,T1,A017_T1,1.0,-0.12061626,,-0.1695174,0.033312414,-0.13431818266158782,1.0715804808597726
A017,T2,A017_T2,20.61,1.2353034,,0.28766757,0.033312414,1.302041323434086,2.1290997528160767
A017,T3,A017_T3,61.28,0.18662216,,0.24563572,0.033312414,0.1911471367252667,2.0318754468399276
A017,T4,A017_T4,140.49,0.04002261,,-0.0076715588,0.033312414,0.0358505779071373,1.4459477662825186
A018,T1,A018_T1,1.0,0.34396127,,-0.12740232,0.033312414,0.3578203792455004,1.168997307007801
A018,T2,A018_T2,34.03,-0.10368377,,-0.3386591,0.033312414,-0.11638117378794262,0.6803370691582649
A018,T3,A018_T3,83.64,-0.6740158,,-0.4846632,0.033312414,-0.7205481145647604,0.3426134787816272
A018,T4,A018_T4,150.87,0.015628511,,-0.6635811,0.033312414,0.010009300562365287,-0.07124336202385861
A019,T1,A019_T1,1.0,-0.44238952,,-2.0066547,0.033312414,-0.4751806204909757,-3.177920765823314
A019,T2,A019_T2,28.69,-1.233944,,-1.936245,0.033312414,-1.3136940188000008,-3.0150553621713487
A019,T3,A019_T3,83.68,-1.1916012,,-2.2414632,0.033312414,-1.268839234929762,-3.721058730243168
A019,T4,A019_T4,154.76,-1.652823,,-0.9828369,0.033312414,-1.7574229883717303,-0.8097172475145109
A020,T1,A020_T1,1.0,-0.036810145,,-0.20167366,0.033312414,-0.04554027531182843,0.9971995040222411
A020,T2,A020_T2,26.85,-0.4131784,,-0.3446548,0.033312414,-0.44423655268706064,0.6664683536165698
A020,T3,A020_T3,78.25,-0.9177355,,-1.0575721,0.033312414,-0.978726469997549,-0.982588009852802
A020,T4,A020_T4,145.78,-2.2843106,,-1.261497,0.033312414,-2.4263735493817697,-1.4542888004141412
A021,T1,A021_T1,1.0,1.366235,,-0.3146922,0.033312414,1.440740432132249,0.7357751528709677
A021,T2,A021_T2,30.21,0.648662,,-0.41681358,0.033312414,0.6805974603373044,0.4995571349672447
A021,T3,A021_T3,74.19,0.3772473,,-0.60466605,0.033312414,0.39308110082150133,0.06503364809585141
A021,T4,A021_T4,140.39,0.77024406,,-0.09706275,0.033312414,0.8093923681799229,1.2391760794592823
A022,T1,A022_T1,1.0,0.1020859,,-0.81380814,0.033312414,0.10159576857062584,-0.41873507849246977
A022,T2,A022_T2,24.15,0.4643598,,-1.6027367,0.033312414,0.4853615442474484,-2.2436138718542353
A022,T3,A022_T3,74.46,-0.11233316,,-0.83548737,0.033312414,-0.12554368829003995,-0.46888152912091713
A022,T4,A022_T4,141.71,0.0056279004,,-1.0474674,0.033312414,-0.0005845956143972509,-0.9592147240089193
A023,T1,A023_T1,1.0,0.8812526,,-0.49011907,0.033312414,0.9269864826326936,0.329993449583624
A023,T2,A023_T2,25.63,-0.48242265,,-0.39423442,0.033312414,-0.5175887133379102,0.5517852229653802
A023,T3,A023_T3,72.2,0.13040453,,-0.5714011,0.033312414,0.13159439946303883,0.14197914721333726
A023,T4,A023_T4,145.07,0.004668119,,-0.39642394,0.033312414,-0.0016013159838502715,0.5467206216589685
A024,T1,A024_T1,1.0,0.33348504,,-0.5055459,0.033312414,0.34672264757860755,0.2943094899158473
A024,T2,A024_T2,29.57,0.10314593,,-0.64316475,0.033312414,0.10271868478178733,-0.024018092155504954
A024,T3,A024_T3,91.47,0.1529355,,-0.6282593,0.033312414,0.1554620178004383,0.010459858053971694
A024,T4,A024_T4,145.65,-0.7700928,,-0.67857015,0.033312414,-0.8223248763731659,-0.10591468825603238
A025,T1,A025_T1,1.0,0.99917114,,-0.18618394,0.033312414,1.0519005323883575,1.0330289351980013
A025,T2,A025_T2,23.33,1.6789465,,-0.5896764,0.033312414,1.7720035216359715,0.09970636219421683
A025,T3,A025_T3,72.94,-0.15189764,,-1.284663,0.033312414,-0.16745532850604816,-1.507874314072081
A025,T4,A025_T4,137.74,-1.1388493,,-1.0751715,0.033312414,-1.2129578318755363,-1.0232973636070772
A026,T1,A026_T1,1.0,1.0569059,,-0.36186954,0.033312414,1.1130604032896705,0.6266487608777335
A026,T2,A026_T2,26.48,0.062489662,,-0.53927004,0.033312414,0.05965048631332253,0.21630183367082143
A026,T3,A026_T3,75.46,0.7757372,,-0.5248772,0.033312414,0.8152113883549932,0.24959406039949875
A026,T4,A026_T4,147.65,-0.26765063,,-0.3616829,0.033312414,-0.29007535714808247,0.6270804797877361
A027,T1,A027_T1,1.0,0.9770042,,-0.21083377,0.033312414,1.0284185401071537,0.9760111590549083
A027,T2,A027_T2,28.26,0.3337341,,-0.37666333,0.033312414,0.34698648304699226,0.5924290925665148
A027,T3,A027_T3,74.58,-0.7031997,,-0.97083545,0.033312414,-0.7514633475439367,-0.7819565696724113
A027,T4,A027_T4,145.92,-0.8390413,,-1.0949106,0.033312414,-0.8953637416744017,-1.0689560795116546
A028,T1,A028_T1,1.0,1.5710772,,0.11992493,0.033312414,1.6577348823930786,1.741092521237951
A028,T2,A028_T2,22.82,-0.19436406,,-0.30235586,0.033312414,-0.21244106612478836,0.7643104682279127
A028,T3,A028_T3,72.26,-0.0985842,,-0.49256283,0.033312414,-0.1109790721276567,0.32434076310962207
A028,T4,A028_T4,138.91,-0.7637951,,-0.8265561,0.033312414,-0.815653565728154,-0.44822251631906346
A029,T1,A029_T1,1.0,1.7016916,,0.15784328,0.033312414,1.796097973221766,1.8288018479154757
A029,T2,A029_T2,28.43,0.3401657,,-0.3178071,0.033312414,0.35379963730084013,0.7285700455372408
A029,T3,A029_T3,93.26,1.2822845,,-0.24579473,0.033312414,1.3518095741517069,0.8951426017047107
A029,T4,A029_T4,143.14,0.7683035,,-0.6789598,0.033312414,0.8073366845834855,-0.1068159916919651
A030,T1,A030_T1,1.0,0.33380765,,-0.5649794,0.033312414,0.3470643963959833,0.15683324775107318
A030,T2,A030_T2,32.95,1.2043047,,-0.32012805,0.033312414,1.2692036275623348,0.7232014321415577
A030,T3,A030_T3,71.93,-0.12868379,,-0.6057995,0.033312414,-0.14286431835683394,0.062411853204389925
A030,T4,A030_T4,150.46,0.33196774,,-0.7230972,0.033312414,0.34511533385428333,-0.2089106671010105
A031,T1,A031_T1,1.0,2.2557483,,0.26328957,0.033312414,2.383024051099418,2.072710749451091
A031,T2,A031_T2,32.41,0.018638758,,-0.29601982,0.033312414,0.013198130270864373,0.7789664277356936
A031,T3,A031_T3,71.56,-0.04251805,,-0.7246792,0.033312414,-0.051586801406627456,-0.21257000762621375
A031,T4,A031_T4,143.85,-0.57443035,,-1.3181441,0.033312414,-0.6150547641871168,-1.585319791985093
A032,T1,A032_T1,1.0,0.8067235,,-0.3430531,0.033312414,0.8480359485975465,0.6701732624150641
A032,T2,A032_T2,57.18,-0.12246857,,-0.47822228,0.033312414,-0.1362803808324854,0.35751203729970094
A032,T3,A032_T3,80.16,0.6580906,,-0.64968324,0.033312414,0.6905854114222335,-0.03909607864105038
A032,T4,A032_T4,144.51,1.5530372,,-0.81169164,0.033312414,1.638624660560344,-0.41383938050157676
A033,T1,A033_T1,1.0,0.43369794,,-0.31503958,0.033312414,0.4528806713869024,0.7349716246082337
A033,T2,A033_T2,29.16,0.5100616,,-0.66543496,0.033312414,0.5337746005753456,-0.07553154472047896
A033,T3,A033_T3,72.6,0.9657034,,-0.22533582,0.033312414,1.016447320878364,0.9424663175482554
A033,T4,A033_T4,168.33,-0.40873924,,-0.6513037,0.033312414,-0.4395340398072934,-0.04284438138913582
A034,T1,A034_T1,1.0,2.0359054,,0.070721015,0.033312414,2.1501389852816977,1.627278437699291
A034,T2,A034_T2,26.08,0.65717703,,0.107155256,0.033312414,0.6896176439410955,1.7115548565338832
A034,T3,A034_T3,74.28,-0.10081277,,-0.19132395,0.033312414,-0.11333985189870867,1.0211395250254662
A034,T4,A034_T4,145.38,-0.1552254,,-0.76067644,0.033312414,-0.1709805076527278,-0.2958355949381422
A035,T1,A035_T1,1.0,-0.06479133,,-0.42354158,0.033312414,-0.07518144230145055,0.48399452873869353
A035,T2,A035_T2,44.76,0.7425775,,-0.41725877,0.033312414,0.7800844912980682,0.49852736138417564
A035,T3,A035_T3,79.98,-0.4961729,,-0.8161883,0.033312414,-0.53215469602946,-0.4242406511501612
A035,T4,A035_T4,152.47,-0.98961914,,-0.99934804,0.033312414,-1.0548746022893687,-0.8479093358326562
A036,T1,A036_T1,1.0,1.3283472,,-1.2653807,0.033312414,1.4006049408487524,-1.4632722269613798
A036,T2,A036_T2,21.63,-0.15242939,,-1.0273318,0.033312414,-0.16801862454039165,-0.9126388598627221
A036,T3,A036_T3,71.47,-0.39740184,,-1.4433892,0.033312414,-0.42752404928587184,-1.8750255252424535
A036,T4,A036_T4,143.85,-1.0100961,,-1.5601645,0.033312414,-1.0765663566164214,-2.1451396767170285
A037,T1,A037_T1,1.0,1.1801162,,-0.08707868,0.033312414,1.2435801463649347,1.2622703348053423
A037,T2,A037_T2,23.7,1.2522094,,-0.18395871,0.033312414,1.319950270790195,1.0381761376739167
A037,T3,A037_T3,72.08,0.29365978,,-0.68357,0.033312414,0.3045347566059729,-0.11747989288620812
A037,T4,A037_T4,143.66,-0.16601759,,-0.79580086,0.033312414,-0.18241294362617672,-0.3770822533011402
A038,T1,A038_T1,1.0,1.2059275,,-0.2467488,0.033312414,1.2709227000673329,0.8929357325423334
A038,T2,A038_T2,71.85,-0.16850944,,-0.44835788,0.033312414,-0.18505262246619336,0.42659168912073925
A038,T3,A038_T3,72.86,0.9667946,,-0.4034849,0.033312414,1.0176032562477586,0.5303878422184883
A038,T4,A038_T4,152.89,-0.017467948,,-0.23959932,0.033312414,-0.025050603726326653,0.909473268508282
A039,T1,A039_T1,1.0,2.174663,,0.1412702,0.033312414,2.2971283709234847,1.79046648554415
A039,T2,A039_T2,28.65,1.3026897,,0.119720794,0.033312414,1.3734253113214028,1.7406203321498013
A039,T3,A039_T3,98.84,0.567675,,-0.14256553,0.033312414,0.5948059118025113,1.13392312948241
A039,T4,A039_T4,246.24,0.72307914,,-0.52121466,0.033312414,0.7594293923526958,0.2580659194685115
A040,T1,A040_T1,1.0,-0.5069201,,-0.598243,0.033312414,-0.5435394729740699,0.07989087133251845
A040,T2,A040_T2,26.26,0.14172223,,-0.44592965,0.033312414,0.14358352128323504,0.43220845299148164
A040,T3,A040_T3,71.28,-1.6828778,,-0.73125327,0.033312414,-1.7892607874370556,-0.22777655678330824
A040,T4,A040_T4,143.53,-1.6119773,,-0.4674195,0.033312414,-1.7141541198621224,0.38250005919531166
A041,T1,A041_T1,1.0,1.1962991,,0.011227685,0.033312414,1.2607230958603317,1.4896638021441104
A041,T2,A041_T2,31.78,-1.1736511,,-0.3039493,0.033312414,-1.2498242464087106,0.760624665720656
A041,T3,A041_T3,75.74,0.2872409,,-0.28749505,0.033312414,0.29773507696530205,0.7986851611927338
A041,T4,A041_T4,141.84,0.1290578,,-0.5819944,0.033312414,0.13016777479292804,0.11747567566742284
A042,T1,A042_T1,1.0,-0.8806226,,-0.79731315,0.033312414,-0.939411849606413,-0.3805803469059819
A042,T2,A042_T2,28.93,-0.99250966,,-1.1420015,0.033312414,-1.0579366022013394,-1.1778825262488843
A042,T3,A042_T3,72.17,-0.17139933,,-0.847396,0.033312414,-0.18811395500345504,-0.49642750406317543
A042,T4,A042_T4,146.02,-1.260689,,-0.7720472,0.033312414,-1.3420256641944843,-0.3221374172329344
A043,T1,A043_T1,1.0,1.0349586,,0.3001954,0.033312414,1.089811081137255,2.158078005668073
A043,T2,A043_T2,25.62,0.5667534,,0.1664338,0.033312414,0.5938296379421426,1.8486726683760129
A043,T3,A043_T3,64.94,0.56906503,,-0.17432076,0.033312414,0.5962784052423202,1.0604697792762452
A043,T4,A043_T4,149.33,-0.36708274,,-0.558808,0.033312414,-0.3954062706401479,0.17110837677587726
A044,T1,A044_T1,1.0,-0.0888245,,-1.06982,0.033312414,-0.10064037855665124,-1.0109187537331041
A044,T2,A044_T2,47.66,-0.37333766,,-0.96534085,0.033312414,-0.4020322633644277,-0.7692469537117398
A044,T3,A044_T3,91.63,-1.308094,,-1.1876827,0.033312414,-1.3922429627521775,-1.2835481813689347
A044,T4,A044_T4,155.27,-1.7971689,,-1.5655587,0.033312414,-1.9103321995494305,-2.1576170564016377
A045,T1,A045_T1,1.0,-0.9017756,,-0.8722971,0.033312414,-0.961819749962723,-0.5540264954362101
A045,T2,A045_T2,24.66,-1.0143217,,-0.6572311,0.033312414,-1.081042640063007,-0.056555111496019494
A045,T3,A045_T3,72.23,-1.1242429,,-1.0510488,0.033312414,-1.1974849081406334,-0.9674988973066206
A045,T4,A045_T4,151.52,-1.2476392,,-0.6715156,0.033312414,-1.3282016856538625,-0.08959673585269914
A046,T1,A046_T1,1.0,-0.7687857,,-0.6608937,0.033312414,-0.8209402327502409,-0.06502710935165161
A046,T2,A046_T2,24.32,-1.3034526,,-1.000125,0.033312414,-1.3873262119974958,-0.8497065300263741
A046,T3,A046_T3,73.05,-1.624248,,-1.4650033,0.033312414,-1.7271527783456555,-1.9250213229958022
A046,T4,A046_T4,147.94,-1.154563,,-1.5674849,0.033312414,-1.2296037461112925,-2.1620725694987595
A047,T1,A047_T1,1.0,-0.7466336,,-0.57797015,0.033312414,-0.7974739608510768,0.12678420987004596
A047,T2,A047_T2,23.46,-0.5145792,,-0.80200624,0.033312414,-0.5516529485859933,-0.3914359818145953
A047,T3,A047_T3,76.85,-1.2429395,,-1.3837919,0.033312414,-1.3232231762554534,-1.7371703956073712
A047,T4,A047_T4,144.22,-1.600209,,-1.6884255,0.033312414,-1.701687666226082,-2.4418215193865005
A048,T1,A048_T1,1.0,1.0764405,,-0.29754767,0.033312414,1.1337538921706978,0.7754323421342828
A048,T2,A048_T2,23.91,-0.06019045,,-0.4682938,0.033312414,-0.07030761539314725,0.3804777068431086
A048,T3,A048_T3,81.15,0.14282681,,-0.55355513,0.033312414,0.14475363042026396,0.18325884457905345
A048,T4,A048_T4,146.3,0.09614354,,-0.6172761,0.033312414,0.09530087844812206,0.035865211313398496
A049,T1,A049_T1,1.0,2.1010969,,0.015095141,0.033312414,2.2191979668010275,1.498609654527322
A049,T2,A049_T2,27.12,-0.5321013,,-0.5101858,0.033312414,-0.5702145460347382,0.2835768893451197
A049,T3,A049_T3,111.38,0.37812865,,-0.24321106,0.033312414,0.3940147368532242,0.9011189154434919
A049,T4,A049_T4,168.86,0.034191336,,-0.5534761,0.033312414,0.029673363954395775,0.18344164968759122
A050,T1,A050_T1,1.0,-0.39878848,,-0.332139,0.033312414,-0.4289929516141503,0.6954187797514243
A050,T2,A050_T2,24.73,-0.71372736,,-0.4592812,0.033312414,-0.762615560292252,0.40132484490723475
A050,T3,A050_T3,93.39,-0.9261868,,-0.8918068,0.033312414,-0.9876791428232135,-0.5991545838335296
A050,T4,A050_T4,148.69,-1.1381246,,-0.8248155,0.033312414,-1.2121901390949277,-0.4441963164972121
A051,T1,A051_T1,1.0,1.5230782,,-0.13511,0.033312414,1.6068883448238203,1.151168592861594
A051,T2,A051_T2,17.16,-0.30774206,,-0.09387231,0.033312414,-0.33254520863874476,1.2465559191465325
A051,T3,A051_T3,65.63,-0.6520249,,-0.7147496,0.033312414,-0.6972526058451661,-0.1896017473992485
A051,T4,A051_T4,146.99,-0.72000563,,-0.6880791,0.033312414,-0.7692662882537709,-0.1279099386271655
A052,T1,A052_T1,1.0,0.58457315,,-0.40401456,0.033312414,0.6127065434578783,0.5291626802067441
A052,T2,A052_T2,31.76,0.3844317,,-0.69656724,0.033312414,0.40069171488663974,-0.14754394285320807
A052,T3,A052_T3,80.98,0.116021834,,-1.0056021,0.033312414,0.11635845095346106,-0.862375666556457
A052,T4,A052_T4,153.27,-0.8312764,,-0.76403254,0.033312414,-0.8871381894843241,-0.3035986244808949
A053,T1,A053_T1,1.0,1.401935,,-0.17432423,0.033312414,1.4785583323223055,1.060461752783437
A053,T2,A053_T2,32.71,0.97594434,,-1.1278566,0.033312414,1.0272958039812312,-1.1451638120927858
A053,T3,A053_T3,78.28,-0.40916884,,-1.4379783,0.033312414,-0.4399891257994964,-1.8625095166155112
A053,T4,A053_T4,148.9,-0.13549207,,-1.3163345,0.033312414,-0.150076499127309,-1.5811339875512067
A054,T1,A054_T1,1.0,0.52522403,,0.04235199,0.033312414,0.5498365407540212,1.5616577532220426
A054,T2,A054_T2,16.9,1.1258696,,-0.22945482,0.033312414,1.1861153703299228,0.9329386161428744
A054,T3,A054_T3,72.83,1.191061,,-0.26918104,0.033312414,1.2551742459167592,0.8410474867123161
A054,T4,A054_T4,136.83,1.2362738,,-0.102685206,0.033312414,1.3030692923512968,1.2261707184656208
A055,T1,A055_T1,1.0,0.28537354,,-0.21229054,0.033312414,0.2957569359541282,0.9726414893349965
A055,T2,A055_T2,23.24,0.8647509,,-0.93653405,0.033312414,0.9095058203479244,-0.7026136473644404
A055,T3,A055_T3,74.48,-0.119812906,,-0.8401974,0.033312414,-0.13346716973751827,-0.4797763481183404
A055,T4,A055_T4,149.21,-0.62007034,,-1.260757,0.033312414,-0.6634023436407634,-1.4525770987778257
A056,T1,A056_T1,1.0,0.5282342,,-0.77102643,0.033312414,0.5530252888945004,-0.31977626361225686
A056,T2,A056_T2,33.61,0.54977185,,-0.93695015,0.033312414,0.5758406585871718,-0.7035761325683199
A056,T3,A056_T3,71.46,-0.4118956,,-0.7083756,0.033312414,-0.4428776506600633,-0.17485798222374532
A056,T4,A056_T4,147.84,-0.9539059,,-0.79573447,0.033312414,-1.0170426766371687,-0.3769286859070387
A057,T1,A057_T1,1.0,0.4946756,,-0.47107366,0.033312414,0.5174758271208859,0.3740475839907749
A057,T2,A057_T2,24.78,-0.77376056,,-0.55252665,0.033312414,-0.826210225997846,0.1856378322802931
A057,T3,A057_T3,73.83,-0.68134856,,-0.6045535,0.033312414,-0.7283158900772994,0.06529398866229363
A057,T4,A057_T4,145.06,-1.0877718,,-0.5674088,0.033312414,-1.1588501624929701,0.15121377754125706
A058,T1,A058_T1,1.0,1.0215306,,-0.16339521,0.033312414,1.0755864659061043,1.0857417817257617
A058,T2,A058_T2,22.96,-0.8427394,,-0.3716868,0.033312414,-0.8992812312176188,0.6039403554640435
A058,T3,A058_T3,66.28,-0.121771336,,-1.0395465,0.033312414,-0.1355417834705494,-0.9408928084804218
A058,T4,A058_T4,143.48,-1.0669552,,-0.97823644,0.033312414,-1.1367986190448935,-0.7990758760147783
A059,T1,A059_T1,1.0,0.99710035,,-0.5023268,0.033312414,1.0497068929055964,0.30175562334484995
A059,T2,A059_T2,30.4,1.2424322,,-0.47173324,0.033312414,1.3095930390328219,0.37252190268634156
A059,T3,A059_T3,79.78,1.3356622,,-0.9825946,0.033312414,1.4083539027504404,-0.8091567808841336
A059,T4,A059_T4,151.93,0.38432297,,-0.5769608,0.033312414,0.40057653448642505,0.12911894777087635
A060,T1,A060_T1,1.0,-0.051358394,,-0.50129473,0.033312414,-0.060951598242419226,0.3041429151121359
A060,T2,A060_T2,24.87,1.310061,,-0.3035681,0.033312414,1.381233913216948,0.7615064233743902
A060,T3,A060_T3,94.68,-0.5090028,,-0.39956075,0.033312414,-0.5457457290168103,0.5394648340781447
A060,T4,A060_T4,143.91,0.19280487,,-0.35726425,0.033312414,0.19769663559596878,0.6373013047003085
A061,T1,A061_T1,1.0,2.529091,,0.49123833,0.033312414,2.672582789090471,2.5999813784889225
A061,T2,A061_T2,35.16,0.94611883,,0.10699007,0.033312414,0.9957008975303198,1.7111727630926719
A061,T3,A061_T3,82.55,0.27741587,,-0.22055449,0.033312414,0.2873271776962737,0.9535260613114478
A061,T4,A061_T4,146.56,-0.2929151,,-0.2480352,0.033312414,-0.31683864019611274,0.8899601474275283
A062,T1,A062_T1,1.0,1.5359104,,-0.19396584,0.033312414,1.6204818142585216,1.0150285420038927
A062,T2,A062_T2,44.69,0.14121151,,-0.42571765,0.033312414,0.14304250285228082,0.47896103876607704
A062,T3,A062_T3,92.72,-0.59946907,,-1.2115375,0.033312414,-0.6415789046310041,-1.3387269654148386
A062,T4,A062_T4,149.18,-0.7168849,,-0.6887581,0.033312414,-0.7659604211484455,-0.1294805405340005
A063,T1,A063_T1,1.0,0.86206603,,-1.2219437,0.033312414,0.906661670608897,-1.3627976540200035
A063,T2,A063_T2,21.98,0.7186035,,-1.9641893,0.033312414,0.7546882352992889,-3.0796936108682127
A063,T3,A063_T3,69.99,0.17484958,,-1.1443956,0.033312414,0.1786761491785032,-1.1834203436644277
A063,T4,A063_T4,141.09,-0.58241045,,-1.078894,0.033312414,-0.6235082831032701,-1.031907916770838
A064,T1,A064_T1,1.0,0.83211017,,-0.14825012,0.033312414,0.8749286811526699,1.1207740456921662
A064,T2,A064_T2,37.65,0.56187433,,-0.4947842,0.033312414,0.5886611174300894,0.3192024892395393
A064,T3,A064_T3,82.99,0.17636402,,-0.52582866,0.033312414,0.18028043323351242,0.24739322845505524
A064,T4,A064_T4,156.21,-0.33321425,,-0.7778792,0.033312414,-0.35952853466233464,-0.33562747661535264
A065,T1,A065_T1,1.0,-2.2385516,,-0.79110265,0.033312414,-2.3778998996675735,-0.3662147752676916
A065,T2,A065_T2,32.31,-0.9801161,,-1.2535007,0.033312414,-1.0448077950562562,-1.435792476367565
A065,T3,A065_T3,106.41,-2.2205753,,-0.29050693,0.033312414,-2.3588571568332175,0.7917183504841059
A065,T4,A065_T4,187.43,-2.3754525,,-0.641902,0.033312414,-2.5229224367019976,-0.021097212099752464
A066,T1,A066_T1,1.0,0.46571386,,-0.6773158,0.033312414,0.48679593376933483,-0.10301323832696244
A066,T2,A066_T2,23.35,-0.45289963,,-0.52447873,0.033312414,-0.48631424208667645,0.2505157654684481
A066,T3,A066_T3,73.79,-0.92944336,,-0.7255086,0.033312414,-0.9911288980345001,-0.2144885013250782
A066,T4,A066_T4,164.93,-1.2830758,,-1.3507166,0.033312414,-1.3657405596559624,-1.6606635778619485
A067,T1,A067_T1,1.0,0.6627066,,-0.489106,0.033312414,0.6954752553235585,0.33233679225484253
A067,T2,A067_T2,29.91,-1.312235,,-1.0970984,0.033312414,-1.396629627309237,-1.0740167022683167
A067,T3,A067_T3,73.19,-1.4752139,,-0.9555565,0.033312414,-1.569277240006302,-0.7466146727586593
A067,T4,A067_T4,144.19,-1.1757759,,-0.61965704,0.033312414,-1.252075100031227,0.030357834429657896
A068,T1,A068_T1,1.0,1.3038205,,0.16652554,0.033312414,1.3746231959582351,1.8488848731167096
A068,T2,A068_T2,30.49,0.163223,,-0.106564544,0.033312414,0.16635982307229286,1.2171973817055945
A068,T3,A068_T3,82.98,0.4192529,,-0.30650812,0.033312414,0.43757868032355857,0.7547058327733104
A068,T4,A068_T4,155.59,-0.3906647,,-0.4836062,0.033312414,-0.4203872288912937,0.3450584363891746
A069,T1,A069_T1,1.0,-0.7867887,,-0.73993486,0.033312414,-0.8400112595603694,-0.24785803220062816
A069,T2,A069_T2,24.96,-1.5067587,,-0.8647377,0.033312414,-1.6026934332252178,-0.5365407692881556
A069,T3,A069_T3,79.75,-0.71302193,,-0.7490341,0.033312414,-0.7618682807031463,-0.2689055781428225
A069,T4,A069_T4,140.22,-1.7110198,,-1.0363842,0.033312414,-1.8190723097661474,-0.9335780597175584
A070,T1,A070_T1,1.0,0.5967721,,-0.49851632,0.033312414,0.6256291953773039,0.3105696839545065
A070,T2,A070_T2,24.25,0.042192243,,-0.4727255,0.033312414,0.03814892424447772,0.37022669584086854
A070,T3,A070_T3,81.92,-0.4347659,,-0.9917136,0.033312414,-0.4671047297277567,-0.8302500338862381
A070,T4,A070_T4,149.2,-1.0469787,,-0.9997019,0.033312414,-1.1156370144749588,-0.8487278530502596
A071,T1,A071_T1,1.0,1.1001538,,-0.06756443,0.033312414,1.1588739821588454,1.307408947854615
A071,T2,A071_T2,30.92,0.40058818,,-1.0183284,0.033312414,0.41780667701724616,-0.8918130024135336
A071,T3,A071_T3,79.96,-0.86193055,,-1.3937839,0.033312414,-0.9196108949496189,-1.7602829939182636
A071,T4,A071_T4,153.27,0.1462163,,-0.66643244,0.033312414,0.14834420169519938,-0.07783882600181892
A072,T1,A072_T1,1.0,0.9622242,,-0.08344198,0.033312414,1.012761717563483,1.270682423103703
A072,T2,A072_T2,33.76,0.37431285,,-0.053039327,0.033312414,0.3899725647651228,1.3410071134934596
A072,T3,A072_T3,83.54,-0.88631296,,-0.7992932,0.033312414,-0.9454397898452223,-0.38516042099380043
A072,T4,A072_T4,154.89,-0.13873519,,-0.64755213,0.033312414,-0.15351201701146522,-0.03416658610839168
A073,T1,A073_T1,1.0,0.8751058,,-0.7472555,0.033312414,0.9204750241204179,-0.26479148012883585
A073,T2,A073_T2,66.66,-0.48682293,,-0.90187174,0.033312414,-0.5222500396641933,-0.6224359004111151
A073,T3,A073_T3,66.9,-0.018863132,,-0.8532445,0.033312414,-0.026528556926852256,-0.5099557297658628
A073,T4,A073_T4,140.12,0.9759681,,-0.94447434,0.033312414,1.027320973541694,-0.7209804141020301
A074,T1,A074_T1,1.0,1.1391835,,-0.10384461,0.033312414,1.2002191165859561,1.223488889108931
A074,T2,A074_T2,29.33,-0.16370372,,-0.47984323,0.033312414,-0.17996180343814405,0.3537626011275591
A074,T3,A074_T3,73.02,-0.85258937,,-0.8331525,0.033312414,-0.9097155500505334,-0.4634807172295888
A074,T4,A074_T4,147.21,-1.1428367,,-0.8946965,0.033312414,-1.2171817841225345,-0.60583877872334
A075,T1,A075_T1,1.0,0.4822121,,-0.5195184,0.033312414,0.5042729307898278,0.2619895559788032
A075,T2,A075_T2,28.68,0.49708104,,-0.4355136,0.033312414,0.5200239696932436,0.45630192573329215
A075,T3,A075_T3,71.37,-1.5457226,,-0.6645374,0.033312414,-1.6439688640715862,-0.07345538942224775
A075,T4,A075_T4,244.53,-0.5980336,,-0.8704096,0.033312414,-0.6400582754661351,-0.5496604997084469
A076,T1,A076_T1,1.0,-0.39436588,,-0.88919824,0.033312414,-0.42430798115531154,-0.5931206967788998
A076,T2,A076_T2,27.3,-0.7679121,,-0.92914766,0.033312414,-0.8200148064867665,-0.6855281124327359
A076,T3,A076_T3,74.88,-1.2046329,,-0.9904418,0.033312414,-1.2826440396890548,-0.8273082201820956
A076,T4,A076_T4,149.28,-2.5163941,,-1.0130427,0.033312414,-2.6722253880024702,-0.8795865951985734
A077,T1,A077_T1,1.0,1.257486,,-0.20553797,0.033312414,1.3255399047437764,0.9882609286840942
A077,T2,A077_T2,53.88,-0.15718071,,-0.53009486,0.033312414,-0.17305181629196084,0.2375250372106668
A077,T3,A077_T3,78.36,0.254887,,-0.9393,0.033312414,0.2634617839412383,-0.709011594852232
A077,T4,A077_T4,149.75,0.58986604,,-0.3668686,0.033312414,0.6183134338146555,0.6150853836047101
A078,T1,A078_T1,1.0,0.05510661,,-0.94877625,0.033312414,0.051829435231137706,-0.7309312065159222
A078,T2,A078_T2,26.17,0.07325087,,-0.9174186,0.033312414,0.07105010228162613,-0.6583975027105224
A078,T3,A078_T3,72.3,-1.0537938,,-1.0069405,0.033312414,-1.1228564198414925,-0.8654715334078682
A078,T4,A078_T4,140.08,-1.0697036,,-1.1135154,0.033312414,-1.1397100676970602,-1.1119910343809993
A079,T1,A079_T1,1.0,0.49688977,,-0.5209985,0.033312414,0.5198213526128695,0.2585659213951411
A079,T2,A079_T2,26.11,-0.40158516,,-0.22519995,0.033312414,-0.4319555444741931,0.9427805998473446
A079,T3,A079_T3,74.0,-0.94553256,,-0.5245844,0.033312414,-1.0081725887834596,0.2502713391010031
A079,T4,A079_T4,194.42,-0.9119565,,-0.73008084,0.033312414,-0.972604631196475,-0.2250645968515989
A080,T1,A080_T1,1.0,0.35685366,,-0.09753483,0.033312414,0.37147760944805747,1.238084106339726
A080,T2,A080_T2,29.03,0.34285796,,-0.39678386,0.033312414,0.3566516154511393,0.54588808699283
A080,T3,A080_T3,72.87,0.31786218,,-0.71688837,0.033312414,0.3301729624199737,-0.19454895835695357
A080,T4,A080_T4,145.77,-0.8033879,,-1.2722905,0.033312414,-0.8575952060263299,-1.479255356645988
A081,T1,A081_T1,1.0,0.56923956,,-0.25508967,0.033312414,0.5964632892232774,0.8736423800730206
A081,T2,A081_T2,31.39,-0.24241331,,-0.49507838,0.033312414,-0.2633408347720455,0.31852201844579453
A081,T3,A081_T3,80.13,0.93472326,,-0.52635825,0.033312414,0.9836292860774121,0.24616822836103328
A081,T4,A081_T4,154.53,0.18450806,,-0.53006846,0.033312414,0.18890761787955804,0.2375861033230975
A082,T1,A082_T1,1.0,0.47511065,,-0.22234312,0.033312414,0.4967501877280722,0.9493887628009583
A082,T2,A082_T2,27.97,1.1720833,,-0.44037765,0.033312414,1.235070695092198,0.4450508414844835
A082,T3,A082_T3,75.71,0.4018064,,-0.56536925,0.033312414,0.41909716783992207,0.15593148169307658
A082,T4,A082_T4,170.25,-0.08527875,,-0.9947171,0.033312414,-0.09688427716732648,-0.83719746073039
A083,T1,A083_T1,1.0,1.9135383,,0.004754789,0.033312414,2.0205124649918744,1.4746912796104652
A083,T2,A083_T2,25.15,0.9028967,,-0.48276672,0.033312414,0.9499146174647273,0.3470002462400581
A083,T3,A083_T3,74.3,0.21852846,,-0.4372354,0.033312414,0.22494627590829205,0.4523192123854445
A083,T4,A083_T4,144.91,-0.03377411,,-0.5513548,0.033312414,-0.042324127731897934,0.18834845060801714
A084,T1,A084_T1,1.0,0.37614724,,-1.4660891,0.033312414,0.39191577983317993,-1.9275328981805468
A084,T2,A084_T2,27.25,-0.4066572,,-1.3201833,0.033312414,-0.43732848291901033,-1.5900366865483009
A084,T3,A084_T3,91.97,0.011830099,,-1.1787816,0.033312414,0.005985548016238859,-1.2629589551054152
A084,T4,A084_T4,162.51,-0.024996497,,-1.2781861,0.033312414,-0.033025783408622195,-1.492892529844717
A085,T1,A085_T1,1.0,0.29977113,,-0.4503213,0.033312414,0.3110086620492923,0.4220500820575315
A085,T2,A085_T2,24.51,1.7130281,,0.00259445,0.033312414,1.8081070103507457,1.4696941771762824
A085,T3,A085_T3,71.4,-0.14947924,,-0.16244699,0.033312414,-0.16489345708252903,1.0879351191927709
A085,T4,A085_T4,170.65,-0.5059031,,-0.76807487,0.033312414,-0.5424621395148743,-0.3129489797180916
A086,T1,A086_T1,1.0,0.9054527,,-0.079089,0.033312414,0.9526222519993431,1.2807513460616045
A086,T2,A086_T2,23.47,-0.35819164,,-0.18591997,0.033312414,-0.3859877067079402,1.0336395269289989
A086,T3,A086_T3,145.29,-1.1229844,,-0.7226914,0.033312414,-1.1961517477095636,-0.20797200693342038
A086,T4,A086_T4,169.55,-1.1456217,,-0.78654015,0.033312414,-1.220132004067333,-0.35566120943568125
A087,T1,A087_T1,1.0,1.164813,,-0.09658217,0.033312414,1.2273690850151175,1.240287714016553
A087,T2,A087_T2,31.07,1.112516,,-0.30566287,0.033312414,1.1719695688739582,0.7566609892707366
A087,T3,A087_T3,72.8,-0.23325346,,-0.5371069,0.033312414,-0.25363757726347713,0.22130541512700866
A087,T4,A087_T4,144.2,0.27864328,,-0.23646314,0.033312414,0.2886274037151049,0.9167275988296045
A088,T1,A088_T1,1.0,2.00997,,-0.2547915,0.033312414,2.1226649693548296,0.8743320801769396
A088,T2,A088_T2,24.25,2.599694,,-0.17022878,0.033312414,2.7473743074971537,1.0699349804407974
A088,T3,A088_T3,74.91,0.43418288,,-0.6985878,0.033312414,0.4533943804210247,-0.15221772104006312
A088,T4,A088_T4,149.93,1.1879628,,-0.27308685,0.033312414,1.251892245402226,0.8320129172959163
A089,T1,A089_T1,1.0,1.6034564,,-0.09992828,0.033312414,1.6920349763380054,1.2325477924458905
A089,T2,A089_T2,32.14,0.9674698,,-0.39490718,0.033312414,1.0183185124440703,0.5502290548669377
A089,T3,A089_T3,79.34,0.524776,,-0.6878582,0.033312414,0.5493619314032608,-0.12739897255762203
A089,T4,A089_T4,146.96,0.3647498,,-0.700304,0.033312414,0.37984218744264325,-0.15618748097012264
A090,T1,A090_T1,1.0,0.20163605,,-1.6835222,0.033312414,0.20705172477805353,-2.4304796455576585
A090,T2,A090_T2,23.54,-0.51139903,,-1.0855069,0.033312414,-0.5482841152065139,-1.0472042840016327
A090,T3,A090_T3,95.42,-1.5578265,,-1.088068,0.033312414,-1.656790827155912,-1.0531283908405065
A090,T4,A090_T4,144.07,-1.1440647,,-0.7511724,0.033312414,-1.2184826351430775,-0.27385170193867714
A091,T1,A091_T1,1.0,0.64397514,,-0.2862672,0.033312414,0.6756325526710644,0.8015253136983412
A091,T2,A091_T2,22.2,-0.25296763,,-0.6812923,0.033312414,-0.27452128912313567,-0.11221132151183655
A091,T3,A091_T3,73.64,-1.0806334,,-0.81964105,0.033312414,-1.1512882773748552,-0.4322272428052787
A091,T4,A091_T4,142.61,-0.80276793,,-0.4983091,0.033312414,-0.8569384563461946,0.3110490066748811
A092,T1,A092_T1,1.0,-0.28513366,,-0.36225155,0.033312414,-0.3085955667716054,0.6257651296046407
A092,T2,A092_T2,22.83,-0.78696686,,-0.58775675,0.033312414,-0.8401999888908417,0.10414672441874677
A092,T3,A092_T3,71.31,-0.45482323,,-0.9059947,0.033312414,-0.4883519595322113,-0.6319727617333606
A092,T4,A092_T4,146.16,-1.3833519,,-1.0669404,0.033312414,-1.471965532800168,-1.0042579212575191
A093,T1,A093_T1,1.0,0.56161565,,-0.06434872,0.033312414,0.5883870912558272,1.3148472398396347
A093,T2,A093_T2,22.09,0.19028424,,-0.8411957,0.033312414,0.1950264693843144,-0.4820855261501423
A093,T3,A093_T3,70.22,0.67098945,,-1.2671429,0.033312414,0.7042494848638725,-1.4673483899661295
A093,T4,A093_T4,140.95,0.5149613,,-1.3883843,0.033312414,0.538964974960814,-1.7477931234379296
A094,T1,A094_T1,1.0,-0.70889944,,-0.7272985,0.033312414,-0.7575012242506391,-0.21862873748567335
A094,T2,A094_T2,22.98,-0.17624284,,-0.8506081,0.033312414,-0.19324480592080914,-0.5038574457199424
A094,T3,A094_T3,76.21,-1.6861137,,-1.0895172,0.033312414,-1.792688656995179,-1.0564805503153007
A094,T4,A094_T4,149.99,-1.1788263,,-1.1266032,0.033312414,-1.255306464813853,-1.1422645596185188
A095,T1,A095_T1,1.0,1.5409168,,-0.080623694,0.033312414,1.625785218614586,1.277201429533168
A095,T2,A095_T2,29.71,-0.27584857,,-0.7292298,0.033312414,-0.2987596394081406,-0.223096047445424
A095,T3,A095_T3,78.76,-0.5608494,,-0.53817576,0.033312414,-0.6006681252071127,0.218833024031074
A095,T4,A095_T4,148.79,-0.7580661,,-1.0688891,0.033312414,-0.809584693173845,-1.0087654793368261
A096,T1,A096_T1,1.0,-0.45961466,,-0.2553402,0.033312414,-0.4934276408069352,0.8730628765447151
A096,T2,A096_T2,24.49,-1.2598481,,-1.2609805,0.033312414,-1.3411348778563943,-1.4530940789341995
A096,T3,A096_T3,71.19,-2.12857,,-0.9994125,0.033312414,-2.2613936483638555,-0.8480584389238413
A096,T4,A096_T4,143.66,-1.4557325,,-0.838582,0.033312414,-1.5486401072118323,-0.4760397497084711
A097,T1,A097_T1,1.0,0.24293853,,-0.7875995,0.033312414,0.2508044717316057,-0.3581116028524791
A097,T2,A097_T2,24.37,-0.5491651,,-0.98327124,0.033312414,-0.5882906548656369,-0.810721923850615
A097,T3,A097_T3,70.83,0.7895957,,-1.5329474,0.033312414,0.8298920429707887,-2.082183521844392
A097,T4,A097_T4,144.85,0.086306766,,-0.78939307,0.033312414,0.0848805384670536,-0.36226032812794623
A098,T1,A098_T1,1.0,0.6008492,,-0.31676105,0.033312414,0.6299481690709979,0.7309896745867914
A098,T2,A098_T2,25.77,0.3483601,,-0.533716,0.033312414,0.36248016955062723,0.22914894090887483
A098,T3,A098_T3,78.84,1.1610224,,-0.189416,0.033312414,1.2233536079153857,1.02555282385926
A098,T4,A098_T4,146.29,-0.6924288,,-0.651864,0.033312414,-0.7400534645983602,-0.04414041710106457
A099,T1,A099_T1,1.0,1.1219946,,-0.26512447,0.033312414,1.182010486205652,0.8504307806404603
A099,T2,A099_T2,28.75,1.2483166,,-0.13362212,0.033312414,1.315826530682076,1.1546102234435407
A099,T3,A099_T3,78.57,-0.21441267,,-0.30550545,0.033312414,-0.23367905861580718,0.7570251190972077
A099,T4,A099_T4,143.51,0.8498486,,0.11336677,0.033312414,0.8937194423646672,1.7259227736660372
A100,T1,A100_T1,1.0,-0.06985861,,-0.5656639,0.033312414,-0.08054933835957577,0.15524992373748178
A100,T2,A100_T2,31.14,0.79101294,,-0.75647,0.033312414,0.8313933606420871,-0.2861056351664377
A100,T3,A100_T3,75.34,0.2661362,,-0.64741546,0.033312414,0.27537834200336675,-0.03385045332104696
A100,T4,A100_T4,146.8,0.06164612,,-1.4772094,0.033312414,0.058756901238753316,-1.9532553788647558
A101,T1,A101_T1,1.0,-1.0356112,,-1.0507481,0.033312414,-1.103595138272985,-0.9668033450335938
A101,T2,A101_T2,29.12,-0.70036155,,-1.0536718,0.033312414,-0.7484568244788272,-0.9735661856742619
A101,T3,A101_T3,75.21,-1.5118189,,-0.74877745,0.033312414,-1.6080538292628013,-0.2683119183793625
A101,T4,A101_T4,150.22,-1.1640573,,-0.6749849,0.033312414,-1.2396612948444705,-0.09762160948360178
A102,T1,A102_T1,1.0,-0.044223346,,-0.46174812,0.033312414,-0.05339326398148747,0.3956185867982369
A102,T2,A102_T2,29.13,1.0700971,,-0.5995759,0.033312414,1.127034170376143,0.07680772658786368
A102,T3,A102_T3,75.27,-0.4782194,,-0.6292326,0.033312414,-0.5131361058036286,0.008208507780153331
A102,T4,A102_T4,150.41,-0.5023084,,-0.9110322,0.033312414,-0.5386541841699667,-0.6436250549670594
A103,T1,A103_T1,1.0,1.7611793,,-1.0606663,0.033312414,1.8591147771751562,-0.9897452358029185
A103,T2,A103_T2,27.26,-1.0142955,,-0.7767012,0.033312414,-1.0810148857497024,-0.33290263265916453
A103,T3,A103_T3,80.24,-1.7227138,,-0.5057445,0.033312414,-1.8314600555594953,0.2938501062064254
A103,T4,A103_T4,149.72,-0.96813315,,-0.3675996,0.033312414,-1.0321139573228546,0.613394499961269
A104,T1,A104_T1,1.0,1.7474676,,-0.072939284,0.033312414,1.8445896314598622,1.2949763176022437
A104,T2,A104_T2,22.6,0.04523211,,-0.22977822,0.033312414,0.04136913115756027,0.9321905562655983
A104,T3,A104_T3,72.62,0.22338806,,-0.33483577,0.033312414,0.23009417136385504,0.6891808532355251
A104,T4,A104_T4,145.78,-1.7777252,,-0.73633283,0.033312414,-1.8897350033050213,-0.2395261394370391
A105,T1,A105_T1,1.0,0.61165696,,0.24509619,0.033312414,0.6413970987336896,2.0306274544293315
A105,T2,A105_T2,22.77,0.47426346,,-0.10634288,0.033312414,0.49585273823613907,1.2177101149914218
A105,T3,A105_T3,69.46,-0.23769371,,-0.65412486,0.033312414,-0.2583412448074239,-0.049370035697658333
A105,T4,A105_T4,146.2,0.29649377,,-0.9775078,0.033312414,0.30753687287935155,-0.7973904513116911
A106,T1,A106_T1,1.0,1.1972102,,-0.16558942,0.033312414,1.2616882468088795,1.0806663319319525
A106,T2,A106_T2,22.64,0.124567874,,-0.61603713,0.033312414,0.12541148422349555,0.0387310856057569
A106,T3,A106_T3,66.08,0.3480307,,-0.4829895,0.033312414,0.36213122791694086,0.3464849315231144
A106,T4,A106_T4,147.13,1.0106606,,-0.33196145,0.033312414,1.06407160385944,0.695829472488624
A107,T1,A107_T1,1.0,-0.71622896,,-0.5755745,0.033312414,-0.7652655675503877,0.13232561260658407
A107,T2,A107_T2,26.22,-1.6166046,,-1.7364719,0.033312414,-1.7190559341352163,-2.5529581430338646
A107,T3,A107_T3,71.45,-1.0414004,,-0.97584885,0.033312414,-1.1097277821883986,-0.793553116947414
A107,T4,A107_T4,145.95,-1.2497748,,-1.0911231,0.033312414,-1.3304639799856801,-1.0601951741771363
A108,T1,A108_T1,1.0,-0.4913459,,-0.70196605,0.033312414,-0.5270413345667877,-0.16003198597638946
A108,T2,A108_T2,27.61,-1.1094757,,-0.9441194,0.033312414,-1.1818416449561344,-0.720159398725282
A108,T3,A108_T3,68.96,-0.358304,,-0.901651,0.033312414,-0.3861067324576701,-0.6219253044392228
A108,T4,A108_T4,152.12,-1.1333818,,-1.4801294,0.033312414,-1.2071659727918072,-1.9600096609972424
A109,T1,A109_T1,1.0,-0.25337747,,-0.9348919,0.033312414,-0.27495544285461726,-0.6988151732535285
A109,T2,A109_T2,24.65,-1.0994496,,-1.394195,0.033312414,-1.1712207472223664,-1.7612339135705462
A109,T3,A109_T3,71.17,-0.23198725,,-0.90227175,0.033312414,-0.2522962494371564,-0.6233611676699561
A109,T4,A109_T4,149.87,-1.2962439,,-1.5509698,0.033312414,-1.3796898563364297,-2.1238713212637497
