predictor_value,partial_residual
0.6931471805599453,0.6426336226260978
3.131136910560194,-0.8077502653223841
4.405254760793088,-1.494503920541568
4.985727658390071,-0.36517099805733055
0.6931471805599453,0.14773708338192354
3.241419789303096,-0.40918575203969193
4.297965447047447,-1.1613508984008083
5.009634793762673,-1.2163573036564066
0.6931471805599453,0.2974238460226754
3.2809112157876537,-1.1858474434963968
5.119967910506483,-0.15578481495356544
5.123189870334323,-1.3098329579491423
0.6931471805599453,-0.49313025273562217
3.2492110246642736,-0.9221756856567864
4.390242789445222,-0.224267832506438
4.998090266593961,-1.1618245156517981
0.6931471805599453,-0.38005221976903186
3.2831643147505627,0.7783207631021833
4.270536258640519,-0.6889488603038607
5.009768251656904,-1.1849296953541486
0.6931471805599453,-0.14438017358561922
3.206398303357088,0.04559500868845856
4.270955399408094,-0.015689580542368242
4.9940993254561565,-0.9624484412828664
0.6931471805599453,0.15416818387350345
3.521938999358284,-1.247354700916633
4.402319337941644,-0.5873052851930238
5.02256386496153,-1.5716701023955326
0.6931471805599453,-1.3864123550023908
3.073156170518794,0.02350242748593734
4.131640346965797,-0.4152256746660532
4.952229043207861,-0.9504852439555769
0.6931471805599453,-0.42901615061264825
3.5562048372093957,-1.1518259154991295
4.438406968109989,-1.685493721024671
5.023024891742178,-0.5649442528079786
0.6931471805599453,-0.07782000870377499
3.3908102887756684,-1.3023799065868924
4.4388794462666645,-1.0437757026667052
5.048316361063944,-1.3382444020046076
0.6931471805599453,-0.48712336207285634
3.326832966373293,-0.924428636005511
4.37260741275739,-0.6791265685315476
4.9889348671169165,-2.218307327120818
0.6931471805599453,-0.08543951191931237
3.440738556282688,-0.35348140904919756
4.320018243389936,-0.8686963805744812
4.951522029603749,-0.32409332618997855
0.6931471805599453,-0.7352211355699845
3.224857896545748,-0.5819615981620591
4.323602714536165,-1.0874265459066574
4.9608145991123,-0.5932768240222641
0.6931471805599453,-0.16974367636473503
3.282038399825841,-1.266490303228151
4.293195420967266,-0.4003762219076322
4.984085958862719,-0.7079314633595164
0.6931471805599453,-0.7024613439022318
3.420019135902743,-0.8568157845094272
4.526884267589547,-0.33527389834859356
4.9880487954234605,-1.0096175962652307
0.6931471805599453,-0.321458252024409
3.191710156795432,0.4813286667440074
4.303253953508486,-1.4971060342745695
4.932601677957155,-2.0333121412973547
0.6931471805599453,-0.1325110096643985
3.3134584673541485,-0.9716941392903012
4.336767728268267,-0.4990980787505698
5.001594549444107,-0.8025003383854232
0.6931471805599453,0.10827945199610539
3.3762213955919784,-0.33348908985090686
4.325191697921343,-1.2826474244174046
4.989888220951467,-1.2022924947676343
0.6931471805599453,0.36699556239993286
3.170525563927154,-0.6421636894387568
4.294014757350668,-1.2143395368604373
4.940999358745194,-0.9172145937944258
0.6931471805599453,0.2815528786818215
3.382014562245381,-1.3014748710376147
4.546056921495585,-0.1876793651836809
4.970785049496295,-0.3401774853628238
0.6931471805599453,-0.4387491370287374
3.5248888540047054,0.14477436761665452
4.289500076996142,-0.9077170969540616
5.020321563685677,-0.6919926089176267
0.6931471805599453,0.9333531352777111
3.508855256368665,-1.4085343326616369
4.2844138058068815,-0.755498324683375
4.975698724215359,-1.0383214876776286
0.6931471805599453,-0.25677009829571723
4.063541653067055,-1.3192894761699312
4.396422514957614,-0.4559230901047397
4.980244812772187,0.09745820692711549
0.6931471805599453,-0.49871778640424275
3.4065165431397557,-0.6474781276343617
4.298645025734831,-0.003510271055797487
5.131849473677249,-1.0391528451852718
0.6931471805599453,0.2476642910600219
3.298795448044074,-0.9636850015651666
4.3212144952771245,-0.9352742701036452
4.986205980173081,-1.1093275942897092
0.6931471805599453,-0.7384500884274556
3.823410347071543,0.2738085606049797
4.394202210604015,-0.88260815025467
5.033505108187003,-1.2410528279978807
0.6931471805599453,0.12301764103870488
3.119276459645446,-0.7950202543798214
4.28317268312119,-1.0243800028484122
4.975698724215359,-1.031859722893814
0.6931471805599453,-0.10947596653361608
3.2068032436339315,-0.1445108821121378
4.291554731509806,-1.0410756570184547
4.974386161421135,-0.9265510844385274
0.6931471805599453,-0.03542680599487619
4.288402532641213,-1.159227865622527
4.3021714094244174,-0.46295544023284285
5.0362380614757605,-0.9894259374376656
0.6931471805599453,0.5819019742026055
3.3894621254437345,-0.7259070584176298
4.603568904621118,-1.210380193609736
5.510359524791073,-0.603470371701982
0.6931471805599453,-0.6317164689460482
3.3054204262683866,-0.16305529289573206
4.280547465724028,-1.647121364494376
4.97348709846075,-1.7157367877324505
0.6931471805599453,0.43989270101089245
3.4898185733156835,-1.7707950102479557
4.340423084818807,-0.6391838886179081
4.961725122726247,-0.553538279974348
0.6931471805599453,-0.9446618714262678
3.3988613218646075,-0.5661682341019424
4.292785500895938,-0.08982498182540632
4.9905686319459415,-1.253773913237581
0.6931471805599453,-0.14051537469980752
3.2816628129669656,-0.47377192755686903
4.188745237643585,-0.4935615201051494
5.012832877639743,-0.8273044304294728
0.6931471805599453,-0.34368954219495873
3.884857337355376,-0.6713050317475175
4.5286130632659365,-1.1305556173479228
5.0515852804252095,-1.6079276725756695
0.6931471805599453,-0.9882298623349501
3.2449333591874905,-0.8994795847311695
4.2936051730729785,-0.7185651704372922
5.027295734989363,-1.5263867852808937
0.6931471805599453,-0.605571775354474
3.231594597275976,-1.089695777415951
4.304740540713808,-1.6166038008548624
5.003543540282499,-1.194033611638413
0.6931471805599453,-0.5588584727613133
3.1970391302590264,-0.6257044048198083
4.354783898280007,-1.6072791015344725
4.978249833952101,-1.5260849777777692
0.6931471805599453,0.1704272404071217
3.215269329274089,-1.450888116269419
4.408546844483277,-0.6837077674471674
4.9924713234685845,-0.4331468601083375
0.6931471805599453,0.7734037839841497
3.336481066942464,-1.5493201458674943
4.721885985684052,-0.8591462953420073
5.134974568351863,-1.1048418492048135
0.6931471805599453,-0.824193728077534
3.2476576262936527,-0.8407253311957612
4.547435135336853,-1.1686613073738443
5.008566488927144,-1.246695525197269
0.6931471805599453,0.6035440815192992
2.8992213731731478,-1.2435132953478294
4.199154926574446,-1.0428473078127423
4.997144703913756,-1.0539112692054653
0.6931471805599453,0.06696545763342371
3.4892082589848687,-0.40694326403255165
4.406475315076191,-0.4928380553330119
5.038704314023848,-0.9890554826526473
0.6931471805599453,0.1386799056440003
3.5177945292459696,-0.3886970925982276
4.372985890021733,-1.480521207086488
5.009968405108552,-0.6333037414129993
0.6931471805599453,-0.5637816226563432
2.884800712846709,-0.3445044874984844
4.3017651530710745,-0.14176327198391647
4.926021041706347,-0.09362912726232642
0.6931471805599453,-0.6578851542139763
3.1880041612011136,-0.02564084363634589
4.32386772050035,-0.6305804359440117
5.012034315009963,-0.8009106536079347
0.6931471805599453,-0.47830058613767495
3.544142657647253,0.12518041811884617
4.283034685466931,-1.2234534661817733
5.002871903478422,-1.1755618654216589
0.6931471805599453,-0.13376067921646562
3.249598997511041,-0.8186899781923912
4.315218874092267,-0.7887547766977174
4.984017496191964,-1.2332707191411985
0.6931471805599453,0.11363352098491991
3.1763857732472487,-1.3565449800062894
4.208863015664693,-0.8804598887897948
4.973141089668675,-1.2329490962259317
0.6931471805599453,-0.4024467739014908
3.446807892914208,0.07060477971535395
4.391729410135267,-0.07947833755479605
5.029980300360032,-0.8620522925638248
0.6931471805599453,-0.6207307020106931
3.2530839961979376,0.5367465731533658
4.561009290202322,-0.8806996940657453
4.976112860057833,-0.5361312582252246
0.6931471805599453,0.9277775720155657
3.587953535523976,-0.35703035375555825
4.425445255041403,-0.9936587445696047
4.994234872728475,-1.0549002994973207
0.6931471805599453,0.2293038791755782
3.82187945557518,-0.40068864607927235
4.540311613639595,-1.5305276133011088
5.011834574671738,-1.0576837079005583
0.6931471805599453,-0.1919545159695611
3.1346242724206097,-0.4257334401864469
4.262539022051294,-0.4645757246829903
4.956460659649984,-1.2929439540045262
0.6931471805599453,-0.11893075967516281
3.654546775033431,-0.4376865339706469
4.430697744137536,-0.5352927128335365
5.057582491203423,-0.8380776389799803
0.6931471805599453,-1.670599645524258
3.5058576522055884,-0.6604986821834452
4.676653287609955,-1.3753869599465065
5.238726585134399,-1.8333472532653443
0.6931471805599453,0.21445176394098187
3.192531849528599,-0.5530514658818965
4.314684186203576,-0.9968178110521161
5.111566012674697,-1.227138016743011
0.6931471805599453,0.5527545673660395
3.431079756144025,-1.423496905636763
4.306629370201435,-1.6048835091572604
4.978043229495596,-1.124015579183707
0.6931471805599453,0.5468222993467096
3.449670035112933,-0.790990014132988
4.430578675256047,-0.5485225484377815
5.053630924557352,-0.9535330228534307
0.6931471805599453,-0.409297683168715
3.2565568918358894,-1.3998795883911221
4.391357962102766,-0.30104168342156823
4.950318958088201,-1.4496707082344193
0.6931471805599453,-0.10685413556166207
3.228826155721369,-0.3941421723294023
4.417876287567579,-0.8826146892680433
5.011967739330034,-1.1238635675170099
0.6931471805599453,0.10586552315950387
3.463232772581608,-0.1523030843931117
4.393955205539156,-1.7931160789955105
5.038704314023848,-0.4443500412465319
0.6931471805599453,-0.004778229082908092
3.548467300397191,-0.26058933659537253
4.437224795138644,-1.7320509909333004
5.04915063032459,-0.9531951990371297
0.6931471805599453,-0.0358492447671071
4.214495163352562,-1.5913087589190358
4.21803603456465,-1.1400340003697558
4.949610592258481,-0.11131334906699575
0.6931471805599453,0.3049458033686313
3.41213732170049,-1.2825950959644308
4.30433532695801,-1.5265892158606773
4.998630186968824,-1.411246686483603
0.6931471805599453,-0.2549815698182653
3.39047341829918,-0.3495540177626355
4.281791848878036,-1.6061129290169285
5.5034191393614815,-0.9821595916148189
0.6931471805599453,-0.4926762275009881
3.342861804649192,-0.4538348983536482
4.3291531450668135,-1.3669401566340458
5.0125002207057685,-2.2663971319293594
0.6931471805599453,0.2913651886903664
4.00514898341763,-0.9727075910691303
4.373994462976618,-0.79266490342861
5.015622835607295,-0.15466104828469807
0.6931471805599453,-0.3732926518993889
3.3021134234382563,-0.2517146740161901
4.294560608892605,-1.0466537697960214
4.949327105367852,-0.8508204178151805
0.6931471805599453,-0.12301089328779852
3.299902663510574,-0.8387846804517582
4.31748811353631,-1.2981204329637346
5.275151088516197,-0.9527973460722928
0.6931471805599453,-0.4506099361685588
3.402196881995239,-0.37221449956896635
4.302306791540646,-0.29083196160212643
4.988866735623107,-1.3663836619068426
0.6931471805599453,-0.37420763758476383
3.477849733183238,-1.2634824829577407
4.396052806406973,0.20082659334636155
5.046838639056468,-0.7390149492714946
0.6931471805599453,-0.412990650549893
3.366260811781259,0.010290169344839506
4.3400320779712045,-0.6579567596095939
5.143124477142335,-0.6375783328122262
0.6931471805599453,0.6978988158453725
3.263849190510932,-0.32048613892565214
4.321480134805848,-0.8973940377985006
4.982989993275931,-1.1993309045557459
0.6931471805599453,-0.32745020373045386
3.34109345759245,-1.5883947175375357
4.532276860467767,-0.5886010382795879
5.096874150546495,-0.8010719801531099
0.6931471805599453,-0.602648479588326
3.23907053215372,0.8373756476233639
4.282206299391671,-0.740651935602253
5.145457519903701,-1.1246453476008753
0.6931471805599453,0.24885022456153016
3.19744787745458,-1.1937578927962895
4.985590952989995,-1.4071188950981393
5.139028508864655,-1.0617396384277973
0.6931471805599453,0.09142044373625074
3.467921013705064,-0.111560964193272
4.301358731606427,-1.0554059253334707
4.978112102390695,-0.4371741137771682
0.6931471805599453,0.03494454353530302
3.228826155721369,0.9320181209209535
4.3295484280286765,-1.1926910411525493
5.016816153171337,-0.06411421690063768
0.6931471805599453,0.08819409783980875
3.500741011998417,-0.2052789096298946
4.386267628931136,-0.872294546937362
4.996941966964253,-0.7405901347722799
0.6931471805599453,0.3320867368855357
3.2003044392827653,-1.1610842254353202
4.568713648977476,-1.9076421075994343
4.977216384550811,-0.9161590136942233
0.6931471805599453,0.02073609865608772
3.1441522786722644,-0.8099268911035561
4.312676556539088,-1.6203993681488487
4.967101292072528,-0.7232575799924483
0.6931471805599453,-0.566519549125968
3.170945291110651,-0.7762741638551556
4.28096243218686,-0.3234110739262628
4.991520430236574,-1.604987691801979
0.6931471805599453,-0.4394778725113445
3.139399623366404,-0.5167428153704688
4.265773677849632,-0.0008548397747278891
4.95547488291898,-0.41778005561098175
0.6931471805599453,-0.7377774982299234
3.177220149599368,-0.36496065164182745
4.3465289823207245,-1.8153140453513676
5.017213609456379,-1.1506150475576982
0.6931471805599453,0.8311875385720369
3.424588334452731,-0.931029311136459
4.379022125653583,-1.0019486524515315
5.009234313180627,-0.7301150591959815
0.6931471805599453,-0.2816084944427063
3.238286218388024,-1.3213779315863374
4.279301532151069,-1.6941918404022498
4.974386161421135,-1.2931649189876393
0.6931471805599453,-0.15071365580649648
3.2335673736111907,-0.9545359753238701
4.27430221608671,-0.12620146013846023
4.98257869631373,-0.6492362743082023
0.6931471805599453,-0.36622048733687057
3.2872818575322613,-0.6661441535097588
4.380024632003209,0.3961000015154794
4.992403432501452,-1.0945021997530118
0.6931471805599453,0.05171228302053127
3.392829131991639,0.18209227830475816
4.376637137389444,-1.4380016619877096
4.973348709310239,-0.6806530265174221
0.6931471805599453,-0.7423549765148603
3.4701013603093664,0.1523293312481221
4.335197047317084,-0.3746541200775693
4.995860008514102,-0.649024768589504
0.6931471805599453,-1.138969716409006
3.405189402931693,-0.9123489168251573
4.333492687678026,-1.1916182278157654
5.018735730130124,-1.3849063025832293
0.6931471805599453,-0.6184223097981028
3.40552135314221,0.29188632556022753
4.334279676176148,-1.1046768924336332
5.019991389020281,-0.687396578026075
0.6931471805599453,1.157677359191598
3.3414473772563813,-1.2144819822843167
4.397407736712184,-1.9870807768387788
5.015423810828053,-0.7469810215934419
0.6931471805599453,0.8553919648978876
3.1612467120315646,-1.2033626869685499
4.298916727950875,-0.33394496712740396
4.9889348671169165,-1.8957258659792913
0.6931471805599453,-0.036220876231999044
3.1684242813721024,-0.2614497105379771
4.255045172913092,-0.7192023494131534
4.991792206294776,-0.6338152151455241
0.6931471805599453,0.4934860182030209
3.162940192537897,-0.993440072169689
4.205885936955008,-0.46982149935693185
4.998090266593961,-0.14878716652056134
0.6931471805599453,-0.5954898042331153
3.30395199722332,-1.565150402806049
4.282896668766692,-0.8329881000842752
4.990092392864926,-1.2089272665646185
0.6931471805599453,-0.7532164517170612
3.3537563070620187,-1.2636290294854775
4.247923650150401,-0.69359381895766
5.031221927704644,-1.338259902505229
0.6931471805599453,-0.45754518175315706
3.2445435716167785,-0.9602176702205499
4.279024447084182,-0.3829617602443434
5.016418538851983,-1.4118365707484495
0.6931471805599453,1.0479851127698014
3.131136910560194,-0.7430776807931345
4.405254760793088,-1.3161967822821543
4.985727658390071,-0.6436408622197918
0.6931471805599453,-0.1092984444043063
3.241419789303096,-0.7799908407350499
4.297965447047447,-1.5581739431248107
5.009634793762673,-0.8110686063967416
0.6931471805599453,0.34072761823644554
3.2809112157876537,-1.3228307233982206
5.119967910506483,0.3484325048100576
5.123189870334323,-1.1675917154288318
0.6931471805599453,-0.5526462385919187
3.2492110246642736,-1.2806280740715055
4.390242789445222,-0.344631914950547
4.998090266593961,-1.0029115056233462
0.6931471805599453,-0.5957361296253283
3.2831643147505627,0.44177072271331386
4.270536258640519,-0.8392769464728576
5.009768251656904,-1.3320964686622272
0.6931471805599453,-0.2534570655119826
3.206398303357088,0.10613940925101806
4.270955399408094,0.003555334135444732
4.9940993254561565,-0.5942209593192744
0.6931471805599453,0.4351339560872736
3.521938999358284,-0.32115972703079865
4.402319337941644,-0.5684109620149831
5.02256386496153,-1.4279309277146677
0.6931471805599453,-1.0293852799988206
3.073156170518794,-0.0661549728080032
4.131640346965797,-0.9344151274136399
4.952229043207861,-1.1734453394833009
0.6931471805599453,-0.4835292125390114
3.5562048372093957,-0.7450716439674878
4.438406968109989,-1.3948741142086187
5.023024891742178,-0.8163742702308284
0.6931471805599453,-0.8281230064199381
3.3908102887756684,-1.300711698037074
4.4388794462666645,-1.5456872020532504
5.048316361063944,-1.8916687708151603
0.6931471805599453,-0.6109494062094196
3.326832966373293,-0.5647360821006717
4.37260741275739,-1.1567276213060818
4.9889348671169165,-2.0358591359575238
0.6931471805599453,-0.009795914196008948
3.440738556282688,-0.5856835746880361
4.320018243389936,-0.7263733514743146
4.951522029603749,-0.30546432179387684
0.6931471805599453,-0.7397775778466811
3.224857896545748,-0.2380521453118093
4.323602714536165,-0.7330018987732808
4.9608145991123,-0.8185297776080652
0.6931471805599453,0.013329135498701794
3.282038399825841,-1.1533295775062484
4.293195420967266,-0.6811168218205031
4.984085958862719,-0.6546646651653791
0.6931471805599453,-0.3739474332489953
3.420019135902743,-0.6539203205178293
4.526884267589547,-0.49630116205362107
4.9880487954234605,-1.351463580348658
0.6931471805599453,-0.31841539016097214
3.191710156795432,0.6368653703498465
4.303253953508486,-0.9414450911977135
4.932601677957155,-1.4190182785782846
0.6931471805599453,0.00987847598883801
3.3134584673541485,-0.8795119572421148
4.336767728268267,-0.00038033920609747973
5.001594549444107,-1.0398476210477379
0.6931471805599453,0.08668324971940883
3.3762213955919784,-0.3437013208687951
4.325191697921343,-1.005560649430883
4.989888220951467,-1.0660925043944545
0.6931471805599453,0.5005226242633698
3.170525563927154,-1.2361704382329837
4.294014757350668,-0.92840331085481
4.940999358745194,-1.44002905397299
0.6931471805599453,0.6005536226153247
3.382014562245381,-0.8061773897699849
4.546056921495585,0.11560650767351566
4.970785049496295,-0.6210486237565853
0.6931471805599453,-0.5599267655156343
3.5248888540047054,0.4655366356859445
4.289500076996142,-0.7671436008053091
5.020321563685677,-0.14486251719897691
0.6931471805599453,0.961140204720748
3.508855256368665,-0.865360951692527
4.2844138058068815,-1.0202052154150059
4.975698724215359,-1.2230498279051942
0.6931471805599453,-0.4398641109227473
4.063541653067055,-1.4579299530789287
4.396422514957614,-0.8062665595105671
4.980244812772187,0.4811521648139574
0.6931471805599453,-0.6794193169612062
3.4065165431397557,-0.4706041832499071
4.298645025734831,-0.09088043805800439
5.131849473677249,-1.5762045732071355
0.6931471805599453,0.24573177843299215
3.298795448044074,-0.40111279680763456
4.3212144952771245,-1.1712294132395518
4.986205980173081,-0.9161126740172312
0.6931471805599453,-0.8471316061245524
3.823410347071543,0.14952857637553285
4.394202210604015,-1.002615312039069
5.033505108187003,-1.3349617110916596
0.6931471805599453,0.36879092462187474
3.119276459645446,-1.1327568221549518
4.28317268312119,-0.9978981619541836
4.975698724215359,-1.605724246253513
0.6931471805599453,-0.16337091502051276
3.2068032436339315,-0.03610238360554263
4.291554731509806,-0.7125758693257297
4.974386161421135,-0.9916133555664369
0.6931471805599453,-0.14234953655183974
4.288402532641213,-1.5269406204513016
4.3021714094244174,-0.23130907237611198
5.0362380614757605,-0.9933623805233407
0.6931471805599453,0.5329261257157087
3.3894621254437345,-0.23793413015157316
4.603568904621118,-0.8971796749509623
5.510359524791073,-0.39479097968983234
0.6931471805599453,-0.7516097019234116
3.3054204262683866,-0.20881344848003858
4.280547465724028,-1.8562035988184933
4.97348709846075,-1.3941392390159681
0.6931471805599453,0.46496502424372904
3.4898185733156835,-2.079397397379844
4.340423084818807,-0.36720612661588936
4.961725122726247,-0.3820647690161827
0.6931471805599453,-1.0542986544036315
3.3988613218646075,-1.3967700260575984
4.292785500895938,-0.4081665771036421
4.9905686319459415,-1.284993898217294
0.6931471805599453,0.15228014232282888
3.2816628129669656,-0.36159979701116274
4.188745237643585,-0.3198826116428787
5.012832877639743,-1.117991310788518
0.6931471805599453,-0.3473181911723223
3.884857337355376,-0.59152508575416
4.5286130632659365,-1.5602530249198452
5.0515852804252095,-1.8589136380594589
0.6931471805599453,-1.031472653242247
3.2449333591874905,-1.3418006433249892
4.2936051730729785,-1.303380200264974
5.027295734989363,-1.0906947108654723
0.6931471805599453,-0.8636894383318376
3.231594597275976,-1.5042505927278522
4.304740540713808,-1.4662700347520514
5.003543540282499,-0.7655462165546073
0.6931471805599453,-0.9506390715985436
3.1970391302590264,-0.7536525087394388
4.354783898280007,-1.16368534436885
4.978249833952101,-1.6712903756096091
0.6931471805599453,0.34012541742975805
3.215269329274089,-0.8152469802586748
4.408546844483277,-0.9655754460536394
4.9924713234685845,-1.030732093472114
0.6931471805599453,0.802479707216986
3.336481066942464,-1.9373845106036973
4.721885985684052,-0.4944160193705148
5.134974568351863,-0.6377654833538661
0.6931471805599453,-0.5708727172650976
3.2476576262936527,-0.8794971247543508
4.547435135336853,-0.9753018129880814
5.008566488927144,-1.1140302340566468
0.6931471805599453,1.0399319123317359
2.8992213731731478,-0.8058950506347204
4.199154926574446,-1.1198352023184097
4.997144703913756,-0.8751388935283642
0.6931471805599453,-0.6914624256942734
3.4892082589848687,-0.8928816176041132
4.406475315076191,-0.7998191245265763
5.038704314023848,-1.1863632433404012
0.6931471805599453,0.3017122902462364
3.5177945292459696,-0.07834542418175783
4.372985890021733,-1.3528670429035583
5.009968405108552,-1.0792452064036824
0.6931471805599453,-0.7046050159840405
2.884800712846709,-0.06673510383696601
4.3017651530710745,0.04653140285628388
4.926021041706347,0.12384946865864888
0.6931471805599453,-0.5762477896117401
3.1880041612011136,0.2431607061266885
4.32386772050035,-0.8688696233749278
5.012034315009963,-1.2115530222274877
0.6931471805599453,-0.24599124739530548
3.544142657647253,-0.3707942805006031
4.283034685466931,-0.9100829085682809
5.002871903478422,-1.4802673838249
0.6931471805599453,0.0010687136660372798
3.249598997511041,-1.331343981945091
4.315218874092267,-1.1815999996261901
4.984017496191964,-1.322186039920663
0.6931471805599453,0.2639687297272893
3.1763857732472487,-1.5216908737776271
4.208863015664693,-0.5448838285530976
4.973141089668675,-1.3104895896097766
0.6931471805599453,-0.679296707229188
3.446807892914208,-0.3431176920483828
4.391729410135267,0.20086869418096764
5.029980300360032,-0.7297267930879932
0.6931471805599453,-0.9260201806887234
3.2530839961979376,0.3618964611039841
4.561009290202322,-1.4039616461745439
4.976112860057833,-0.5909578377298015
0.6931471805599453,0.8148692104076019
3.587953535523976,-0.5712865572197962
4.425445255041403,-0.752455105925166
4.994234872728475,-1.0251456990274654
0.6931471805599453,0.5038826354975479
3.82187945557518,-0.8040681922249748
4.540311613639595,-1.1993987793470247
5.011834574671738,-1.0678782535245466
0.6931471805599453,-0.07274651343739175
3.1346242724206097,-0.2531704832335198
4.262539022051294,-0.748854295710307
4.956460659649984,-1.0836664189065672
0.6931471805599453,-0.5221550212831267
3.654546775033431,-0.6327236899549766
4.430697744137536,-0.9691636183540578
5.057582491203423,-1.2171154093407195
0.6931471805599453,-1.6669378071322218
3.5058576522055884,-0.38895243370766286
4.676653287609955,-1.56227808857033
5.238726585134399,-1.5939162809775669
0.6931471805599453,0.06363440233301793
3.192531849528599,-0.9258878669924794
4.314684186203576,-1.0551158772798261
5.111566012674697,-1.2137179678637458
0.6931471805599453,0.2229972536880092
3.431079756144025,-1.6842113760471
4.306629370201435,-1.681929639192181
4.978043229495596,-1.1850787018001492
0.6931471805599453,0.11239347359861213
3.449670035112933,-0.9169437581396582
4.430578675256047,-0.23670881257512644
5.053630924557352,-0.92882055223631
0.6931471805599453,-1.004305252706612
3.2565568918358894,-1.5760914743730883
4.391357962102766,-0.8889641079912868
4.950318958088201,-1.7189019807967387
0.6931471805599453,-0.0005064475199594853
3.228826155721369,-0.44242878300947236
4.417876287567579,-1.1789369255648112
5.011967739330034,-1.6872541678539343
0.6931471805599453,0.41939731534134
3.463232772581608,-0.40105096366929005
4.393955205539156,-1.3298064378990677
5.038704314023848,-0.3465566800442871
0.6931471805599453,0.13832042309892806
3.548467300397191,-0.44297887769581934
4.437224795138644,-1.3866739429882404
5.04915063032459,-0.476247680536946
0.6931471805599453,0.12729226534466215
4.214495163352562,-1.1212799691619941
4.21803603456465,-0.7089163919755364
4.949610592258481,-0.033136126117321196
0.6931471805599453,0.4291432493402673
3.41213732170049,-0.3919234936570841
4.30433532695801,-1.0728541305351893
4.998630186968824,-1.1236473757262107
0.6931471805599453,0.2007737461533708
3.39047341829918,0.10066381137531288
4.281791848878036,-1.927967010823561
5.5034191393614815,-0.713511750806345
0.6931471805599453,-0.4910429535994188
3.342861804649192,-0.8946488064997151
4.3291531450668135,-0.8521469093701266
5.0125002207057685,-2.224312817599844
0.6931471805599453,-0.04408878326793114
4.00514898341763,-1.1813314037137355
4.373994462976618,-0.8071298071699453
5.015622835607295,-0.178672608846295
0.6931471805599453,-0.36432548071755283
3.3021134234382563,-0.28431702280971993
4.294560608892605,-1.408671504326045
4.949327105367852,-1.3693282732670244
0.6931471805599453,0.24065044889403758
3.299902663510574,-0.6640754255616539
4.31748811353631,-1.2386571564720954
5.275151088516197,-1.2499746917874286
0.6931471805599453,-0.5356170264071229
3.402196881995239,-0.36644795576260436
4.302306791540646,-0.41135487041993685
4.988866735623107,-1.1793695451216606
0.6931471805599453,-0.32057472575326124
3.477849733183238,-1.0741963688282516
4.396052806406973,0.32372122853270513
5.046838639056468,-0.44612560194540307
0.6931471805599453,-0.7949469049285907
3.366260811781259,0.19506131293589113
4.3400320779712045,-0.632169614637306
5.143124477142335,-0.8517667310607012
0.6931471805599453,0.9637517514666749
3.263849190510932,-0.0796383812572119
4.321480134805848,-0.6010907899222566
4.982989993275931,-0.5132334926737259
0.6931471805599453,-0.06862352017921797
3.34109345759245,-0.8840128027772215
4.532276860467767,-0.5971415226831251
5.096874150546495,-0.5194276209015201
0.6931471805599453,-0.4594556839670234
3.23907053215372,0.621214488980396
4.282206299391671,-0.7012824005756542
5.145457519903701,-0.8880007606291143
0.6931471805599453,0.5166216701828328
3.19744787745458,-0.7080027051235951
4.985590952989995,-1.3011171691731342
5.139028508864655,-1.4576040022609829
0.6931471805599453,0.1283193972874867
3.467921013705064,0.020854847210038052
4.301358731606427,-1.3309577182378565
4.978112102390695,-0.5635867838540216
0.6931471805599453,0.6492388432967389
3.228826155721369,0.923647481794097
4.3295484280286765,-0.9087579879928329
5.016816153171337,-0.3379999407134384
0.6931471805599453,0.22843989760124445
3.500741011998417,-0.24155610653749482
4.386267628931136,-0.6188259260677089
4.996941966964253,-0.5236310010045582
0.6931471805599453,-0.16965507970336177
3.2003044392827653,-0.5437295158334337
4.568713648977476,-1.1275042996527578
4.977216384550811,-1.0866657156289485
0.6931471805599453,0.046951723927056765
3.1441522786722644,-0.8611845584569122
4.312676556539088,-1.546848646089161
4.967101292072528,-1.480924549891668
0.6931471805599453,-0.27941371764479894
3.170945291110651,-0.9111587188108478
4.28096243218686,-0.616575211698295
4.991520430236574,-1.2092687521003491
0.6931471805599453,-0.4258901293104422
3.139399623366404,-0.7022778927134884
4.265773677849632,-0.4595660237409055
4.95547488291898,-0.51123538883772
0.6931471805599453,-1.0486449967487543
3.177220149599368,-0.555746756864528
4.3465289823207245,-1.7642785506134908
5.017213609456379,-1.386151784885951
0.6931471805599453,0.7160272279831394
3.424588334452731,-1.1036862722945981
4.379022125653583,-0.987009704753631
5.009234313180627,-1.256608241724356
0.6931471805599453,-0.13937182296153716
3.238286218388024,-0.6875420754510496
4.279301532151069,-1.921207584030535
4.974386161421135,-0.883745378393716
0.6931471805599453,-0.33685760260559416
3.2335673736111907,-1.2216987138664186
4.27430221608671,0.07107215008500989
4.98257869631373,-0.6929036343571702
0.6931471805599453,-0.2079882758557015
3.2872818575322613,-0.636993023274866
4.380024632003209,0.17479941365656804
4.992403432501452,-1.4306819138290652
0.6931471805599453,0.2090780082915003
3.392829131991639,0.41838739513544554
4.376637137389444,-0.9795020517870187
4.973348709310239,0.3236280505570379
0.6931471805599453,-1.0349769574540915
3.4701013603093664,-0.022237294467097768
4.335197047317084,-0.6417763385542772
4.995860008514102,-0.672316533620234
0.6931471805599453,-0.9705411835584372
3.405189402931693,-0.6715955530596402
4.333492687678026,-1.6573705988973768
5.018735730130124,-0.9215642095720812
0.6931471805599453,-0.5601804108774671
3.40552135314221,0.5625049341970637
4.334279676176148,-1.1162797020520723
5.019991389020281,-1.4106740253829961
0.6931471805599453,1.1189664741122338
3.3414473772563813,-1.5840519109574438
4.397407736712184,-1.733781442298815
5.015423810828053,-1.13856757973677
0.6931471805599453,0.5346076439586567
3.1612467120315646,-0.9081757541509025
4.298916727950875,-0.5108895738769027
4.9889348671169165,-1.943911170677016
0.6931471805599453,-0.0369496613113634
3.1684242813721024,-0.2813461526401986
4.255045172913092,-1.1172775607426335
4.991792206294776,-0.22513765200189229
0.6931471805599453,0.1853495972637899
3.162940192537897,-1.169636372169394
4.205885936955008,-0.8313908865016368
4.998090266593961,0.02271292607961961
0.6931471805599453,-0.7734560534526129
3.30395199722332,-1.6531675535939745
4.282896668766692,-1.2691214427930522
4.990092392864926,-1.308798989661025
0.6931471805599453,-0.5647012488664923
3.3537563070620187,-1.1217472438790075
4.247923650150401,-0.35160432848223455
5.031221927704644,-1.1608541301571764
0.6931471805599453,-0.43880234683252134
3.2445435716167785,-1.342906140487698
4.279024447084182,-0.3304954741436428
5.016418538851983,-1.3527265424802644
0.6931471805599453,-1.049900373151062
3.131136910560194,-0.42085384641043777
4.405254760793088,-1.4589256877622563
4.985727658390071,-0.43116994389446284
0.6931471805599453,-0.2706811430044862
3.241419789303096,0.5397943329800399
4.297965447047447,-1.379910125485099
5.009634793762673,-0.9549013652999705
0.6931471805599453,0.2622912596362656
3.2809112157876537,-0.9625510400141397
5.119967910506483,-1.66816266893221
5.123189870334323,-1.81261981318743
0.6931471805599453,-0.2682204045127823
3.2492110246642736,-0.7555356566724869
4.390242789445222,-0.3112416214011332
4.998090266593961,-1.1011161646493677
0.6931471805599453,-0.46965274554619185
3.2831643147505627,-0.1677224790572424
4.270536258640519,-1.4420559117321978
5.009768251656904,-1.5927362069445468
0.6931471805599453,0.24841462124647057
3.206398303357088,-1.9774010749713886
4.270955399408094,-0.5322914727185523
4.9940993254561565,-2.004413466088957
0.6931471805599453,-0.886989602512906
3.521938999358284,-0.9992934135387175
4.402319337941644,-0.008722070279252203
5.02256386496153,-1.4268428636892332
0.6931471805599453,-0.6680403395610515
3.073156170518794,-0.6772764710295734
4.131640346965797,0.22342938746378305
4.952229043207861,-0.045131635328149455
0.6931471805599453,-0.010966095780558599
3.5562048372093957,0.34911756564553087
4.438406968109989,-0.9586546731942553
5.023024891742178,-0.4055859176809702
0.6931471805599453,0.040255112300565665
3.3908102887756684,-0.3701554379854963
4.4388794462666645,-0.6314250764284977
5.048316361063944,0.6395937212136824
0.6931471805599453,-0.23716324541301764
3.326832966373293,-0.007908175181346677
4.37260741275739,0.7498695464800863
4.9889348671169165,-1.0169853541268072
0.6931471805599453,0.1527695859590255
3.440738556282688,-1.3859663490117673
4.320018243389936,-1.8304693271852222
4.951522029603749,-0.9039397575262649
0.6931471805599453,-0.4977339776916465
3.224857896545748,-0.4224311947196144
4.323602714536165,-1.3031152801077783
4.9608145991123,-0.11143029024038298
0.6931471805599453,-0.13379830970489628
3.282038399825841,-1.0119705611563727
4.293195420967266,-0.11659506359429395
4.984085958862719,-1.7880810105759668
0.6931471805599453,0.2451310195853556
3.420019135902743,-0.457590167755579
4.526884267589547,-1.286086311545401
4.9880487954234605,-1.0290931616108407
0.6931471805599453,1.0473968646354297
3.191710156795432,-1.383258185541119
4.303253953508486,-1.6494937051983989
4.932601677957155,-0.1316685842355163
0.6931471805599453,0.2506401488231891
3.3134584673541485,-1.061279021827232
4.336767728268267,-1.4340230716244178
5.001594549444107,-1.1780452467304492
0.6931471805599453,-0.4902633001255566
3.3762213955919784,-0.602876228320414
4.325191697921343,-1.1565582726517123
4.989888220951467,-1.2535355525392378
0.6931471805599453,0.11402207905977157
3.170525563927154,-0.5501082558305485
4.294014757350668,-0.7518918775597802
4.940999358745194,-1.1983202296195468
0.6931471805599453,-1.1660490452675896
3.382014562245381,-1.7625958078033743
4.546056921495585,-0.6984977334176726
4.970785049496295,-1.1550471679374477
0.6931471805599453,-0.8850158673226505
3.5248888540047054,-1.103167782296725
4.289500076996142,-1.596077903678224
5.020321563685677,-1.6458686940650324
0.6931471805599453,-0.36734566440695204
3.508855256368665,-1.5250902408977531
4.2844138058068815,-0.007905428787266633
4.975698724215359,-1.408887239863028
0.6931471805599453,0.631005202628869
4.063541653067055,-1.7121561322836705
4.396422514957614,-0.29914449104738516
4.980244812772187,-1.8264232931593902
0.6931471805599453,-0.9156360060889062
3.4065165431397557,-0.7325714467751169
4.298645025734831,-0.9095329659139354
5.131849473677249,-0.11714092132631415
0.6931471805599453,0.32878689198460814
3.298795448044074,-1.0656830141860323
4.3212144952771245,0.24404555732796185
4.986205980173081,-1.6415173177585298
0.6931471805599453,-0.13906004989361984
3.823410347071543,-0.7374049229729991
4.394202210604015,-0.9192333604852082
5.033505108187003,-1.2909907489324433
0.6931471805599453,-0.9029492298644577
3.119276459645446,0.3092247644584605
4.28317268312119,-0.19834636410552198
4.975698724215359,-1.132135928306354
0.6931471805599453,0.989789153172471
3.2068032436339315,-1.2611280354072893
4.291554731509806,-1.3007111418221888
4.974386161421135,-1.4943303984684482
0.6931471805599453,0.5292408543204603
4.288402532641213,-1.437172279436297
4.3021714094244174,-1.19657495439726
5.0362380614757605,-0.04418676667101973
0.6931471805599453,0.6789759939086923
3.3894621254437345,-1.7026258882366663
4.603568904621118,-1.4709642996085073
5.510359524791073,-1.3602406658846737
0.6931471805599453,-0.43632502497521364
3.3054204262683866,-0.3503473963143635
4.280547465724028,1.1183645708950478
4.97348709846075,-1.0536769753291062
0.6931471805599453,0.44499208315397815
3.4898185733156835,-0.8192402733001527
4.340423084818807,-1.2559067472849341
4.961725122726247,-1.5631882456188133
0.6931471805599453,-0.03620434745543338
3.3988613218646075,-0.5006074451185674
4.292785500895938,-0.7889833687785954
4.9905686319459415,-0.7521122280364358
0.6931471805599453,-0.950707930728973
3.2816628129669656,-0.9719774969321385
4.188745237643585,-1.1286827700624524
5.012832877639743,-0.8514640858799405
0.6931471805599453,-0.3267443882241242
3.884857337355376,-0.8502736905880092
4.5286130632659365,-0.7816554543309129
5.0515852804252095,0.5685725871098614
0.6931471805599453,0.3269501140266349
3.2449333591874905,-0.35603620310679435
4.2936051730729785,0.974769330627199
5.027295734989363,-1.2473346409582713
0.6931471805599453,0.8665661886163605
3.231594597275976,0.46718731769257915
4.304740540713808,-0.6341920354730363
5.003543540282499,-0.89259763956958
0.6931471805599453,0.10718788999102186
3.1970391302590264,-0.13922821789827622
4.354783898280007,-1.026130285190602
4.978249833952101,0.8931869413452287
0.6931471805599453,0.0703611443779561
3.215269329274089,-1.0812550740656603
4.408546844483277,-1.3610489142267603
4.9924713234685845,-0.2243908970655285
0.6931471805599453,1.1560864661272352
3.336481066942464,-1.491514915870301
4.721885985684052,-0.8414483558824717
5.134974568351863,-1.313356007196845
0.6931471805599453,-0.5742917022789504
3.2476576262936527,1.1146673577285071
4.547435135336853,-0.8648835333647491
5.008566488927144,-1.136046577364921
0.6931471805599453,-0.5870042526821172
2.8992213731731478,-0.7659632584565629
4.199154926574446,-0.8493022333476887
4.997144703913756,-1.3019811629611566
0.6931471805599453,0.7991433646505064
3.4892082589848687,-0.6897727496710525
4.406475315076191,-1.2924263623207024
5.038704314023848,-1.4614098537300166
0.6931471805599453,-1.000169266729667
3.5177945292459696,-0.7581521378262892
4.372985890021733,-1.2630009280538022
5.009968405108552,0.16665978557986505
0.6931471805599453,0.049621984360739446
2.884800712846709,-1.4993408413460902
4.3017651530710745,-1.818774706063146
4.926021041706347,-1.4496568471443398
0.6931471805599453,-0.2717200865876438
3.1880041612011136,-0.5358365275384953
4.32386772050035,-1.2727549516713212
5.012034315009963,-1.2221387556119891
0.6931471805599453,-1.0835453897298417
3.544142657647253,-0.38322402201402256
4.283034685466931,0.3825449003266066
5.002871903478422,-1.3645166185673543
0.6931471805599453,-0.47202019402713186
3.249598997511041,0.23487024626903508
4.315218874092267,-0.9500965715382751
4.984017496191964,-0.40630316949888046
0.6931471805599453,0.443239917392753
3.1763857732472487,-0.4004035295425856
4.208863015664693,-0.12051651785399209
4.973141089668675,-1.5237468770176759
0.6931471805599453,-0.31386146688440814
3.446807892914208,0.04901357480383828
4.391729410135267,-2.066766127115131
5.029980300360032,-1.5522371607420065
0.6931471805599453,-0.9521185569473618
3.2530839961979376,-1.106272073889289
4.561009290202322,-0.22533182524397544
4.976112860057833,-1.4114655863366496
0.6931471805599453,0.7107682414696468
3.587953535523976,-1.2763236506587374
4.425445255041403,-1.9887366515649796
4.994234872728475,-1.4759023528565236
0.6931471805599453,-0.3928453507610906
3.82187945557518,-0.12603361940766755
4.540311613639595,-1.1958415862417602
5.011834574671738,-1.019291599574051
0.6931471805599453,-0.7394948697339789
3.1346242724206097,-0.4328201897421049
4.262539022051294,-0.4927115104602291
4.956460659649984,-1.1789539101864024
0.6931471805599453,0.6314416097789186
3.654546775033431,-1.6050094296093336
4.430697744137536,0.5562425316843207
5.057582491203423,-1.81026217814681
0.6931471805599453,0.016722893929823235
3.5058576522055884,0.6972975248959307
4.676653287609955,-0.14636124908504256
5.238726585134399,-0.6082667549604563
0.6931471805599453,-0.4903434966049368
3.192531849528599,-0.4193306052590338
4.314684186203576,-0.9160333809720788
5.111566012674697,-1.3021066294603227
0.6931471805599453,0.9735171074293707
3.431079756144025,-0.49555047295064425
4.306629370201435,-1.0476231802893015
4.978043229495596,-0.42622161939103453
0.6931471805599453,0.21770995001929022
3.449670035112933,-1.2279793661983551
4.430578675256047,-1.3054545064296903
5.053630924557352,-1.641374262604076
0.6931471805599453,0.01295170567611681
3.2565568918358894,-0.5910735207725489
4.391357962102766,1.125508344955368
4.950318958088201,-0.9388245180183934
0.6931471805599453,-0.40616847306133236
3.228826155721369,-0.8293709920953093
4.417876287567579,-1.0356697811234639
5.011967739330034,0.1091522931956268
0.6931471805599453,-0.9721581855586656
3.463232772581608,-0.2988591496563706
4.393955205539156,-1.4215887412846
5.038704314023848,-1.3525616668601281
0.6931471805599453,-0.7543313978010775
3.548467300397191,0.6727421683779486
4.437224795138644,-1.504264939666557
5.04915063032459,-1.389750614976883
0.6931471805599453,-0.9952387128760269
4.214495163352562,-1.260225035388841
4.21803603456465,-0.5206159637932548
4.949610592258481,-0.3834301783988021
0.6931471805599453,0.8428127164782109
3.41213732170049,-1.1118024981109826
4.30433532695801,-1.4494770904680603
4.998630186968824,-0.5532580580759213
0.6931471805599453,-0.8561995467086858
3.39047341829918,-1.0740103558998377
4.281791848878036,0.5326586499722568
5.5034191393614815,-1.6198754392571106
0.6931471805599453,-0.33490352378215915
3.342861804649192,-0.47686662561818927
4.3291531450668135,-0.41078705998830545
5.0125002207057685,1.0983513767523496
0.6931471805599453,0.6827855611906961
4.00514898341763,-1.2033878983776454
4.373994462976618,-1.5135923626945575
5.015622835607295,-1.8239954682326511
0.6931471805599453,-0.28213581161755846
3.3021134234382563,-0.3865306974801592
4.294560608892605,-1.0336895731427576
4.949327105367852,-0.8339156388784945
0.6931471805599453,-0.7438005120059681
3.299902663510574,-0.5919904057234124
4.31748811353631,-0.9344810116844864
5.275151088516197,-0.2777299734256018
0.6931471805599453,-0.1523362812312305
3.402196881995239,-0.4402826985577379
4.302306791540646,-0.45117403425888003
4.988866735623107,-1.62055165729246
0.6931471805599453,0.23902383674331484
3.477849733183238,-0.8871525579986141
4.396052806406973,-1.4851709887473241
5.046838639056468,-1.7792493320976424
0.6931471805599453,0.7859986156059349
3.366260811781259,-1.1356028060052028
4.3400320779712045,-1.342334457584988
5.143124477142335,-1.7119248453434348
0.6931471805599453,-1.1984931879988
3.263849190510932,-1.4894706939039548
4.321480134805848,-1.6214031500208663
4.982989993275931,-0.9030764731178711
0.6931471805599453,0.9388527830346234
3.34109345759245,-0.942497857219274
4.532276860467767,-1.3141583484919994
5.096874150546495,-1.3178027777468775
0.6931471805599453,-1.050984833432498
3.23907053215372,-1.2252547027732796
4.282206299391671,-1.1928649383343666
5.145457519903701,-1.1827071243728648
0.6931471805599453,-0.5201335692826421
3.19744787745458,-0.985826375480463
4.985590952989995,-1.0797428347357407
5.139028508864655,0.32356141046046116
0.6931471805599453,0.41299730050132816
3.467921013705064,-1.6479729346268415
4.301358731606427,-1.0886578633468476
4.978112102390695,-1.5014861525181413
0.6931471805599453,-1.3835473515273686
3.228826155721369,-1.8212576226931134
4.3295484280286765,-2.1435293973706466
5.016816153171337,-0.702879156105375
0.6931471805599453,0.5679377327771371
3.500741011998417,-1.5068259371590695
4.386267628931136,-1.4917673727227805
4.996941966964253,-1.6565290596724322
0.6931471805599453,0.6320910748691126
3.2003044392827653,-0.9126435671175919
4.568713648977476,-1.25846587537479
4.977216384550811,-0.7547827243747217
0.6931471805599453,0.3246495678581636
3.1441522786722644,-0.03508095981931947
4.312676556539088,-1.3226081098993854
4.967101292072528,0.376919870663746
0.6931471805599453,-0.475176971751641
3.170945291110651,-0.5911979550717184
4.28096243218686,-0.386644960891317
4.991520430236574,-0.9687754302251177
0.6931471805599453,-1.1362977927000188
3.139399623366404,-0.8381072718576362
4.265773677849632,0.46818298904714295
4.95547488291898,-1.8284626558209616
0.6931471805599453,0.6367746991444034
3.177220149599368,0.10562445941840104
4.3465289823207245,-0.14868043609952886
5.017213609456379,-0.1594128778893138
0.6931471805599453,0.013935536555613692
3.424588334452731,-1.2460986542052144
4.379022125653583,-1.0861797198604772
5.009234313180627,-1.229431339603859
0.6931471805599453,-0.1932998970683793
3.238286218388024,-0.1787117384500984
4.279301532151069,-0.22198457592589238
4.974386161421135,-0.7367195311008381
0.6931471805599453,-0.7411843959951707
3.2335673736111907,-0.9593673973918397
4.27430221608671,-1.5327011790807803
4.98257869631373,-0.12484930040524655
0.6931471805599453,-0.38775924996254346
3.2872818575322613,-1.2846833737444734
4.380024632003209,0.17523523319363776
4.992403432501452,-1.7955719899515623
0.6931471805599453,-0.9730915977773926
3.392829131991639,-1.3377374797930952
4.376637137389444,-1.264064897243888
4.973348709310239,-1.9029770192819928
0.6931471805599453,0.7049614145149645
3.4701013603093664,-1.2769841834669435
4.335197047317084,-1.3478917121470735
4.995860008514102,-1.4673647598692205
0.6931471805599453,0.6784482764485678
3.405189402931693,0.6845665155064852
4.333492687678026,-0.7192648903015837
5.018735730130124,-0.7541547403771095
0.6931471805599453,-0.7344251875497783
3.40552135314221,-1.0205077385075174
4.334279676176148,-1.5784479054976708
5.019991389020281,0.30058974786617754
0.6931471805599453,-0.8152843685600775
3.3414473772563813,-0.17940963414930217
4.397407736712184,-0.2101150982381773
5.015423810828053,-1.093498418019132
0.6931471805599453,0.7444268059277126
3.1612467120315646,-0.249388581597405
4.298916727950875,-1.4208963872033578
4.9889348671169165,-1.0973759405622325
0.6931471805599453,-0.8182830039836746
3.1684242813721024,-0.5804923475502717
4.255045172913092,-0.9084527840263754
4.991792206294776,-1.673667253997873
0.6931471805599453,0.09395615923284589
3.162940192537897,-1.6464933292800774
4.205885936955008,-0.014774560362961209
4.998090266593961,-1.9268532959647962
0.6931471805599453,1.0228409392337083
3.30395199722332,-0.3966375101303591
4.282896668766692,0.5052205494213362
4.990092392864926,-0.7274828051956899
0.6931471805599453,-0.18727676885948738
3.3537563070620187,0.01850481419602401
4.247923650150401,-0.2870859064774135
5.031221927704644,-0.9186440445634956
0.6931471805599453,-0.7663100795048325
3.2445435716167785,0.6069471502789823
4.279024447084182,-0.6992012296883344
5.016418538851983,-0.973821333744323
